date,mode,pre_nav,post_nav,period_return_pct,cum_return_pct,n_stocks,cash_pct,turnover_pct,cost_inr,n_buys,n_sells,stocks_added,stocks_removed,top5_holdings,rl_overweight,rl_underweight,aggressiveness,emergency,tilt_FinancialServices,tilt_ConsumerDiscretionary,tilt_Automobiles,tilt_Telecom,tilt_FMCG,tilt_Metals,tilt_Healthcare,tilt_IT,tilt_RealEstate,tilt_Pharma,tilt_Energy,tilt_Banking,tilt_Cement,tilt_CapitalGoods,tilt_Chemicals
2015-01-01,RL,500000.0,499299.5,-0.14,-0.14,5,60.0,40.06,500.5,5,0,"ITC.NS,MARUTI.NS,SUNPHARMA.NS,TATASTEEL.NS,ULTRACEMCO.NS",,ITC.NS:8.0%|MARUTI.NS:8.0%|ULTRACEMCO.NS:8.0%|SUNPHARMA.NS:8.0%|TATASTEEL.NS:8.0%,FinancialServicesĂ—1.3|BankingĂ—1.2|FMCGĂ—1.2,MetalsĂ—0.8|EnergyĂ—0.8,1.0,False,1.321,0.975,1.201,0.988,1.207,0.776,0.929,0.993,0.917,1.084,0.82,1.22,1.187,1.039,0.973
2015-01-29,RL,514673.3,514045.68,-0.122,2.809,5,60.0,18.33,448.29,3,4,"BHARTIARTL.NS,HDFCBANK.NS","ITC.NS,MARUTI.NS",HDFCBANK.NS:8.0%|SUNPHARMA.NS:8.0%|BHARTIARTL.NS:8.0%|ULTRACEMCO.NS:8.0%|TATASTEEL.NS:8.0%,AutomobilesĂ—1.4|BankingĂ—1.3|FinancialServicesĂ—1.3,EnergyĂ—0.8|HealthcareĂ—0.9|MetalsĂ—0.9,1.0,False,1.257,1.083,1.358,0.948,1.204,0.864,0.856,1.1,0.883,0.994,0.798,1.303,0.922,1.022,1.144
2015-02-26,RL,514045.68,499379.1,-2.853,-0.124,5,60.0,1.71,21.35,5,0,,,ULTRACEMCO.NS:8.0%|SUNPHARMA.NS:8.0%|HDFCBANK.NS:8.0%|BHARTIARTL.NS:8.0%|TATASTEEL.NS:8.0%,FMCGĂ—1.3|CapitalGoodsĂ—1.2|FinancialServicesĂ—1.2,MetalsĂ—0.8|ConsumerDiscretionaryĂ—0.9,1.0,False,1.174,0.883,1.118,0.929,1.275,0.835,0.959,1.038,0.977,1.031,0.916,0.987,1.071,1.196,1.124
2015-03-26,RL,505543.98,505188.14,-0.07,1.038,5,60.0,10.42,254.17,4,2,RELIANCE.NS,SUNPHARMA.NS,RELIANCE.NS:8.0%|ULTRACEMCO.NS:8.0%|BHARTIARTL.NS:8.0%|HDFCBANK.NS:8.0%|TATASTEEL.NS:8.0%,FMCGĂ—1.2|CapitalGoodsĂ—1.2|PharmaĂ—1.1,,1.0,False,0.961,1.112,0.998,0.93,1.242,0.923,0.968,0.999,0.94,1.132,1.032,0.928,0.97,1.207,1.04
2015-04-23,RL,513724.46,513399.77,-0.063,2.68,5,60.0,9.54,231.92,4,2,TCS.NS,RELIANCE.NS,BHARTIARTL.NS:8.0%|HDFCBANK.NS:8.0%|ULTRACEMCO.NS:8.0%|TATASTEEL.NS:8.0%|TCS.NS:8.0%,ChemicalsĂ—1.3|ConsumerDiscretionaryĂ—1.2|FMCGĂ—1.2,HealthcareĂ—0.8|FinancialServicesĂ—0.9,1.0,False,0.85,1.221,1.165,1.008,1.178,0.948,0.844,0.946,0.925,1.113,1.0,1.008,0.957,1.068,1.299
2015-05-21,RL,517187.85,516862.32,-0.063,3.372,5,60.0,9.21,232.52,3,3,INFY.NS,ULTRACEMCO.NS,BHARTIARTL.NS:8.0%|TCS.NS:8.0%|INFY.NS:8.0%|TATASTEEL.NS:8.0%|HDFCBANK.NS:8.0%,TelecomĂ—1.3,HealthcareĂ—0.8,1.0,False,1.027,1.041,1.042,1.27,1.04,1.006,0.797,1.012,1.093,1.03,1.013,0.964,1.016,1.017,0.936
2015-06-18,RL,516862.32,514493.75,-0.458,2.899,5,60.0,8.89,225.6,3,3,ULTRACEMCO.NS,INFY.NS,TATASTEEL.NS:8.0%|ULTRACEMCO.NS:8.0%|TCS.NS:8.0%|BHARTIARTL.NS:8.0%|HDFCBANK.NS:8.0%,MetalsĂ—1.3|AutomobilesĂ—1.2|FinancialServicesĂ—1.2,HealthcareĂ—0.8,1.0,False,1.165,0.985,1.2,0.919,1.081,1.336,0.806,1.021,1.017,0.937,1.101,0.908,1.058,1.079,0.916
2015-07-16,RL,521097.73,520759.25,-0.065,4.152,5,60.0,9.67,241.77,4,2,INFY.NS,ULTRACEMCO.NS,TATASTEEL.NS:8.0%|HDFCBANK.NS:8.0%|INFY.NS:8.0%|TCS.NS:8.0%|BHARTIARTL.NS:8.0%,PharmaĂ—1.2|MetalsĂ—1.2|FMCGĂ—1.1,HealthcareĂ—0.7|TelecomĂ—0.8,1.0,False,1.071,1.024,1.119,0.849,1.142,1.169,0.739,1.116,0.949,1.192,1.028,1.132,0.959,1.091,0.962
2015-08-13,RL,520759.25,517819.06,-0.565,3.564,5,60.0,17.83,458.0,4,3,"MARUTI.NS,RELIANCE.NS","HDFCBANK.NS,TCS.NS",MARUTI.NS:8.0%|TATASTEEL.NS:8.0%|INFY.NS:8.0%|RELIANCE.NS:8.0%|BHARTIARTL.NS:8.0%,PharmaĂ—1.2|AutomobilesĂ—1.2|FMCGĂ—1.2,HealthcareĂ—0.8|CementĂ—0.8|TelecomĂ—0.9,1.0,False,1.043,0.972,1.201,0.881,1.157,1.156,0.818,1.142,0.994,1.209,0.94,1.058,0.839,1.154,0.995
2015-09-10,RL,517819.06,507714.92,-1.951,1.543,5,60.0,9.53,227.3,5,1,ITC.NS,TATASTEEL.NS,RELIANCE.NS:8.0%|INFY.NS:8.0%|ITC.NS:8.0%|MARUTI.NS:8.0%|BHARTIARTL.NS:8.0%,MetalsĂ—1.8|EnergyĂ—1.4|CapitalGoodsĂ—1.2,ChemicalsĂ—0.8|HealthcareĂ—0.9|RealEstateĂ—0.9,1.0,False,0.92,0.964,1.039,0.91,1.045,1.779,0.858,1.073,0.888,0.906,1.396,0.928,1.13,1.199,0.797
2015-10-08,RL,513497.55,512909.85,-0.114,2.582,5,60.0,16.67,419.78,2,5,"HDFCBANK.NS,TATASTEEL.NS","BHARTIARTL.NS,MARUTI.NS",TATASTEEL.NS:8.0%|RELIANCE.NS:8.0%|ITC.NS:8.0%|INFY.NS:8.0%|HDFCBANK.NS:8.0%,MetalsĂ—1.6|EnergyĂ—1.3|FMCGĂ—1.2,HealthcareĂ—0.8|ChemicalsĂ—0.8|RealEstateĂ—0.9,1.0,False,0.94,0.969,1.119,0.957,1.173,1.635,0.786,1.172,0.855,1.088,1.311,0.895,1.048,1.008,0.821
2015-11-05,RL,512909.85,511566.31,-0.262,2.313,5,60.0,16.53,421.86,4,3,"MARUTI.NS,SUNPHARMA.NS","ITC.NS,RELIANCE.NS",TATASTEEL.NS:8.0%|MARUTI.NS:8.0%|SUNPHARMA.NS:8.0%|INFY.NS:8.0%|HDFCBANK.NS:8.0%,MetalsĂ—1.7|EnergyĂ—1.3|AutomobilesĂ—1.2,HealthcareĂ—0.8|ChemicalsĂ—0.8|RealEstateĂ—0.9,1.0,False,0.896,1.084,1.169,0.92,1.102,1.673,0.8,1.0,0.857,1.013,1.349,0.962,1.104,1.016,0.81
2015-12-03,RL,511566.31,507882.91,-0.72,1.577,5,60.0,8.83,219.58,2,4,ULTRACEMCO.NS,INFY.NS,SUNPHARMA.NS:8.0%|HDFCBANK.NS:8.0%|ULTRACEMCO.NS:8.0%|MARUTI.NS:8.0%|TATASTEEL.NS:8.0%,ChemicalsĂ—1.6|CapitalGoodsĂ—1.4|ITĂ—1.2,MetalsĂ—0.7|RealEstateĂ—0.8,1.0,False,1.127,0.985,1.056,0.916,0.909,0.659,0.963,1.195,0.815,1.152,0.901,1.115,1.057,1.368,1.635
2015-12-31,RL,515463.57,515428.28,-0.007,3.086,5,60.0,1.43,25.2,3,2,,,HDFCBANK.NS:8.0%|SUNPHARMA.NS:8.0%|MARUTI.NS:8.0%|ULTRACEMCO.NS:8.0%|TATASTEEL.NS:8.0%,BankingĂ—1.5|CapitalGoodsĂ—1.3|ChemicalsĂ—1.3,MetalsĂ—0.6|EnergyĂ—0.8|TelecomĂ—0.9,1.0,False,1.129,0.956,0.986,0.871,0.964,0.648,1.253,1.149,0.954,1.112,0.842,1.451,0.975,1.259,1.257
2016-01-28,RL,515428.28,507359.45,-1.565,1.472,14,24.04,41.05,573.23,12,2,"BAJFINANCE.NS,BIOCON.NS,HAVELLS.NS,JSWSTEEL.NS,MARICO.NS,NAVINFLUOR.NS,PETRONET.NS,RAMCOCEM.NS,TVSMOTOR.NS",,TATASTEEL.NS:8.0%|MARUTI.NS:8.0%|HDFCBANK.NS:8.0%|ULTRACEMCO.NS:6.5%|SUNPHARMA.NS:5.6%,ChemicalsĂ—1.3|ITĂ—1.2|FMCGĂ—1.1,CapitalGoodsĂ—0.9|BankingĂ—0.9,1.0,False,1.09,0.929,0.955,0.911,1.146,0.96,0.997,1.203,1.136,1.114,0.923,0.899,1.123,0.893,1.255
2016-02-25,RL,507359.45,487221.13,-3.969,-2.556,17,0.0,36.14,577.83,13,6,"APOLLOHOSP.NS,EICHERMOT.NS,INFY.NS,PIDILITIND.NS,POWERGRID.NS","MARUTI.NS,NAVINFLUOR.NS",JSWSTEEL.NS:8.0%|SUNPHARMA.NS:8.0%|EICHERMOT.NS:8.0%|PIDILITIND.NS:8.0%|TATASTEEL.NS:8.0%,FinancialServicesĂ—1.4|MetalsĂ—1.4|AutomobilesĂ—1.3,TelecomĂ—0.9|HealthcareĂ—0.9|CapitalGoodsĂ—0.9,1.0,False,1.369,0.957,1.262,0.856,1.045,1.36,0.871,0.973,0.937,1.051,0.979,0.92,1.076,0.896,1.06
2016-03-28,RL,521192.89,520391.13,-0.154,4.078,15,0.0,21.99,572.69,8,11,"ASHOKLEY.NS,NMDC.NS","APOLLOHOSP.NS,BIOCON.NS,HAVELLS.NS,HDFCBANK.NS",NMDC.NS:8.0%|BAJFINANCE.NS:8.0%|ASHOKLEY.NS:8.0%|TATASTEEL.NS:8.0%|SUNPHARMA.NS:8.0%,ChemicalsĂ—1.5|FinancialServicesĂ—1.4|HealthcareĂ—1.3,BankingĂ—0.8,1.0,False,1.373,0.938,1.281,0.943,0.95,1.0,1.335,0.929,0.931,0.976,1.021,0.78,0.901,0.91,1.474
2016-04-21,RL,555651.07,554744.35,-0.163,10.949,16,0.0,23.33,647.66,10,9,"AIAENG.NS,BALAMINES.NS,CHOLAFIN.NS,HEROMOTOCO.NS","PETRONET.NS,POWERGRID.NS,SUNPHARMA.NS",TATASTEEL.NS:8.0%|JSWSTEEL.NS:8.0%|CHOLAFIN.NS:8.0%|BALAMINES.NS:8.0%|BAJFINANCE.NS:8.0%,ChemicalsĂ—1.5|FinancialServicesĂ—1.4|HealthcareĂ—1.3,TelecomĂ—0.8|RealEstateĂ—0.8|CementĂ—0.9,1.2,False,1.414,0.982,1.244,0.82,0.967,1.017,1.274,0.938,0.849,1.11,1.136,0.871,0.855,0.891,1.462
2016-05-19,RL,554744.35,551251.37,-0.63,10.25,16,0.0,23.85,657.76,11,9,"HAVELLS.NS,NAVINFLUOR.NS,VOLTAS.NS,WHIRLPOOL.NS","EICHERMOT.NS,MARICO.NS,PIDILITIND.NS,TVSMOTOR.NS",TATASTEEL.NS:8.0%|JSWSTEEL.NS:8.0%|BAJFINANCE.NS:8.0%|VOLTAS.NS:8.0%|NMDC.NS:8.0%,ConsumerDiscretionaryĂ—1.4|ChemicalsĂ—1.4|CapitalGoodsĂ—1.3,RealEstateĂ—0.8|TelecomĂ—0.8|MetalsĂ—0.9,1.2,False,1.244,1.441,0.966,0.842,0.946,0.876,1.058,1.021,0.794,0.929,0.992,0.988,0.968,1.258,1.375
2016-06-16,RL,569827.71,568389.29,-0.252,13.678,16,0.0,36.11,1027.44,12,9,"BIOCON.NS,BPCL.NS,LT.NS,MUTHOOTFIN.NS,NESTLEIND.NS","ASHOKLEY.NS,INFY.NS,NMDC.NS,TATASTEEL.NS,ULTRACEMCO.NS",JSWSTEEL.NS:8.0%|BAJFINANCE.NS:8.0%|MUTHOOTFIN.NS:8.0%|BIOCON.NS:8.0%|AIAENG.NS:8.0%,AutomobilesĂ—1.3|CapitalGoodsĂ—1.3|EnergyĂ—1.2,CementĂ—0.9|MetalsĂ—0.9|PharmaĂ—0.9,1.2,False,1.129,1.138,1.323,1.14,1.106,0.878,0.931,0.949,0.913,0.88,1.164,0.946,0.872,1.259,1.002
2016-07-14,RL,597326.61,596603.3,-0.121,19.321,18,0.0,17.3,516.65,10,10,"BAJAJFINSV.NS,FEDERALBNK.NS,HINDALCO.NS,VEDL.NS","AIAENG.NS,HAVELLS.NS",JSWSTEEL.NS:8.0%|BAJFINANCE.NS:8.0%|VEDL.NS:8.0%|NAVINFLUOR.NS:8.0%|CHOLAFIN.NS:8.0%,CapitalGoodsĂ—1.4|AutomobilesĂ—1.2|EnergyĂ—1.2,PharmaĂ—0.8|MetalsĂ—0.9,1.2,False,1.109,0.99,1.209,1.158,0.997,0.898,0.906,1.051,0.982,0.831,1.176,0.927,0.903,1.426,1.0
2016-08-11,RL,655337.87,654514.26,-0.126,30.903,18,0.0,17.97,588.29,13,7,"DEEPAKNTR.NS,PIIND.NS","NAVINFLUOR.NS,VOLTAS.NS",JSWSTEEL.NS:8.0%|BAJFINANCE.NS:8.0%|BAJAJFINSV.NS:8.0%|DEEPAKNTR.NS:8.0%|BALAMINES.NS:8.0%,TelecomĂ—1.5|ChemicalsĂ—1.3|FinancialServicesĂ—1.2,MetalsĂ—0.8,1.0,False,1.217,0.933,0.986,1.465,1.156,0.815,0.965,0.999,1.024,0.936,0.964,0.911,0.94,0.994,1.254
2016-09-08,RL,711900.01,710794.36,-0.155,42.159,19,0.0,22.2,789.74,12,11,"BALKRISIND.NS,BHEL.NS,IOC.NS,PHOENIXLTD.NS,SRF.NS","BALAMINES.NS,LT.NS,NESTLEIND.NS,RAMCOCEM.NS",JSWSTEEL.NS:8.1%|BAJFINANCE.NS:8.0%|SRF.NS:8.0%|PHOENIXLTD.NS:8.0%|CHOLAFIN.NS:8.0%,ChemicalsĂ—1.3|FinancialServicesĂ—1.2|FMCGĂ—1.2,MetalsĂ—0.8,1.2,False,1.217,0.965,0.93,1.019,1.186,0.836,1.175,1.177,1.023,0.977,0.916,0.902,0.907,1.074,1.261
2016-10-06,RL,716913.17,716015.54,-0.125,43.203,17,15.03,25.35,641.08,7,13,MARUTI.NS,"BHEL.NS,MUTHOOTFIN.NS,PIIND.NS",JSWSTEEL.NS:8.1%|BALKRISIND.NS:8.0%|BIOCON.NS:8.0%|BAJAJFINSV.NS:8.0%|DEEPAKNTR.NS:8.0%,FMCGĂ—1.3|ChemicalsĂ—1.2|ITĂ—1.1,BankingĂ—0.9,0.5,False,0.982,0.949,0.949,1.101,1.28,0.924,0.938,1.119,1.094,0.95,0.986,0.895,0.999,1.026,1.236
2016-11-03,RL,716015.54,690096.15,-3.62,38.019,20,0.0,42.24,1191.95,14,11,"BHEL.NS,COFORGE.NS,GLENMARK.NS,GODREJPROP.NS,INFY.NS,TATAELXSI.NS,TORNTPHARM.NS,WIPRO.NS","BAJFINANCE.NS,BIOCON.NS,CHOLAFIN.NS,HEROMOTOCO.NS,HINDALCO.NS",JSWSTEEL.NS:8.1%|BALKRISIND.NS:8.0%|TATAELXSI.NS:8.0%|WIPRO.NS:8.0%|DEEPAKNTR.NS:8.0%,ChemicalsĂ—1.3|EnergyĂ—1.3|CementĂ—1.1,TelecomĂ—0.8|FinancialServicesĂ—0.9,1.2,False,0.868,1.005,1.005,0.815,0.998,0.924,0.991,0.957,1.106,0.978,1.264,1.025,1.129,1.073,1.331
2016-12-01,RL,690096.15,682776.0,-1.061,36.555,20,15.1,28.79,727.93,13,11,"ACC.NS,AIAENG.NS,AMBUJACEM.NS,GRASIM.NS","BAJAJFINSV.NS,COFORGE.NS,MARUTI.NS,VEDL.NS",JSWSTEEL.NS:8.2%|DEEPAKNTR.NS:8.0%|SRF.NS:8.0%|WIPRO.NS:8.0%|BALKRISIND.NS:6.9%,FinancialServicesĂ—1.6|ChemicalsĂ—1.5|MetalsĂ—1.4,ConsumerDiscretionaryĂ—0.8|FMCGĂ—0.8|RealEstateĂ—0.8,0.5,False,1.617,0.792,0.917,1.022,0.817,1.437,0.854,1.053,0.835,1.008,1.04,1.015,0.937,1.009,1.492
2016-12-29,RL,682776.0,667988.04,-2.166,33.598,23,0.0,29.68,736.7,15,11,"ABB.NS,BALAMINES.NS,DLF.NS,HAVELLS.NS,SHREECEM.NS,ULTRACEMCO.NS","AMBUJACEM.NS,BALKRISIND.NS,TORNTPHARM.NS",JSWSTEEL.NS:8.1%|DEEPAKNTR.NS:8.0%|SRF.NS:8.0%|WIPRO.NS:8.0%|BALAMINES.NS:8.0%,FinancialServicesĂ—1.7|MetalsĂ—1.6|ChemicalsĂ—1.5,ConsumerDiscretionaryĂ—0.7|CementĂ—0.8|FMCGĂ—0.9,1.0,False,1.651,0.738,0.884,0.972,0.868,1.573,1.078,1.035,0.957,0.951,1.064,0.965,0.785,0.906,1.547
2017-01-27,RL,744485.22,743294.29,-0.16,48.659,25,0.0,22.88,850.66,16,11,"M&M.NS,ONGC.NS,PERSISTENT.NS,RAMCOCEM.NS","BALAMINES.NS,DEEPAKNTR.NS",SRF.NS:8.0%|WIPRO.NS:8.0%|INFY.NS:8.0%|M&M.NS:8.0%|ABB.NS:7.9%,FinancialServicesĂ—1.6|ChemicalsĂ—1.5|MetalsĂ—1.4,PharmaĂ—0.6|RealEstateĂ—0.8|TelecomĂ—0.9,1.2,False,1.573,0.974,0.983,0.89,0.984,1.443,0.957,1.03,0.842,0.642,1.094,1.06,0.919,0.962,1.493
2017-02-23,RL,765923.25,763718.31,-0.288,52.744,21,0.0,41.17,1574.96,12,18,"AARTIIND.NS,ALKEM.NS,AMBUJACEM.NS,BIOCON.NS,ITC.NS","ABB.NS,BHEL.NS,DLF.NS,GLENMARK.NS,GRASIM.NS,HAVELLS.NS,ONGC.NS,TATAELXSI.NS,WIPRO.NS",SRF.NS:8.1%|BIOCON.NS:8.0%|ULTRACEMCO.NS:8.0%|RAMCOCEM.NS:8.0%|SHREECEM.NS:8.0%,MetalsĂ—1.7|FinancialServicesĂ—1.4|ChemicalsĂ—1.1,HealthcareĂ—0.9|CementĂ—0.9|PharmaĂ—0.9,1.2,False,1.45,0.919,0.984,0.935,0.993,1.656,0.853,1.113,0.982,0.866,1.077,0.984,0.858,0.919,1.117
2017-03-23,RL,773360.29,772148.47,-0.157,54.43,18,0.0,22.4,865.59,10,13,"GODREJCP.NS,ZYDUSLIFE.NS","AIAENG.NS,AMBUJACEM.NS,GODREJPROP.NS,INFY.NS,ITC.NS",SRF.NS:8.0%|SHREECEM.NS:8.0%|ULTRACEMCO.NS:8.0%|RAMCOCEM.NS:8.0%|ALKEM.NS:8.0%,ChemicalsĂ—1.3|EnergyĂ—1.3|ITĂ—1.1,PharmaĂ—0.9|CementĂ—0.9,1.2,False,1.143,0.976,1.08,0.914,1.058,0.929,0.933,1.149,1.045,0.873,1.257,0.975,0.89,1.019,1.27
2017-04-20,RL,794919.79,793436.99,-0.187,58.687,18,0.0,26.68,1059.14,11,10,"HAVELLS.NS,PETRONET.NS,POWERGRID.NS","ACC.NS,GODREJCP.NS,PHOENIXLTD.NS",SRF.NS:8.1%|PETRONET.NS:8.0%|WHIRLPOOL.NS:8.0%|FEDERALBNK.NS:8.0%|SHREECEM.NS:8.0%,ChemicalsĂ—1.4|EnergyĂ—1.2|MetalsĂ—1.2,CementĂ—0.9,1.2,False,1.16,0.936,0.975,1.0,1.102,1.181,0.903,0.927,0.996,0.936,1.217,0.95,0.856,0.988,1.407
2017-05-18,RL,812284.28,811304.04,-0.121,62.261,19,0.0,17.24,700.17,10,12,"AIAENG.NS,ALKYLAMINE.NS,BALKRISIND.NS,ONGC.NS","AARTIIND.NS,HAVELLS.NS,ULTRACEMCO.NS",SRF.NS:8.1%|SHREECEM.NS:8.0%|RAMCOCEM.NS:8.0%|BALKRISIND.NS:8.0%|FEDERALBNK.NS:8.0%,EnergyĂ—1.5|ChemicalsĂ—1.4|MetalsĂ—1.4,PharmaĂ—0.8|BankingĂ—0.9,1.2,False,1.127,1.017,0.96,0.962,0.957,1.423,0.905,0.989,0.907,0.809,1.513,0.884,0.919,0.952,1.43
2017-06-15,RL,811304.04,809667.17,-0.202,61.933,18,0.0,10.91,441.92,9,11,GAIL.NS,"IOC.NS,M&M.NS",SHREECEM.NS:8.0%|RAMCOCEM.NS:8.0%|ALKYLAMINE.NS:8.0%|FEDERALBNK.NS:8.0%|WHIRLPOOL.NS:8.0%,FinancialServicesĂ—1.4|EnergyĂ—1.3|ChemicalsĂ—1.3,PharmaĂ—0.7,1.2,False,1.408,0.978,0.982,0.948,0.958,0.974,0.966,0.94,1.254,0.666,1.334,0.99,0.96,1.0,1.279
2017-07-13,RL,821654.48,820422.38,-0.15,64.084,17,0.0,21.44,880.07,9,12,"NAVINFLUOR.NS,TECHM.NS,TITAN.NS","AIAENG.NS,ALKYLAMINE.NS,BPCL.NS,GAIL.NS",SHREECEM.NS:8.1%|RAMCOCEM.NS:8.0%|FEDERALBNK.NS:8.0%|TECHM.NS:8.0%|NAVINFLUOR.NS:8.0%,ChemicalsĂ—1.3|FinancialServicesĂ—1.3|MetalsĂ—1.2,HealthcareĂ—0.8|PharmaĂ—0.8,1.0,False,1.269,0.981,0.982,0.988,0.944,1.245,0.769,1.069,1.21,0.838,0.977,0.985,0.999,1.012,1.271
2017-08-10,RL,820422.38,793455.89,-3.287,58.691,17,0.0,17.35,688.61,11,10,"AIAENG.NS,PIIND.NS,TVSMOTOR.NS,ULTRACEMCO.NS","NAVINFLUOR.NS,ONGC.NS,PERSISTENT.NS,TITAN.NS",SHREECEM.NS:8.1%|RAMCOCEM.NS:8.1%|FEDERALBNK.NS:8.0%|WHIRLPOOL.NS:8.0%|PETRONET.NS:8.0%,EnergyĂ—1.4|FinancialServicesĂ—1.3|MetalsĂ—1.2,HealthcareĂ—0.8|PharmaĂ—0.8|ChemicalsĂ—0.9,1.0,False,1.326,0.98,1.218,0.965,1.135,1.246,0.759,1.04,0.94,0.792,1.408,0.971,1.016,1.033,0.881
2017-09-07,RL,845198.02,843462.22,-0.205,68.692,18,0.0,29.36,1239.86,10,11,"CHOLAFIN.NS,GAIL.NS,MGL.NS,MPHASIS.NS","BALKRISIND.NS,PETRONET.NS,TECHM.NS",SHREECEM.NS:8.1%|RAMCOCEM.NS:8.0%|FEDERALBNK.NS:8.0%|WHIRLPOOL.NS:8.0%|GAIL.NS:8.0%,EnergyĂ—1.3|FinancialServicesĂ—1.3|RealEstateĂ—1.3,PharmaĂ—0.8|HealthcareĂ—0.8,1.0,False,1.314,1.01,1.0,0.984,0.93,0.958,0.838,0.992,1.301,0.796,1.329,1.164,0.951,0.98,1.026
2017-10-05,RL,851285.16,848026.05,-0.383,69.605,13,16.16,62.78,2327.84,13,11,"BAJFINANCE.NS,GODREJCP.NS,HDFCBANK.NS,IDFCFIRSTB.NS,ITC.NS,MUTHOOTFIN.NS","ALKEM.NS,BIOCON.NS,GAIL.NS,MPHASIS.NS,PIIND.NS,RAMCOCEM.NS,SHREECEM.NS,SRF.NS,ULTRACEMCO.NS,WHIRLPOOL.NS,ZYDUSLIFE.NS",FEDERALBNK.NS:12.7%|MGL.NS:12.6%|AIAENG.NS:9.0%|POWERGRID.NS:8.4%|CHOLAFIN.NS:7.5%,BankingĂ—2.0|FinancialServicesĂ—2.0|EnergyĂ—2.0,ITĂ—0.3|PharmaĂ—0.3|TelecomĂ—0.3,0.85,False,2.0,0.3,1.486,0.3,1.681,2.0,0.3,0.3,0.3,0.3,2.0,2.0,0.3,1.959,0.3
2017-11-02,RL,889964.47,888907.76,-0.119,77.782,13,24.88,21.8,754.73,5,9,SBIN.NS,CHOLAFIN.NS,POWERGRID.NS:8.4%|AIAENG.NS:8.0%|HDFCBANK.NS:8.0%|FEDERALBNK.NS:8.0%|MGL.NS:8.0%,BankingĂ—2.0|FinancialServicesĂ—2.0|FMCGĂ—2.0,ITĂ—0.3|PharmaĂ—0.3|TelecomĂ—0.3,1.08,False,2.0,0.3,1.967,0.3,2.0,2.0,0.3,0.3,0.3,0.3,2.0,2.0,0.3,1.881,0.3
2017-11-30,RL,888907.76,868563.97,-2.289,73.713,13,24.83,23.2,994.14,10,6,"BAJAJFINSV.NS,ONGC.NS,RELIANCE.NS","HDFCBANK.NS,MUTHOOTFIN.NS,TVSMOTOR.NS",POWERGRID.NS:8.4%|ONGC.NS:7.9%|BAJAJFINSV.NS:7.9%|SBIN.NS:7.9%|AIAENG.NS:7.9%,BankingĂ—2.0|FinancialServicesĂ—2.0|FMCGĂ—2.0,ITĂ—0.3|PharmaĂ—0.3|TelecomĂ—0.3,1.1,False,2.0,0.3,1.929,0.3,2.0,2.0,0.3,0.3,0.3,0.3,2.0,2.0,0.3,1.86,0.3
2017-12-28,RL,874107.55,872764.26,-0.154,74.553,12,24.92,22.1,959.49,8,7,"BHEL.NS,NESTLEIND.NS","AIAENG.NS,ITC.NS,MGL.NS",POWERGRID.NS:8.4%|BAJFINANCE.NS:8.0%|IDFCFIRSTB.NS:8.0%|NESTLEIND.NS:8.0%|ONGC.NS:7.9%,BankingĂ—2.0|FinancialServicesĂ—2.0|FMCGĂ—2.0,ITĂ—0.3|PharmaĂ—0.3|TelecomĂ—0.3,1.4,False,2.0,0.3,2.0,0.3,2.0,2.0,0.3,0.3,0.3,0.3,2.0,2.0,0.3,1.774,0.3
2018-01-25,RL,879935.68,878748.92,-0.135,75.75,12,24.91,19.4,847.68,8,6,"HINDALCO.NS,HINDUNILVR.NS","RELIANCE.NS,SBIN.NS",POWERGRID.NS:8.4%|HINDUNILVR.NS:8.0%|BHEL.NS:8.0%|BAJFINANCE.NS:8.0%|IDFCFIRSTB.NS:8.0%,BankingĂ—2.0|FinancialServicesĂ—2.0|EnergyĂ—2.0,ITĂ—0.3|PharmaĂ—0.3|TelecomĂ—0.3,0.6,False,2.0,0.3,1.316,0.3,1.484,2.0,0.3,0.3,0.3,0.3,2.0,2.0,0.3,2.0,0.3
2018-02-22,RL,878748.92,841898.22,-4.194,68.38,13,25.0,13.53,549.88,8,7,"BPCL.NS,MGL.NS,NTPC.NS","HINDUNILVR.NS,ONGC.NS",POWERGRID.NS:8.4%|MGL.NS:8.0%|BHEL.NS:8.0%|BAJFINANCE.NS:8.0%|IDFCFIRSTB.NS:8.0%,BankingĂ—2.0|FinancialServicesĂ—2.0|EnergyĂ—2.0,ITĂ—0.3|PharmaĂ—0.3|TelecomĂ—0.3,0.5,False,2.0,0.3,0.774,0.3,1.128,2.0,0.3,0.3,0.3,0.3,2.0,2.0,0.3,2.0,0.3
2018-03-22,RL,841898.22,836396.4,-0.654,67.279,14,24.91,16.92,703.07,8,8,"HDFCBANK.NS,PETRONET.NS,VEDL.NS","BAJFINANCE.NS,HINDALCO.NS",POWERGRID.NS:8.3%|MGL.NS:8.0%|BHEL.NS:8.0%|IDFCFIRSTB.NS:7.9%|NESTLEIND.NS:7.9%,BankingĂ—2.0|FinancialServicesĂ—2.0|EnergyĂ—2.0,ITĂ—0.3|PharmaĂ—0.3|TelecomĂ—0.3,0.5,False,2.0,0.3,0.671,0.3,1.066,2.0,0.3,0.3,0.3,0.3,2.0,2.0,0.3,2.0,0.3
2018-04-19,RL,867060.59,865245.83,-0.209,73.049,19,24.96,30.37,1296.25,14,9,"AIAENG.NS,BALKRISIND.NS,BRITANNIA.NS,CHOLAFIN.NS,HINDALCO.NS,HINDUNILVR.NS,NMDC.NS,SAIL.NS,SBIN.NS","BAJAJFINSV.NS,IDFCFIRSTB.NS,NESTLEIND.NS,VEDL.NS",POWERGRID.NS:8.3%|PETRONET.NS:8.0%|FEDERALBNK.NS:8.0%|MGL.NS:8.0%|BHEL.NS:5.8%,BankingĂ—2.0|FinancialServicesĂ—2.0|EnergyĂ—2.0,ITĂ—0.3|PharmaĂ—0.3|TelecomĂ—0.3,0.5,False,2.0,0.3,0.696,0.3,1.088,2.0,0.3,0.3,0.3,0.3,2.0,2.0,0.3,2.0,0.3
2018-05-17,RL,865245.83,836769.81,-3.291,67.354,18,24.91,20.41,837.77,10,12,"ABB.NS,GAIL.NS,SIEMENS.NS","BHEL.NS,BRITANNIA.NS,GODREJCP.NS,MGL.NS",POWERGRID.NS:8.3%|PETRONET.NS:8.0%|FEDERALBNK.NS:8.0%|SAIL.NS:8.0%|GAIL.NS:7.5%,BankingĂ—2.0|FinancialServicesĂ—2.0|EnergyĂ—2.0,ITĂ—0.3|PharmaĂ—0.3|TelecomĂ—0.3,0.5,False,2.0,0.3,0.771,0.3,1.13,2.0,0.3,0.3,0.3,0.3,2.0,2.0,0.3,2.0,0.3
2018-06-14,RL,853505.35,852511.48,-0.116,70.502,16,24.92,16.9,709.9,10,10,"BAJAJFINSV.NS,ONGC.NS","AIAENG.NS,HINDUNILVR.NS,JSWSTEEL.NS,PETRONET.NS",POWERGRID.NS:8.3%|BAJAJFINSV.NS:8.0%|FEDERALBNK.NS:8.0%|SAIL.NS:8.0%|GAIL.NS:7.5%,BankingĂ—2.0|FinancialServicesĂ—2.0|EnergyĂ—2.0,ITĂ—0.3|PharmaĂ—0.3|TelecomĂ—0.3,0.5,False,2.0,0.3,0.833,0.3,1.17,2.0,0.3,0.3,0.3,0.3,2.0,2.0,0.3,2.0,0.3
2018-07-12,RL,852511.48,827940.67,-2.882,65.588,16,24.93,21.18,863.17,8,12,"AUBANK.NS,BAJFINANCE.NS,IDFCFIRSTB.NS,JSWSTEEL.NS","HDFCBANK.NS,HINDALCO.NS,NMDC.NS,SBIN.NS",POWERGRID.NS:8.3%|BAJAJFINSV.NS:8.0%|FEDERALBNK.NS:7.9%|BAJFINANCE.NS:7.7%|GAIL.NS:6.0%,BankingĂ—2.0|FinancialServicesĂ—2.0|EnergyĂ—2.0,ITĂ—0.3|PharmaĂ—0.3|TelecomĂ—0.3,0.5,False,2.0,0.3,0.708,0.3,1.087,2.0,0.3,0.3,0.3,0.3,2.0,2.0,0.3,2.0,0.3
2018-08-09,RL,874864.2,873748.5,-0.128,74.75,15,24.93,18.89,796.92,8,10,"ASHOKLEY.NS,JINDALSTEL.NS","GAIL.NS,SAIL.NS,SIEMENS.NS",POWERGRID.NS:8.3%|IDFCFIRSTB.NS:8.0%|BAJAJFINSV.NS:8.0%|FEDERALBNK.NS:7.9%|BAJFINANCE.NS:7.7%,BankingĂ—2.0|FinancialServicesĂ—2.0|EnergyĂ—2.0,ITĂ—0.3|PharmaĂ—0.3|TelecomĂ—0.3,0.5,False,2.0,0.3,1.12,0.3,1.352,2.0,0.3,0.3,0.3,0.3,2.0,2.0,0.3,2.0,0.3
2018-09-06,RL,873748.5,867117.05,-0.759,73.423,13,25.06,40.5,1756.56,9,12,"BALAMINES.NS,BHEL.NS,BRITANNIA.NS,NAVINFLUOR.NS,PIIND.NS,SRF.NS","ASHOKLEY.NS,AUBANK.NS,BPCL.NS,CHOLAFIN.NS,FEDERALBNK.NS,IDFCFIRSTB.NS,NTPC.NS,ONGC.NS",BALAMINES.NS:8.0%|NAVINFLUOR.NS:8.0%|BRITANNIA.NS:8.0%|BAJFINANCE.NS:7.8%|BHEL.NS:7.7%,FinancialServicesĂ—2.0|FMCGĂ—2.0|AutomobilesĂ—2.0,PharmaĂ—0.3|EnergyĂ—0.3|TelecomĂ—0.3,1.5,False,2.0,0.3,2.0,0.3,2.0,2.0,0.3,1.604,0.3,0.3,0.3,0.987,0.3,1.279,2.0
2018-10-04,RL,867117.05,800644.06,-7.666,60.129,14,24.97,19.26,729.97,13,4,"LT.NS,MPHASIS.NS,ONGC.NS,TATAELXSI.NS","ABB.NS,BAJAJFINSV.NS,POWERGRID.NS",BALAMINES.NS:8.0%|NAVINFLUOR.NS:8.0%|BRITANNIA.NS:8.0%|TATAELXSI.NS:8.0%|BAJFINANCE.NS:7.8%,FinancialServicesĂ—2.0|EnergyĂ—2.0|MetalsĂ—2.0,PharmaĂ—0.3|TelecomĂ—0.3|CementĂ—0.3,1.5,False,2.0,0.3,0.98,0.3,0.568,2.0,0.696,1.465,0.3,0.3,2.0,1.227,0.3,1.949,0.478
2018-11-01,RL,800644.06,792110.49,-1.066,58.422,16,26.5,45.87,1794.6,14,9,"ABB.NS,ADANIPORTS.NS,AIAENG.NS,HDFCBANK.NS,HINDALCO.NS,LTIM.NS,PERSISTENT.NS,RELIANCE.NS,VEDL.NS","BALAMINES.NS,BALKRISIND.NS,BRITANNIA.NS,JINDALSTEL.NS,NAVINFLUOR.NS,PIIND.NS,SRF.NS",TATAELXSI.NS:9.7%|BHEL.NS:9.4%|RELIANCE.NS:5.5%|ADANIPORTS.NS:5.5%|VEDL.NS:5.5%,FinancialServicesĂ—2.0|EnergyĂ—2.0|MetalsĂ—2.0,FMCGĂ—0.3|AutomobilesĂ—0.3|PharmaĂ—0.3,1.4,False,2.0,0.3,0.3,0.3,0.3,2.0,1.403,1.386,0.3,0.3,2.0,1.385,0.3,2.0,0.3
2018-11-29,RL,801318.46,799715.29,-0.2,59.943,15,6.93,38.22,1145.22,10,9,"COFORGE.NS,JINDALSTEL.NS,LALPATHLAB.NS","ABB.NS,LT.NS,LTIM.NS,ONGC.NS",TATAELXSI.NS:8.0%|BHEL.NS:8.0%|HINDALCO.NS:8.0%|HDFCBANK.NS:8.0%|AIAENG.NS:8.0%,FinancialServicesĂ—2.0|EnergyĂ—2.0|MetalsĂ—2.0,FMCGĂ—0.3|AutomobilesĂ—0.3|PharmaĂ—0.3,1.28,False,2.0,0.3,0.3,0.3,0.3,2.0,1.656,1.338,0.3,0.3,2.0,1.405,0.3,2.0,0.3
2018-12-27,RL,809827.39,809273.88,-0.068,61.855,13,24.89,18.85,395.26,3,12,,"JSWSTEEL.NS,LALPATHLAB.NS",TATAELXSI.NS:8.0%|BHEL.NS:8.0%|HINDALCO.NS:8.0%|AIAENG.NS:8.0%|VEDL.NS:8.0%,FinancialServicesĂ—2.0|AutomobilesĂ—2.0|EnergyĂ—2.0,PharmaĂ—0.3|TelecomĂ—0.3|CementĂ—0.3,1.5,False,2.0,0.3,2.0,0.3,1.94,2.0,0.3,1.544,0.3,0.3,2.0,0.961,0.3,1.845,0.952
2019-01-24,RL,809273.88,783727.18,-3.157,56.745,11,25.0,33.75,1307.96,9,7,"BAJAJFINSV.NS,BALAMINES.NS,DEEPAKNTR.NS","BHEL.NS,COFORGE.NS,HINDALCO.NS,RELIANCE.NS,VEDL.NS",BALAMINES.NS:8.0%|BAJFINANCE.NS:8.0%|DEEPAKNTR.NS:8.0%|BAJAJFINSV.NS:8.0%|TATAELXSI.NS:8.0%,FinancialServicesĂ—2.0|FMCGĂ—2.0|AutomobilesĂ—2.0,PharmaĂ—0.3|EnergyĂ—0.3|TelecomĂ—0.3,1.5,False,2.0,0.3,2.0,0.3,2.0,2.0,0.3,1.574,0.3,0.3,0.3,1.0,0.3,1.212,2.0
2019-02-21,RL,783727.18,780785.66,-0.375,56.157,14,24.99,25.54,997.03,10,7,"BRITANNIA.NS,NAVINFLUOR.NS,RELIANCE.NS,SAIL.NS,TVSMOTOR.NS,VEDL.NS","BALAMINES.NS,MPHASIS.NS,PERSISTENT.NS",BAJFINANCE.NS:8.0%|DEEPAKNTR.NS:8.0%|TATAELXSI.NS:8.0%|AIAENG.NS:8.0%|JINDALSTEL.NS:8.0%,FinancialServicesĂ—2.0|AutomobilesĂ—2.0|EnergyĂ—2.0,PharmaĂ—0.3|TelecomĂ—0.3|CementĂ—0.3,1.5,False,2.0,0.3,2.0,0.3,1.844,2.0,0.3,1.596,0.3,0.3,2.0,1.001,0.3,1.903,0.86
2019-03-22,RL,831934.33,829933.5,-0.241,65.987,11,24.98,35.11,1429.15,6,11,"BALAMINES.NS,LICHSGFIN.NS,NESTLEIND.NS","ADANIPORTS.NS,AIAENG.NS,BRITANNIA.NS,HDFCBANK.NS,RELIANCE.NS,TVSMOTOR.NS",BAJFINANCE.NS:8.0%|DEEPAKNTR.NS:8.0%|JINDALSTEL.NS:8.0%|VEDL.NS:8.0%|LICHSGFIN.NS:8.0%,FinancialServicesĂ—2.0|FMCGĂ—2.0|AutomobilesĂ—2.0,PharmaĂ—0.3|EnergyĂ—0.3|TelecomĂ—0.3,1.5,False,2.0,0.3,2.0,0.3,2.0,2.0,0.3,1.577,0.3,0.3,0.3,0.993,0.3,1.237,2.0
2019-04-18,RL,854750.6,854675.91,-0.009,70.935,10,24.96,1.69,53.34,4,7,,TATAELXSI.NS,BAJFINANCE.NS:8.0%|DEEPAKNTR.NS:8.0%|JINDALSTEL.NS:8.0%|VEDL.NS:8.0%|LICHSGFIN.NS:8.0%,FinancialServicesĂ—2.0|FMCGĂ—2.0|AutomobilesĂ—2.0,PharmaĂ—0.3|EnergyĂ—0.3|TelecomĂ—0.3,1.5,False,2.0,0.3,2.0,0.3,2.0,2.0,0.3,1.512,0.3,0.3,0.3,1.051,0.3,1.14,2.0
2019-05-16,RL,854675.91,817092.12,-4.397,63.418,12,24.98,25.01,997.42,9,5,"DABUR.NS,M&M.NS,PERSISTENT.NS,SBILIFE.NS","BAJAJFINSV.NS,VEDL.NS",BAJFINANCE.NS:8.0%|DEEPAKNTR.NS:8.0%|JINDALSTEL.NS:8.0%|LICHSGFIN.NS:8.0%|NAVINFLUOR.NS:8.0%,FinancialServicesĂ—2.0|FMCGĂ—2.0|AutomobilesĂ—2.0,PharmaĂ—0.3|EnergyĂ—0.3|TelecomĂ—0.3,1.5,False,2.0,0.3,2.0,0.3,2.0,2.0,0.3,1.555,0.3,0.3,0.3,1.006,0.3,1.197,2.0
2019-06-13,RL,860724.66,859825.58,-0.104,71.965,13,24.97,15.57,642.19,6,10,"AIAENG.NS,CHOLAFIN.NS,HDFCLIFE.NS,MPHASIS.NS","DEEPAKNTR.NS,M&M.NS,NESTLEIND.NS",BAJFINANCE.NS:8.0%|JINDALSTEL.NS:8.0%|LICHSGFIN.NS:8.0%|BALAMINES.NS:8.0%|SBILIFE.NS:8.0%,FinancialServicesĂ—2.0|FMCGĂ—2.0|AutomobilesĂ—2.0,PharmaĂ—0.3|EnergyĂ—0.3|TelecomĂ—0.3,1.5,False,2.0,0.3,2.0,0.3,2.0,2.0,0.3,1.534,0.3,0.3,0.3,1.031,0.3,1.174,2.0
2019-07-11,RL,859825.58,829539.01,-3.522,65.908,12,24.93,19.41,786.25,7,9,"NAM-INDIA.NS,NESTLEIND.NS,RELIANCE.NS","BAJFINANCE.NS,CHOLAFIN.NS,DABUR.NS,NAVINFLUOR.NS",JINDALSTEL.NS:8.0%|LICHSGFIN.NS:8.0%|BALAMINES.NS:8.0%|SBILIFE.NS:8.0%|SAIL.NS:8.0%,FinancialServicesĂ—2.0|FMCGĂ—2.0|AutomobilesĂ—2.0,PharmaĂ—0.3|TelecomĂ—0.3|CementĂ—0.3,1.5,False,2.0,0.3,2.0,0.3,2.0,2.0,0.3,1.557,0.3,0.3,2.0,0.992,0.3,1.769,1.276
2019-08-08,RL,829539.01,780533.74,-5.908,56.107,13,37.8,56.78,1998.6,12,9,"BALKRISIND.NS,BRITANNIA.NS,CHOLAFIN.NS,GODREJCP.NS,ITC.NS,M&M.NS,MARICO.NS,TITAN.NS,TVSMOTOR.NS","BALAMINES.NS,HDFCLIFE.NS,MPHASIS.NS,NESTLEIND.NS,PERSISTENT.NS,RELIANCE.NS,SAIL.NS,SBILIFE.NS",JINDALSTEL.NS:12.1%|LICHSGFIN.NS:12.1%|BRITANNIA.NS:4.8%|GODREJCP.NS:4.8%|TVSMOTOR.NS:4.8%,FinancialServicesĂ—2.0|FMCGĂ—2.0|AutomobilesĂ—2.0,ITĂ—0.3|BankingĂ—0.3|PharmaĂ—0.3,1.5,False,2.0,2.0,2.0,0.3,2.0,2.0,1.776,0.3,0.3,0.3,0.3,0.3,0.596,2.0,0.331
2019-09-05,RL,780533.74,754875.18,-3.287,50.975,16,45.46,44.89,1572.14,15,10,"ACC.NS,BAJAJFINSV.NS,FORTIS.NS,GAIL.NS,HDFCAMC.NS,LT.NS,NMDC.NS,NTPC.NS,ONGC.NS,PETRONET.NS,POWERGRID.NS,SAIL.NS","BALKRISIND.NS,BRITANNIA.NS,GODREJCP.NS,ITC.NS,LICHSGFIN.NS,M&M.NS,MARICO.NS,TITAN.NS,TVSMOTOR.NS",JINDALSTEL.NS:12.4%|AIAENG.NS:5.4%|ONGC.NS:3.6%|FORTIS.NS:3.6%|GAIL.NS:3.6%,EnergyĂ—2.0|HealthcareĂ—1.9|MetalsĂ—1.7,ITĂ—0.3|BankingĂ—0.3|FMCGĂ—0.3,0.63,False,0.799,0.3,0.3,0.3,0.3,1.691,1.887,0.3,0.3,0.3,2.0,0.3,0.409,0.689,0.3
2019-10-03,RL,773665.12,772535.96,-0.146,54.507,17,25.0,30.52,806.65,12,7,"ASHOKLEY.NS,GODREJCP.NS,ITC.NS","HDFCAMC.NS,POWERGRID.NS",GODREJCP.NS:8.0%|ITC.NS:8.0%|JINDALSTEL.NS:8.0%|NMDC.NS:8.0%|ASHOKLEY.NS:8.0%,FinancialServicesĂ—2.0|FMCGĂ—2.0|AutomobilesĂ—2.0,ITĂ—0.3|BankingĂ—0.3|PharmaĂ—0.3,1.5,False,2.0,2.0,2.0,0.3,2.0,2.0,2.0,0.3,0.3,0.3,0.719,0.3,0.559,2.0,0.3
2019-10-31,RL,832515.71,830665.37,-0.222,66.133,15,25.04,32.67,1321.66,8,12,"ASIANPAINT.NS,CUMMINSIND.NS,MUTHOOTFIN.NS","ACC.NS,BAJAJFINSV.NS,GAIL.NS,ONGC.NS,PETRONET.NS",ITC.NS:8.0%|JINDALSTEL.NS:8.0%|MUTHOOTFIN.NS:8.0%|ASIANPAINT.NS:8.0%|CHOLAFIN.NS:8.0%,FinancialServicesĂ—2.0|FMCGĂ—2.0|AutomobilesĂ—2.0,ITĂ—0.3|BankingĂ—0.3|PharmaĂ—0.3,1.5,False,2.0,2.0,2.0,0.3,2.0,2.0,1.146,0.3,0.3,0.3,0.3,0.3,0.379,2.0,1.199
2019-11-28,RL,849914.34,847763.66,-0.253,69.553,14,24.91,36.43,1536.2,13,7,"ALKYLAMINE.NS,BAJFINANCE.NS,DMART.NS,SRF.NS,WHIRLPOOL.NS","ASHOKLEY.NS,CUMMINSIND.NS,ITC.NS,JINDALSTEL.NS,NMDC.NS,SAIL.NS",MUTHOOTFIN.NS:8.0%|ASIANPAINT.NS:8.0%|CHOLAFIN.NS:8.0%|WHIRLPOOL.NS:8.0%|AIAENG.NS:8.0%,FinancialServicesĂ—2.0|FMCGĂ—2.0|AutomobilesĂ—2.0,ITĂ—0.3|BankingĂ—0.3|PharmaĂ—0.3,1.5,False,2.0,2.0,2.0,0.3,2.0,2.0,0.903,0.3,0.3,0.3,0.3,0.3,0.3,2.0,1.34
2019-12-26,RL,863839.44,862274.23,-0.181,72.455,12,24.92,26.15,1118.01,7,10,"BAJAJFINSV.NS,MARICO.NS,TITAN.NS","BAJFINANCE.NS,DMART.NS,FORTIS.NS,NAM-INDIA.NS,NTPC.NS",ASIANPAINT.NS:8.0%|CHOLAFIN.NS:8.0%|BAJAJFINSV.NS:8.0%|GODREJCP.NS:8.0%|WHIRLPOOL.NS:8.0%,FinancialServicesĂ—2.0|FMCGĂ—2.0|AutomobilesĂ—2.0,ITĂ—0.3|BankingĂ—0.3|PharmaĂ—0.3,1.5,False,2.0,2.0,2.0,0.3,2.0,2.0,1.097,0.3,0.3,0.3,0.3,0.3,0.35,2.0,1.244
2020-01-23,RL,891351.56,890046.42,-0.146,78.009,12,25.0,21.39,932.24,7,7,"ITC.NS,NESTLEIND.NS","ALKYLAMINE.NS,BAJAJFINSV.NS",ASIANPAINT.NS:8.0%|CHOLAFIN.NS:8.0%|ITC.NS:8.0%|TITAN.NS:8.0%|NESTLEIND.NS:8.0%,FinancialServicesĂ—2.0|FMCGĂ—2.0|AutomobilesĂ—2.0,ITĂ—0.3|BankingĂ—0.3|PharmaĂ—0.3,1.5,False,2.0,2.0,2.0,0.3,2.0,2.0,0.978,0.3,0.3,0.3,0.3,0.3,0.3,2.0,1.321
2020-02-20,RL,897086.55,894936.25,-0.24,78.987,11,24.99,34.33,1535.93,8,9,"ABB.NS,BALAMINES.NS,COLPAL.NS,EICHERMOT.NS,HAVELLS.NS","AIAENG.NS,CHOLAFIN.NS,ITC.NS,MUTHOOTFIN.NS,NESTLEIND.NS,WHIRLPOOL.NS",ASIANPAINT.NS:8.0%|TITAN.NS:8.0%|COLPAL.NS:8.0%|BALAMINES.NS:8.0%|ABB.NS:8.0%,FinancialServicesĂ—2.0|FMCGĂ—2.0|AutomobilesĂ—2.0,ITĂ—0.3|BankingĂ—0.3|PharmaĂ—0.3,1.5,False,2.0,2.0,2.0,0.3,2.0,2.0,1.014,0.3,0.3,0.3,0.3,0.3,0.3,2.0,1.304
2020-03-19,RL,894936.25,719921.56,-19.556,43.984,15,46.33,58.88,1845.02,15,9,"APOLLOHOSP.NS,BAJAJFINSV.NS,GAIL.NS,HDFCLIFE.NS,JSWSTEEL.NS,LALPATHLAB.NS,NMDC.NS,NTPC.NS,ONGC.NS,POWERGRID.NS,RELIANCE.NS,SBILIFE.NS,TATASTEEL.NS","ASIANPAINT.NS,BALAMINES.NS,COLPAL.NS,EICHERMOT.NS,GODREJCP.NS,HAVELLS.NS,MARICO.NS,SRF.NS,TITAN.NS",ABB.NS:16.0%|LT.NS:7.8%|APOLLOHOSP.NS:3.4%|ONGC.NS:3.4%|RELIANCE.NS:3.4%,EnergyĂ—2.0|HealthcareĂ—1.9|MetalsĂ—1.5,ITĂ—0.3|BankingĂ—0.3|FMCGĂ—0.3,0.5,False,0.615,0.3,0.3,0.3,0.3,1.5,1.942,0.3,0.3,0.3,2.0,0.3,0.391,0.636,0.3
2020-04-16,RL,760151.39,758515.08,-0.215,51.703,18,25.51,39.95,1168.89,11,11,"AIAENG.NS,BPCL.NS,FORTIS.NS,JINDALSTEL.NS,MUTHOOTFIN.NS,RAMCOCEM.NS,SAIL.NS","BAJAJFINSV.NS,HDFCLIFE.NS,JSWSTEEL.NS,SBILIFE.NS",ABB.NS:8.3%|LT.NS:7.8%|RELIANCE.NS:7.5%|NMDC.NS:7.1%|FORTIS.NS:6.8%,EnergyĂ—2.0|HealthcareĂ—1.9|MetalsĂ—1.6,ITĂ—0.3|BankingĂ—0.3|FMCGĂ—0.3,0.58,True,0.745,0.3,0.3,0.3,0.3,1.636,1.911,0.3,0.3,0.3,2.0,0.3,0.403,0.673,0.3
2020-05-14,RL,761337.6,760528.89,-0.106,52.106,17,16.95,19.39,577.7,11,9,"JSWSTEEL.NS,MGL.NS","LALPATHLAB.NS,NTPC.NS,TATASTEEL.NS",ABB.NS:8.3%|NMDC.NS:8.0%|APOLLOHOSP.NS:8.0%|FORTIS.NS:8.0%|LT.NS:7.8%,EnergyĂ—2.0|HealthcareĂ—1.9|MetalsĂ—1.7,ITĂ—0.3|BankingĂ—0.3|FMCGĂ—0.3,0.67,False,0.84,0.3,0.3,0.3,0.3,1.741,1.898,0.3,0.3,0.3,2.0,0.3,0.424,0.71,0.3
2020-06-11,RL,816039.05,813895.45,-0.263,62.779,14,24.93,42.1,1531.09,10,11,"ASHOKLEY.NS,ASIANPAINT.NS,TITAN.NS,TVSMOTOR.NS","BPCL.NS,FORTIS.NS,MUTHOOTFIN.NS,ONGC.NS,RAMCOCEM.NS,RELIANCE.NS,SAIL.NS",ABB.NS:8.3%|ASHOKLEY.NS:8.0%|NMDC.NS:8.0%|APOLLOHOSP.NS:8.0%|LT.NS:7.8%,FinancialServicesĂ—2.0|FMCGĂ—2.0|AutomobilesĂ—2.0,ITĂ—0.3|BankingĂ—0.3|PharmaĂ—0.3,1.5,False,2.0,2.0,2.0,0.3,2.0,2.0,2.0,0.3,0.3,0.3,0.904,0.3,0.662,2.0,0.3
2020-07-09,RL,847025.18,844388.19,-0.311,68.878,14,32.4,48.77,1883.51,13,10,"HINDALCO.NS,INFY.NS,KPITTECH.NS,SAIL.NS,TCS.NS,TECHM.NS,TORNTPHARM.NS,VEDL.NS,WIPRO.NS","ABB.NS,AIAENG.NS,APOLLOHOSP.NS,GAIL.NS,LT.NS,MGL.NS,NMDC.NS,POWERGRID.NS,TITAN.NS",TVSMOTOR.NS:9.9%|ASIANPAINT.NS:8.8%|JSWSTEEL.NS:7.4%|ASHOKLEY.NS:7.2%|HINDALCO.NS:5.4%,ITĂ—2.0|BankingĂ—2.0|FinancialServicesĂ—2.0,EnergyĂ—0.3|TelecomĂ—0.3|CapitalGoodsĂ—0.3,1.5,False,2.0,2.0,2.0,0.3,2.0,2.0,0.3,2.0,0.3,1.034,0.3,2.0,2.0,0.3,0.81
2020-08-06,RL,896824.77,894623.64,-0.245,78.925,14,25.01,37.82,1572.27,9,11,"ALKYLAMINE.NS,BIOCON.NS,DIVISLAB.NS,GLENMARK.NS,TATASTEEL.NS,ZYDUSLIFE.NS","ASHOKLEY.NS,HINDALCO.NS,INFY.NS,TCS.NS,TECHM.NS,TVSMOTOR.NS",ASIANPAINT.NS:8.0%|JSWSTEEL.NS:8.0%|TORNTPHARM.NS:8.0%|BIOCON.NS:8.0%|ZYDUSLIFE.NS:7.6%,ITĂ—2.0|BankingĂ—2.0|FinancialServicesĂ—2.0,EnergyĂ—0.3|TelecomĂ—0.3|CapitalGoodsĂ—0.3,1.5,False,2.0,2.0,2.0,0.3,2.0,2.0,0.3,2.0,0.3,0.977,0.3,2.0,2.0,0.3,0.807
2020-09-03,RL,953922.63,951404.65,-0.264,90.281,15,24.99,38.52,1798.55,12,10,"ALKEM.NS,AMBUJACEM.NS,DMART.NS,ICICIBANK.NS,MUTHOOTFIN.NS,PERSISTENT.NS,SBILIFE.NS,WHIRLPOOL.NS","JINDALSTEL.NS,JSWSTEEL.NS,SAIL.NS,TATASTEEL.NS,TORNTPHARM.NS,VEDL.NS,WIPRO.NS",ASIANPAINT.NS:8.0%|BIOCON.NS:8.0%|SBILIFE.NS:8.0%|PERSISTENT.NS:7.8%|ZYDUSLIFE.NS:7.6%,ITĂ—2.0|BankingĂ—2.0|FinancialServicesĂ—2.0,EnergyĂ—0.3|TelecomĂ—0.3|CapitalGoodsĂ—0.3,1.5,False,2.0,2.0,2.0,0.3,2.0,2.0,0.3,2.0,0.3,0.706,0.3,2.0,2.0,0.3,0.78
2020-10-01,RL,1005200.4,1002230.87,-0.295,100.446,14,24.99,42.95,2121.08,13,7,"BRITANNIA.NS,GODREJCP.NS,MARICO.NS,RAMCOCEM.NS,TITAN.NS","ALKEM.NS,BIOCON.NS,DIVISLAB.NS,GLENMARK.NS,PERSISTENT.NS,ZYDUSLIFE.NS",ASIANPAINT.NS:8.0%|SBILIFE.NS:8.0%|AMBUJACEM.NS:8.0%|BRITANNIA.NS:8.0%|MARICO.NS:8.0%,ITĂ—2.0|BankingĂ—2.0|FinancialServicesĂ—2.0,PharmaĂ—0.3|EnergyĂ—0.3|TelecomĂ—0.3,1.5,False,2.0,2.0,2.0,0.3,2.0,2.0,0.3,2.0,0.3,0.3,0.3,2.0,1.938,0.3,0.505
2020-10-29,RL,1002230.87,995154.72,-0.706,99.031,14,24.97,19.45,966.61,10,7,"COALINDIA.NS,HINDUNILVR.NS,LICHSGFIN.NS","AMBUJACEM.NS,DMART.NS,KPITTECH.NS",ASIANPAINT.NS:8.0%|SBILIFE.NS:8.0%|BRITANNIA.NS:8.0%|MARICO.NS:8.0%|WHIRLPOOL.NS:8.0%,ITĂ—2.0|BankingĂ—2.0|FinancialServicesĂ—2.0,PharmaĂ—0.3|EnergyĂ—0.3|TelecomĂ—0.3,1.5,False,2.0,2.0,2.0,0.3,2.0,2.0,0.3,2.0,0.3,0.3,0.3,2.0,2.0,0.3,0.643
2020-11-26,RL,1042298.43,1040675.29,-0.156,108.135,17,24.99,22.82,1159.38,9,11,"ALKEM.NS,CHOLAFIN.NS,DIVISLAB.NS,GLENMARK.NS,HAVELLS.NS,TORNTPHARM.NS","ASIANPAINT.NS,BRITANNIA.NS,MUTHOOTFIN.NS",SBILIFE.NS:8.0%|WHIRLPOOL.NS:8.0%|COALINDIA.NS:8.0%|RAMCOCEM.NS:8.0%|GODREJCP.NS:6.6%,ITĂ—2.0|BankingĂ—2.0|FinancialServicesĂ—2.0,EnergyĂ—0.3|TelecomĂ—0.3|CapitalGoodsĂ—0.3,1.5,False,2.0,2.0,2.0,0.3,2.0,2.0,0.3,2.0,0.3,0.715,0.3,2.0,2.0,0.3,0.778
2020-12-24,RL,1091859.51,1091175.11,-0.063,118.235,16,24.96,9.55,488.84,5,14,"BIOCON.NS,CIPLA.NS","ALKEM.NS,CHOLAFIN.NS,TORNTPHARM.NS",SBILIFE.NS:8.0%|WHIRLPOOL.NS:8.0%|COALINDIA.NS:8.0%|RAMCOCEM.NS:8.0%|GODREJCP.NS:6.6%,ITĂ—2.0|BankingĂ—2.0|FinancialServicesĂ—2.0,EnergyĂ—0.3|TelecomĂ—0.3|CapitalGoodsĂ—0.3,1.5,False,2.0,2.0,2.0,0.3,2.0,2.0,0.3,2.0,0.3,1.043,0.3,2.0,2.0,0.3,0.811
2021-01-21,RL,1126586.37,1123777.62,-0.249,124.756,15,24.89,35.94,2006.24,9,12,"BRITANNIA.NS,DMART.NS,NAM-INDIA.NS,RELAXO.NS,TVSMOTOR.NS","BIOCON.NS,CIPLA.NS,HAVELLS.NS,HINDUNILVR.NS,ICICIBANK.NS,SBILIFE.NS",WHIRLPOOL.NS:8.0%|COALINDIA.NS:8.0%|RELAXO.NS:8.0%|BRITANNIA.NS:8.0%|DMART.NS:8.0%,ITĂ—2.0|BankingĂ—2.0|FinancialServicesĂ—2.0,EnergyĂ—0.3|TelecomĂ—0.3|CapitalGoodsĂ—0.3,1.5,False,2.0,2.0,2.0,0.3,2.0,2.0,0.3,2.0,0.3,1.067,0.3,2.0,2.0,0.3,0.811
2021-02-18,RL,1146354.89,1145523.48,-0.073,129.105,12,25.01,10.74,593.86,8,8,SBILIFE.NS,"ALKYLAMINE.NS,DIVISLAB.NS,GODREJCP.NS,LICHSGFIN.NS",RAMCOCEM.NS:8.0%|WHIRLPOOL.NS:8.0%|COALINDIA.NS:8.0%|RELAXO.NS:8.0%|BRITANNIA.NS:8.0%,ITĂ—2.0|BankingĂ—2.0|FinancialServicesĂ—2.0,EnergyĂ—0.3|TelecomĂ—0.3|CapitalGoodsĂ—0.3,1.5,False,2.0,2.0,2.0,0.3,2.0,2.0,0.3,2.0,0.3,1.033,0.3,2.0,2.0,0.3,0.809
2021-03-18,RL,1145523.48,1123528.06,-1.92,124.706,13,25.0,15.69,867.11,9,6,"LICHSGFIN.NS,LUPIN.NS,MUTHOOTFIN.NS","COALINDIA.NS,MARICO.NS",RAMCOCEM.NS:8.0%|SBILIFE.NS:8.0%|NAM-INDIA.NS:8.0%|WHIRLPOOL.NS:8.0%|RELAXO.NS:8.0%,ITĂ—2.0|BankingĂ—2.0|FinancialServicesĂ—2.0,EnergyĂ—0.3|TelecomĂ—0.3|CapitalGoodsĂ—0.3,1.5,False,2.0,2.0,2.0,0.3,2.0,2.0,0.3,2.0,0.3,0.521,0.3,2.0,2.0,0.3,0.728
2021-04-15,RL,1142115.65,1139489.83,-0.23,127.898,14,25.0,33.03,1875.58,10,9,"COFORGE.NS,HAVELLS.NS,HCLTECH.NS,NESTLEIND.NS,TATACONSUM.NS,VOLTAS.NS","GLENMARK.NS,LUPIN.NS,RAMCOCEM.NS,SBILIFE.NS,WHIRLPOOL.NS",RELAXO.NS:8.0%|BRITANNIA.NS:8.0%|DMART.NS:8.0%|VOLTAS.NS:8.0%|HCLTECH.NS:6.7%,BankingĂ—2.0|FinancialServicesĂ—2.0|FMCGĂ—2.0,PharmaĂ—0.3|EnergyĂ—0.3|TelecomĂ—0.3,1.5,False,2.0,2.0,2.0,0.3,2.0,2.0,1.875,1.714,0.3,0.3,0.3,2.0,0.3,0.3,0.3
2021-05-14,RL,1145193.66,1144062.89,-0.099,128.813,14,24.99,14.21,807.69,6,10,"HDFCBANK.NS,ITC.NS","RELAXO.NS,TITAN.NS",BRITANNIA.NS:8.0%|VOLTAS.NS:8.0%|HAVELLS.NS:8.0%|ITC.NS:7.2%|DMART.NS:7.1%,BankingĂ—2.0|FinancialServicesĂ—2.0|FMCGĂ—2.0,PharmaĂ—0.3|EnergyĂ—0.3|TelecomĂ—0.3,1.5,False,2.0,2.0,2.0,0.3,2.0,2.0,1.648,1.757,0.3,0.3,0.3,2.0,0.3,0.3,0.3
2021-06-10,RL,1220634.72,1216670.58,-0.325,143.334,13,31.12,50.27,2831.46,12,10,"ASIANPAINT.NS,DEEPAKNTR.NS,HEROMOTOCO.NS,HINDALCO.NS,LTTS.NS,PERSISTENT.NS,SAIL.NS,TATAELXSI.NS","BRITANNIA.NS,COFORGE.NS,HCLTECH.NS,HDFCBANK.NS,ITC.NS,LICHSGFIN.NS,NAM-INDIA.NS,TVSMOTOR.NS,VOLTAS.NS",HAVELLS.NS:10.0%|DMART.NS:8.9%|TATACONSUM.NS:6.3%|TATAELXSI.NS:6.0%|ASIANPAINT.NS:6.0%,ITĂ—2.0|FinancialServicesĂ—2.0|FMCGĂ—2.0,BankingĂ—0.3|PharmaĂ—0.3|TelecomĂ—0.3,1.37,False,2.0,2.0,2.0,0.3,2.0,2.0,0.3,2.0,0.3,0.3,0.984,0.3,0.3,0.3,1.981
2021-07-08,RL,1256004.76,1253784.73,-0.177,150.757,14,30.07,25.3,1585.73,12,6,"AARTIIND.NS,ATGL.NS,BALKRISIND.NS,DRREDDY.NS,JSWSTEEL.NS","HAVELLS.NS,LTTS.NS,NESTLEIND.NS,TATACONSUM.NS",PERSISTENT.NS:8.0%|DMART.NS:8.0%|ATGL.NS:8.0%|TATAELXSI.NS:8.0%|DEEPAKNTR.NS:8.0%,ITĂ—2.0|FinancialServicesĂ—2.0|FMCGĂ—2.0,BankingĂ—0.3|TelecomĂ—0.3|CementĂ—0.3,0.5,False,2.0,2.0,2.0,0.3,2.0,2.0,0.3,2.0,0.3,1.452,1.17,0.3,0.3,0.3,2.0
2021-08-05,RL,1307302.01,1305867.29,-0.11,161.173,14,24.97,17.59,1024.84,5,11,"KPITTECH.NS,MARICO.NS","HINDALCO.NS,MUTHOOTFIN.NS",PERSISTENT.NS:8.0%|DMART.NS:8.0%|ATGL.NS:8.0%|DEEPAKNTR.NS:8.0%|MARICO.NS:8.0%,ITĂ—2.0|FinancialServicesĂ—2.0|FMCGĂ—2.0,BankingĂ—0.3|TelecomĂ—0.3|CementĂ—0.3,0.5,False,2.0,2.0,2.0,0.3,2.0,2.0,0.3,2.0,0.3,2.0,0.993,0.3,0.3,0.3,2.0
2021-09-02,RL,1417637.43,1415968.95,-0.118,183.194,14,24.98,17.8,1191.75,8,10,"ALKYLAMINE.NS,HDFCLIFE.NS,NAM-INDIA.NS,PIDILITIND.NS","ASIANPAINT.NS,BALKRISIND.NS,HEROMOTOCO.NS,SAIL.NS",DMART.NS:8.0%|ATGL.NS:8.0%|DEEPAKNTR.NS:8.0%|MARICO.NS:8.0%|DRREDDY.NS:7.0%,ITĂ—2.0|FinancialServicesĂ—2.0|FMCGĂ—2.0,BankingĂ—0.3|TelecomĂ—0.3|CementĂ—0.3,0.5,False,2.0,2.0,2.0,0.3,2.0,2.0,0.3,2.0,0.3,2.0,0.976,0.3,0.3,0.3,2.0
2021-09-30,RL,1441511.45,1440115.71,-0.097,188.023,15,24.98,14.06,996.95,6,10,"GODREJCP.NS,MPHASIS.NS",JSWSTEEL.NS,DMART.NS:8.0%|DEEPAKNTR.NS:8.0%|MARICO.NS:8.0%|ALKYLAMINE.NS:8.0%|DRREDDY.NS:8.0%,ITĂ—2.0|FinancialServicesĂ—2.0|FMCGĂ—2.0,BankingĂ—0.3|TelecomĂ—0.3|CementĂ—0.3,0.5,False,2.0,2.0,2.0,0.3,2.0,2.0,0.3,2.0,0.3,2.0,0.977,0.3,0.3,0.3,2.0
2021-10-28,RL,1441426.53,1439744.54,-0.117,187.949,15,24.98,16.68,1201.42,9,9,"FLUOROCHEM.NS,SRF.NS,TATACONSUM.NS","AARTIIND.NS,ALKYLAMINE.NS,ATGL.NS",DMART.NS:8.0%|DEEPAKNTR.NS:8.0%|MARICO.NS:8.0%|DRREDDY.NS:8.0%|SRF.NS:8.0%,ITĂ—2.0|FinancialServicesĂ—2.0|FMCGĂ—2.0,BankingĂ—0.3|TelecomĂ—0.3|CementĂ—0.3,0.5,False,2.0,2.0,2.0,0.3,2.0,2.0,0.3,2.0,0.3,1.501,0.839,0.3,0.3,0.3,2.0
2021-11-25,RL,1455632.31,1454131.24,-0.103,190.826,15,24.91,14.84,1072.19,8,10,"BALAMINES.NS,LTTS.NS,ZYDUSLIFE.NS","HDFCLIFE.NS,KPITTECH.NS,NAM-INDIA.NS",DMART.NS:8.0%|MARICO.NS:8.0%|SRF.NS:8.0%|GODREJCP.NS:8.0%|PERSISTENT.NS:8.0%,ITĂ—2.0|FinancialServicesĂ—2.0|FMCGĂ—2.0,BankingĂ—0.3|TelecomĂ—0.3|CementĂ—0.3,0.5,False,2.0,2.0,2.0,0.3,2.0,2.0,0.3,2.0,0.3,1.528,1.106,0.3,0.3,0.3,2.0
2021-12-23,RL,1474052.57,1469764.06,-0.291,193.953,15,25.0,41.77,3063.22,11,10,"ATGL.NS,BAJAJ-AUTO.NS,COLPAL.NS,HEROMOTOCO.NS,KPITTECH.NS,NESTLEIND.NS","DEEPAKNTR.NS,DMART.NS,DRREDDY.NS,GODREJCP.NS,PIDILITIND.NS,ZYDUSLIFE.NS",TATACONSUM.NS:8.0%|KPITTECH.NS:8.0%|COLPAL.NS:8.0%|MARICO.NS:8.0%|SRF.NS:8.0%,ITĂ—2.0|FinancialServicesĂ—2.0|FMCGĂ—2.0,PharmaĂ—0.3|TelecomĂ—0.3|CementĂ—0.3,1.5,False,2.0,0.3,1.947,0.3,2.0,0.791,0.3,2.0,0.3,0.3,0.527,1.049,0.3,0.77,0.849
2022-01-20,RL,1556185.82,1554039.1,-0.138,210.808,13,24.88,20.42,1533.36,9,8,"DMART.NS,HAVELLS.NS","MPHASIS.NS,NESTLEIND.NS,SRF.NS,TATAELXSI.NS",TATACONSUM.NS:8.0%|KPITTECH.NS:8.0%|COLPAL.NS:8.0%|MARICO.NS:8.0%|DMART.NS:8.0%,ITĂ—2.0|FinancialServicesĂ—2.0|FMCGĂ—2.0,PharmaĂ—0.3|TelecomĂ—0.3|CementĂ—0.3,1.5,False,2.0,2.0,2.0,0.3,2.0,2.0,0.3,2.0,0.3,0.3,0.633,1.124,0.3,0.3,1.119
2022-02-17,RL,1554039.1,1507327.7,-3.006,201.466,12,24.96,32.74,2445.35,8,9,"ABB.NS,LT.NS,SIEMENS.NS,WIPRO.NS","ATGL.NS,DMART.NS,HAVELLS.NS,LTTS.NS,TATACONSUM.NS",LT.NS:8.0%|ABB.NS:8.0%|KPITTECH.NS:8.0%|COLPAL.NS:8.0%|MARICO.NS:8.0%,ITĂ—2.0|FinancialServicesĂ—2.0|FMCGĂ—2.0,PharmaĂ—0.3|MetalsĂ—0.3|TelecomĂ—0.3,1.5,False,2.0,0.3,1.389,0.3,1.99,0.3,0.3,2.0,0.3,0.3,0.361,1.534,0.3,1.275,0.686
2022-03-17,RL,1532815.77,1530824.9,-0.13,206.165,12,25.0,18.81,1422.05,6,9,"ATGL.NS,GODREJCP.NS,HCLTECH.NS","BALAMINES.NS,COLPAL.NS,LT.NS",ABB.NS:8.0%|KPITTECH.NS:8.0%|GODREJCP.NS:8.0%|HCLTECH.NS:8.0%|MARICO.NS:8.0%,ITĂ—2.0|FinancialServicesĂ—2.0|FMCGĂ—2.0,PharmaĂ—0.3|TelecomĂ—0.3|CementĂ—0.3,1.5,False,2.0,0.3,2.0,0.3,2.0,0.585,0.3,2.0,0.3,0.3,0.484,1.395,0.3,1.059,0.648
2022-04-18,RL,1530824.9,1512831.57,-1.175,202.566,11,24.99,39.66,2990.79,9,9,"BAJAJFINSV.NS,BAJFINANCE.NS,CHOLAFIN.NS,LTIM.NS,LTTS.NS,TECHM.NS","ATGL.NS,BAJAJ-AUTO.NS,HEROMOTOCO.NS,MARICO.NS,PERSISTENT.NS,SIEMENS.NS,WIPRO.NS",ABB.NS:8.0%|KPITTECH.NS:8.0%|GODREJCP.NS:8.0%|HCLTECH.NS:8.0%|BAJFINANCE.NS:8.0%,ITĂ—2.0|FinancialServicesĂ—2.0|FMCGĂ—2.0,PharmaĂ—0.3|EnergyĂ—0.3|MetalsĂ—0.3,1.5,False,2.0,0.3,1.382,0.3,1.978,0.3,0.3,2.0,0.3,0.3,0.3,1.505,0.3,1.324,0.638
2022-05-12,RL,1512831.57,1365659.14,-9.728,173.132,12,24.97,33.9,2229.74,9,8,"BRITANNIA.NS,DEEPAKNTR.NS,HINDUNILVR.NS,LALPATHLAB.NS,METROPOLIS.NS,NESTLEIND.NS","BAJAJFINSV.NS,BAJFINANCE.NS,CHOLAFIN.NS,LTIM.NS,TECHM.NS",ABB.NS:8.0%|KPITTECH.NS:8.0%|GODREJCP.NS:8.0%|HCLTECH.NS:8.0%|BRITANNIA.NS:8.0%,FMCGĂ—2.0|MetalsĂ—2.0|ChemicalsĂ—1.6,BankingĂ—0.3|FinancialServicesĂ—0.3|AutomobilesĂ—0.3,1.5,False,0.3,0.3,0.3,0.3,2.0,2.0,1.616,0.442,0.3,0.3,0.683,0.3,0.3,1.171,1.618
2022-06-09,RL,1387380.95,1384384.28,-0.216,176.877,13,24.98,31.08,2140.47,9,9,"ATGL.NS,BAJFINANCE.NS,PIIND.NS,RAMCOCEM.NS,TVSMOTOR.NS,VEDL.NS","ABB.NS,GODREJCP.NS,KPITTECH.NS,LALPATHLAB.NS,METROPOLIS.NS",HCLTECH.NS:8.0%|BRITANNIA.NS:8.0%|HINDUNILVR.NS:8.0%|NESTLEIND.NS:8.0%|ATGL.NS:8.0%,ITĂ—2.0|FinancialServicesĂ—2.0|FMCGĂ—2.0,BankingĂ—0.3|PharmaĂ—0.3|TelecomĂ—0.3,0.81,False,2.0,2.0,2.0,0.3,2.0,1.496,0.3,2.0,0.3,0.3,2.0,0.3,1.514,0.3,2.0
2022-07-07,RL,1408365.54,1404072.33,-0.305,180.814,13,24.87,43.78,3066.58,13,7,"AARTIIND.NS,COALINDIA.NS,HAVELLS.NS,JINDALSTEL.NS,NAVINFLUOR.NS,SAIL.NS,SRF.NS","BAJFINANCE.NS,BRITANNIA.NS,FLUOROCHEM.NS,HINDUNILVR.NS,NESTLEIND.NS,RAMCOCEM.NS,TVSMOTOR.NS",HCLTECH.NS:8.0%|ATGL.NS:8.0%|VEDL.NS:8.0%|SRF.NS:8.0%|JINDALSTEL.NS:8.0%,FMCGĂ—2.0|MetalsĂ—2.0|ChemicalsĂ—1.8,BankingĂ—0.3|FinancialServicesĂ—0.3|AutomobilesĂ—0.3,1.5,False,0.3,0.858,0.3,0.3,2.0,2.0,1.208,0.858,0.3,0.3,0.715,0.3,0.3,0.631,1.828
2022-08-04,RL,1551622.68,1547538.83,-0.263,209.508,16,25.0,38.86,2917.01,8,12,"AMBUJACEM.NS,BAJAJFINSV.NS,BAJFINANCE.NS,GODREJCP.NS,RAMCOCEM.NS,SHREECEM.NS,TVSMOTOR.NS","AARTIIND.NS,COALINDIA.NS,LTTS.NS,SAIL.NS",TVSMOTOR.NS:8.0%|BAJAJFINSV.NS:8.0%|BAJFINANCE.NS:8.0%|PIIND.NS:8.0%|AMBUJACEM.NS:7.3%,ITĂ—2.0|FinancialServicesĂ—2.0|FMCGĂ—2.0,BankingĂ—0.3|TelecomĂ—0.3|CapitalGoodsĂ—0.3,0.5,False,2.0,2.0,2.0,0.3,2.0,0.734,0.3,2.0,0.3,0.45,2.0,0.3,2.0,0.3,2.0
2022-09-01,RL,1621949.43,1617422.36,-0.279,223.484,16,24.98,40.46,3233.6,10,12,"AARTIIND.NS,ADANIGREEN.NS,ASIANPAINT.NS,KPITTECH.NS,MUTHOOTFIN.NS,SONACOMS.NS","BAJFINANCE.NS,GODREJCP.NS,HCLTECH.NS,NAVINFLUOR.NS,PIIND.NS,TVSMOTOR.NS",BAJAJFINSV.NS:8.0%|SRF.NS:8.0%|MUTHOOTFIN.NS:8.0%|RAMCOCEM.NS:8.0%|VEDL.NS:6.2%,ITĂ—2.0|FinancialServicesĂ—2.0|FMCGĂ—2.0,BankingĂ—0.3|TelecomĂ—0.3|CapitalGoodsĂ—0.3,0.5,False,2.0,2.0,2.0,0.3,2.0,0.729,0.3,2.0,0.3,0.636,2.0,0.3,2.0,0.3,2.0
2022-09-29,RL,1617422.36,1594839.31,-1.396,218.968,18,24.98,16.32,1293.24,14,7,"CIPLA.NS,COFORGE.NS,HCLTECH.NS,TORNTPHARM.NS,VOLTAS.NS","AMBUJACEM.NS,JINDALSTEL.NS,SRF.NS",BAJAJFINSV.NS:8.0%|MUTHOOTFIN.NS:8.0%|RAMCOCEM.NS:8.0%|SONACOMS.NS:8.0%|VEDL.NS:6.3%,ITĂ—2.0|FinancialServicesĂ—2.0|FMCGĂ—2.0,BankingĂ—0.3|TelecomĂ—0.3|CapitalGoodsĂ—0.3,0.5,False,2.0,2.0,2.0,0.3,2.0,0.739,0.3,2.0,0.3,0.726,2.0,0.3,2.0,0.3,2.0
2022-10-27,RL,1615182.14,1612388.95,-0.173,222.478,16,24.94,24.83,1995.14,8,13,"BAJAJ-AUTO.NS,BAJFINANCE.NS,HEROMOTOCO.NS","ADANIGREEN.NS,ATGL.NS,BAJAJFINSV.NS,CIPLA.NS,DEEPAKNTR.NS",MUTHOOTFIN.NS:8.0%|BAJFINANCE.NS:8.0%|BAJAJ-AUTO.NS:8.0%|HEROMOTOCO.NS:7.4%|RAMCOCEM.NS:7.4%,ITĂ—2.0|FinancialServicesĂ—2.0|FMCGĂ—2.0,BankingĂ—0.3|TelecomĂ—0.3|CapitalGoodsĂ—0.3,0.5,False,2.0,2.0,2.0,0.3,2.0,0.744,0.3,2.0,0.3,0.493,2.0,0.3,2.0,0.3,2.0
2022-11-24,RL,1619227.85,1617031.53,-0.136,223.406,15,24.93,19.45,1568.8,10,9,"GODREJCP.NS,MPHASIS.NS,PERSISTENT.NS","ASIANPAINT.NS,HCLTECH.NS,KPITTECH.NS,TORNTPHARM.NS",RAMCOCEM.NS:8.0%|BAJFINANCE.NS:8.0%|BAJAJ-AUTO.NS:8.0%|HEROMOTOCO.NS:7.4%|PERSISTENT.NS:7.0%,ITĂ—2.0|FinancialServicesĂ—2.0|FMCGĂ—2.0,BankingĂ—0.3|PharmaĂ—0.3|TelecomĂ—0.3,0.5,False,2.0,2.0,2.0,0.3,2.0,0.849,0.3,2.0,0.3,0.3,2.0,0.3,1.927,0.3,2.0
2022-12-22,RL,1617031.53,1612848.02,-0.259,222.57,14,24.88,25.01,2014.67,8,10,"ASHOKLEY.NS,COALINDIA.NS,SRF.NS","GODREJCP.NS,MPHASIS.NS,MUTHOOTFIN.NS,VOLTAS.NS",HEROMOTOCO.NS:8.0%|ASHOKLEY.NS:8.0%|SRF.NS:8.0%|COALINDIA.NS:8.0%|RAMCOCEM.NS:8.0%,ITĂ—2.0|FinancialServicesĂ—2.0|FMCGĂ—2.0,BankingĂ—0.3|PharmaĂ—0.3|TelecomĂ—0.3,1.41,False,2.0,2.0,2.0,0.3,2.0,1.539,0.3,2.0,0.3,0.3,2.0,0.3,1.175,0.3,2.0
2023-01-19,RL,1620994.09,1619739.97,-0.077,223.948,14,25.09,11.25,895.8,7,10,"ACC.NS,COLPAL.NS,TVSMOTOR.NS","BAJAJ-AUTO.NS,SHREECEM.NS,SONACOMS.NS",HEROMOTOCO.NS:8.0%|ASHOKLEY.NS:8.0%|SRF.NS:8.0%|COALINDIA.NS:8.0%|RAMCOCEM.NS:8.0%,ITĂ—2.0|FinancialServicesĂ—2.0|FMCGĂ—2.0,BankingĂ—0.3|PharmaĂ—0.3|TelecomĂ—0.3,0.5,False,2.0,2.0,2.0,0.3,2.0,1.085,0.3,2.0,0.3,0.3,2.0,0.3,1.686,0.3,2.0
2023-02-16,RL,1638663.86,1634810.82,-0.235,226.962,12,25.05,33.68,2752.16,7,11,"ATGL.NS,DEEPAKNTR.NS,DMART.NS,MPHASIS.NS","ACC.NS,COLPAL.NS,HAVELLS.NS,HEROMOTOCO.NS,PERSISTENT.NS,VEDL.NS",ASHOKLEY.NS:8.0%|SRF.NS:8.0%|COALINDIA.NS:8.0%|DEEPAKNTR.NS:8.0%|ATGL.NS:8.0%,ITĂ—2.0|FinancialServicesĂ—2.0|FMCGĂ—2.0,BankingĂ—0.3|PharmaĂ—0.3|TelecomĂ—0.3,1.5,False,2.0,2.0,2.0,0.3,2.0,1.565,0.3,2.0,0.3,0.3,2.0,0.3,1.089,0.3,2.0
2023-03-16,RL,1634810.82,1554751.67,-4.897,210.95,12,28.36,43.33,3289.8,12,8,"APOLLOHOSP.NS,FORTIS.NS,HINDUNILVR.NS,JINDALSTEL.NS,MAXHEALTH.NS,NAVINFLUOR.NS,PIIND.NS,TATACONSUM.NS","ASHOKLEY.NS,ATGL.NS,BAJFINANCE.NS,COFORGE.NS,DMART.NS,MPHASIS.NS,RAMCOCEM.NS,TVSMOTOR.NS",COALINDIA.NS:9.1%|SRF.NS:9.1%|DEEPAKNTR.NS:9.1%|APOLLOHOSP.NS:6.8%|TATACONSUM.NS:6.8%,FMCGĂ—2.0|MetalsĂ—2.0|ChemicalsĂ—1.7,ITĂ—0.3|BankingĂ—0.3|FinancialServicesĂ—0.3,1.5,False,0.3,0.3,0.3,0.3,2.0,2.0,1.63,0.3,0.3,0.3,0.38,0.3,0.3,1.143,1.658
2023-04-13,RL,1597304.64,1592840.62,-0.279,218.568,14,27.71,40.0,3188.58,8,11,"ADANIGREEN.NS,ASHOKLEY.NS,ATGL.NS,BRITANNIA.NS,HDFCLIFE.NS,JSWSTEEL.NS,MARUTI.NS","AARTIIND.NS,APOLLOHOSP.NS,FORTIS.NS,HINDUNILVR.NS,MAXHEALTH.NS",COALINDIA.NS:8.0%|SRF.NS:8.0%|JSWSTEEL.NS:8.0%|HDFCLIFE.NS:8.0%|ADANIGREEN.NS:6.9%,ITĂ—2.0|FinancialServicesĂ—2.0|FMCGĂ—2.0,BankingĂ—0.3|TelecomĂ—0.3|CementĂ—0.3,0.5,False,2.0,2.0,2.0,0.3,2.0,1.66,0.3,2.0,0.3,0.978,2.0,0.3,0.3,0.3,2.0
2023-05-11,RL,1636228.26,1633801.19,-0.148,226.76,15,25.01,22.14,1733.64,10,9,"HINDUNILVR.NS,ITC.NS,MGL.NS,NMDC.NS,RELIANCE.NS","HDFCLIFE.NS,MARUTI.NS,PIIND.NS,TATACONSUM.NS",COALINDIA.NS:8.1%|SRF.NS:8.1%|JSWSTEEL.NS:8.1%|ITC.NS:8.0%|ADANIGREEN.NS:6.9%,ITĂ—2.0|FinancialServicesĂ—2.0|FMCGĂ—2.0,BankingĂ—0.3|TelecomĂ—0.3|CementĂ—0.3,0.5,False,2.0,2.0,2.0,0.3,2.0,1.666,0.3,2.0,0.3,0.698,2.0,0.3,0.3,0.3,2.0
2023-06-08,RL,1650010.12,1648903.66,-0.067,229.781,15,25.07,9.76,790.32,8,8,DMART.NS,COALINDIA.NS,SRF.NS:8.1%|JSWSTEEL.NS:8.1%|ITC.NS:8.0%|NMDC.NS:8.0%|ADANIGREEN.NS:7.0%,ITĂ—2.0|FinancialServicesĂ—2.0|FMCGĂ—2.0,BankingĂ—0.3|TelecomĂ—0.3|CementĂ—0.3,0.5,False,2.0,2.0,2.0,0.3,2.0,1.669,0.3,2.0,0.3,0.7,2.0,0.3,0.3,0.3,2.0
2023-07-06,RL,1672394.67,1670450.16,-0.116,234.09,15,25.03,16.76,1388.93,8,10,"HEROMOTOCO.NS,IOC.NS,LTTS.NS","DMART.NS,JSWSTEEL.NS,RELIANCE.NS",SRF.NS:8.1%|ITC.NS:8.1%|NMDC.NS:8.0%|ADANIGREEN.NS:8.0%|LTTS.NS:8.0%,ITĂ—2.0|FinancialServicesĂ—2.0|FMCGĂ—2.0,BankingĂ—0.3|TelecomĂ—0.3|CementĂ—0.3,0.5,False,2.0,2.0,2.0,0.3,2.0,1.67,0.3,2.0,0.3,0.702,2.0,0.3,0.3,0.3,2.0
2023-08-03,RL,1682884.65,1680166.21,-0.162,236.033,15,25.01,23.18,1941.74,13,6,"BPCL.NS,KPITTECH.NS,PIIND.NS,ZYDUSLIFE.NS","ADANIGREEN.NS,DEEPAKNTR.NS,JINDALSTEL.NS,LTTS.NS",SRF.NS:8.1%|ITC.NS:8.1%|ATGL.NS:8.0%|NAVINFLUOR.NS:8.0%|KPITTECH.NS:8.0%,ITĂ—2.0|FinancialServicesĂ—2.0|FMCGĂ—2.0,BankingĂ—0.3|TelecomĂ—0.3|CementĂ—0.3,0.5,False,2.0,2.0,2.0,0.3,2.0,1.665,0.3,2.0,0.3,0.699,2.0,0.3,0.3,0.3,2.0
2023-08-31,RL,1690452.47,1686999.12,-0.204,237.4,13,24.92,29.24,2466.67,10,9,"CHOLAFIN.NS,EICHERMOT.NS,MPHASIS.NS,SAIL.NS","ASHOKLEY.NS,BPCL.NS,HEROMOTOCO.NS,KPITTECH.NS,MGL.NS,ZYDUSLIFE.NS",SRF.NS:8.1%|ITC.NS:8.1%|ATGL.NS:8.0%|MPHASIS.NS:7.6%|CHOLAFIN.NS:7.3%,ITĂ—2.0|FinancialServicesĂ—2.0|FMCGĂ—2.0,BankingĂ—0.3|TelecomĂ—0.3|CementĂ—0.3,0.5,False,2.0,2.0,2.0,0.3,2.0,1.664,0.3,2.0,0.3,0.699,2.0,0.3,0.3,0.3,2.0
2023-09-28,RL,1698828.47,1696982.09,-0.109,239.396,13,24.93,15.68,1318.84,10,6,"ALKEM.NS,GAIL.NS,KPITTECH.NS","IOC.NS,NMDC.NS,SAIL.NS",SRF.NS:8.1%|ITC.NS:8.0%|ATGL.NS:8.0%|KPITTECH.NS:8.0%|MPHASIS.NS:7.6%,ITĂ—2.0|FinancialServicesĂ—2.0|FMCGĂ—2.0,BankingĂ—0.3|TelecomĂ—0.3|CementĂ—0.3,0.5,False,2.0,2.0,2.0,0.3,2.0,1.67,0.3,2.0,0.3,0.698,2.0,0.3,0.3,0.3,2.0
2023-10-26,RL,1696982.09,1620138.21,-4.528,224.028,14,24.96,21.79,1720.03,9,8,"DEEPAKNTR.NS,HDFCAMC.NS,LTTS.NS,TITAN.NS","EICHERMOT.NS,MPHASIS.NS,NAVINFLUOR.NS",SRF.NS:8.1%|ITC.NS:8.0%|HINDUNILVR.NS:8.0%|LTTS.NS:8.0%|ATGL.NS:8.0%,ITĂ—2.0|FinancialServicesĂ—2.0|FMCGĂ—2.0,BankingĂ—0.3|TelecomĂ—0.3|CementĂ—0.3,0.5,False,2.0,2.0,2.0,0.3,2.0,1.67,0.3,2.0,0.3,0.698,2.0,0.3,0.3,0.3,2.0
2023-11-23,RL,1733749.37,1730578.17,-0.183,246.116,14,25.01,26.98,2265.12,9,10,"JSWSTEEL.NS,MPHASIS.NS,NESTLEIND.NS,ONGC.NS,SAIL.NS","ATGL.NS,BRITANNIA.NS,CHOLAFIN.NS,DEEPAKNTR.NS,HDFCAMC.NS",SRF.NS:8.1%|ITC.NS:8.1%|HINDUNILVR.NS:8.0%|LTTS.NS:8.0%|PIIND.NS:8.0%,ITĂ—2.0|FinancialServicesĂ—2.0|FMCGĂ—2.0,BankingĂ—0.3|TelecomĂ—0.3|CementĂ—0.3,0.5,False,2.0,2.0,2.0,0.3,2.0,1.665,0.3,2.0,0.3,0.698,2.0,0.3,0.3,0.3,2.0
2023-12-21,RL,1805866.12,1803407.18,-0.136,260.681,15,25.11,20.05,1756.37,9,10,"ASHOKLEY.NS,ATGL.NS,CHOLAFIN.NS,DEEPAKNTR.NS,ZYDUSLIFE.NS","GAIL.NS,MPHASIS.NS,SAIL.NS,TITAN.NS",SRF.NS:8.2%|ITC.NS:8.1%|HINDUNILVR.NS:8.1%|LTTS.NS:8.1%|ONGC.NS:6.2%,ITĂ—2.0|FinancialServicesĂ—2.0|FMCGĂ—2.0,BankingĂ—0.3|TelecomĂ—0.3|CementĂ—0.3,0.5,False,2.0,2.0,2.0,0.3,2.0,1.669,0.3,2.0,0.3,0.699,2.0,0.3,0.3,0.3,2.0
2024-01-18,RL,1827754.45,1826387.46,-0.075,265.277,17,24.89,10.77,976.42,11,7,"ADANIGREEN.NS,BAJAJ-AUTO.NS,HEROMOTOCO.NS",KPITTECH.NS,SRF.NS:8.1%|ITC.NS:8.1%|HINDUNILVR.NS:8.0%|LTTS.NS:6.5%|ONGC.NS:6.2%,ITĂ—2.0|FinancialServicesĂ—2.0|FMCGĂ—2.0,BankingĂ—0.3|TelecomĂ—0.3|CementĂ—0.3,0.5,False,2.0,2.0,2.0,0.3,2.0,1.669,0.3,2.0,0.3,0.702,2.0,0.3,0.3,0.3,2.0
2024-02-15,RL,1844998.78,1841096.04,-0.212,268.219,15,24.94,30.35,2787.67,9,12,"BPCL.NS,GAIL.NS,HDFCAMC.NS,TITAN.NS","ADANIGREEN.NS,ALKEM.NS,ASHOKLEY.NS,ATGL.NS,CHOLAFIN.NS,HINDUNILVR.NS",SRF.NS:8.1%|ITC.NS:8.1%|HDFCAMC.NS:8.0%|BPCL.NS:6.6%|LTTS.NS:6.5%,ITĂ—2.0|FinancialServicesĂ—2.0|FMCGĂ—2.0,BankingĂ—0.3|TelecomĂ—0.3|CementĂ—0.3,0.5,False,2.0,2.0,2.0,0.3,2.0,1.668,0.3,2.0,0.3,0.704,2.0,0.3,0.3,0.3,2.0
2024-03-14,RL,1841096.04,1825288.08,-0.859,265.058,14,24.96,33.53,3056.59,9,12,"ASIANPAINT.NS,BAJFINANCE.NS,COFORGE.NS,HCLTECH.NS,TATACONSUM.NS,TVSMOTOR.NS","BAJAJ-AUTO.NS,BPCL.NS,HEROMOTOCO.NS,JSWSTEEL.NS,NESTLEIND.NS,ONGC.NS,ZYDUSLIFE.NS",SRF.NS:8.1%|ASIANPAINT.NS:8.0%|HCLTECH.NS:8.0%|HDFCAMC.NS:8.0%|BAJFINANCE.NS:6.9%,ITĂ—2.0|FinancialServicesĂ—2.0|FMCGĂ—2.0,BankingĂ—0.3|PharmaĂ—0.3|MetalsĂ—0.3,0.5,False,2.0,2.0,2.0,0.3,2.0,0.3,0.3,2.0,0.3,0.3,2.0,0.3,0.3,0.3,2.0
2024-04-12,RL,1861469.81,1858762.02,-0.145,271.752,12,24.99,21.09,1934.13,8,8,"ASHOKLEY.NS,COLPAL.NS","GAIL.NS,ITC.NS,SRF.NS,TITAN.NS",ASIANPAINT.NS:8.0%|HCLTECH.NS:8.0%|HDFCAMC.NS:8.0%|TATACONSUM.NS:8.0%|COLPAL.NS:8.0%,ITĂ—2.0|FinancialServicesĂ—2.0|FMCGĂ—2.0,BankingĂ—0.3|PharmaĂ—0.3|MetalsĂ—0.3,0.5,False,2.0,2.0,2.0,0.3,2.0,0.3,0.3,2.0,0.3,0.3,2.0,0.3,0.3,0.3,2.0
2024-05-09,RL,1858762.02,1780655.73,-4.202,256.131,12,24.99,27.28,2382.3,9,7,"DMART.NS,HEROMOTOCO.NS,TATAELXSI.NS,VINATIORGA.NS","BAJFINANCE.NS,COFORGE.NS,HCLTECH.NS,HDFCAMC.NS",ASIANPAINT.NS:8.0%|TATACONSUM.NS:8.0%|COLPAL.NS:8.0%|TVSMOTOR.NS:8.0%|VINATIORGA.NS:8.0%,ITĂ—2.0|FinancialServicesĂ—2.0|FMCGĂ—2.0,BankingĂ—0.3|PharmaĂ—0.3|MetalsĂ—0.3,0.5,False,2.0,2.0,2.0,0.3,2.0,0.3,0.3,2.0,0.3,0.3,2.0,0.3,0.3,0.3,1.993
2024-06-06,RL,1868881.56,1867866.93,-0.054,273.573,13,24.98,8.38,724.71,5,8,SRF.NS,,ASIANPAINT.NS:8.0%|TATACONSUM.NS:8.0%|COLPAL.NS:8.0%|TVSMOTOR.NS:8.0%|TATAELXSI.NS:8.0%,ITĂ—2.0|FinancialServicesĂ—2.0|FMCGĂ—2.0,BankingĂ—0.3|PharmaĂ—0.3|MetalsĂ—0.3,0.5,False,2.0,2.0,2.0,0.3,2.0,0.3,0.3,2.0,0.3,0.3,2.0,0.3,0.3,0.3,2.0
2024-07-04,RL,1913409.41,1910288.35,-0.163,282.058,14,25.15,23.68,2229.32,9,9,"BAJAJ-AUTO.NS,HCLTECH.NS,MPHASIS.NS,RELAXO.NS,RELIANCE.NS","DEEPAKNTR.NS,DMART.NS,PIIND.NS,VINATIORGA.NS",ASIANPAINT.NS:8.1%|COLPAL.NS:8.1%|RELAXO.NS:8.0%|SRF.NS:8.0%|TATAELXSI.NS:8.0%,ITĂ—2.0|FinancialServicesĂ—2.0|FMCGĂ—2.0,BankingĂ—0.3|PharmaĂ—0.3|MetalsĂ—0.3,0.5,False,2.0,2.0,2.0,0.3,2.0,0.3,0.3,2.0,0.3,0.3,2.0,0.3,0.3,0.3,2.0
2024-08-01,RL,1985403.43,1983279.41,-0.107,296.656,14,24.93,15.67,1517.14,8,9,"ITC.NS,MUTHOOTFIN.NS,TITAN.NS","ASHOKLEY.NS,MPHASIS.NS,RELAXO.NS",ASIANPAINT.NS:8.1%|COLPAL.NS:8.1%|SRF.NS:8.0%|TATAELXSI.NS:8.0%|TVSMOTOR.NS:8.0%,ITĂ—2.0|FinancialServicesĂ—2.0|FMCGĂ—2.0,BankingĂ—0.3|PharmaĂ—0.3|MetalsĂ—0.3,0.5,False,2.0,2.0,2.0,0.3,2.0,0.3,0.3,2.0,0.3,0.3,2.0,0.3,0.3,0.3,2.0
2024-08-29,RL,2058118.21,2055925.86,-0.107,311.185,13,24.98,15.69,1565.95,5,10,MGL.NS,"ASIANPAINT.NS,RELIANCE.NS",COLPAL.NS:8.1%|SRF.NS:8.0%|TATAELXSI.NS:8.0%|ITC.NS:8.0%|TVSMOTOR.NS:8.0%,ITĂ—2.0|FinancialServicesĂ—2.0|FMCGĂ—2.0,BankingĂ—0.3|PharmaĂ—0.3|MetalsĂ—0.3,0.5,False,2.0,2.0,2.0,0.3,2.0,0.3,0.3,2.0,0.3,0.3,2.0,0.3,0.3,0.3,2.0
2024-09-26,RL,2111561.23,2105109.7,-0.306,321.022,13,28.48,45.77,4608.17,13,7,"ASHOKLEY.NS,DABUR.NS,DMART.NS,HINDUNILVR.NS,INFY.NS,TECHM.NS,VINATIORGA.NS","COLPAL.NS,HEROMOTOCO.NS,LTTS.NS,MGL.NS,SRF.NS,TATACONSUM.NS,TATAELXSI.NS",ITC.NS:9.1%|TVSMOTOR.NS:9.1%|MUTHOOTFIN.NS:8.3%|HINDUNILVR.NS:6.8%|TECHM.NS:6.8%,ITĂ—2.0|FinancialServicesĂ—2.0|FMCGĂ—2.0,BankingĂ—0.3|PharmaĂ—0.3|MetalsĂ—0.3,0.5,False,2.0,2.0,2.0,0.3,2.0,0.3,0.3,2.0,0.3,0.3,2.0,0.3,0.3,0.3,2.0
2024-10-24,RL,2105109.7,1978761.69,-6.002,295.752,15,24.92,31.89,2899.4,11,8,"ATGL.NS,GODREJCP.NS,HEROMOTOCO.NS,PERSISTENT.NS,SRF.NS,TATACONSUM.NS","BAJAJ-AUTO.NS,HINDUNILVR.NS,ITC.NS,VINATIORGA.NS",MUTHOOTFIN.NS:8.3%|TECHM.NS:8.0%|TVSMOTOR.NS:8.0%|GODREJCP.NS:8.0%|DABUR.NS:6.1%,ITĂ—2.0|FinancialServicesĂ—2.0|FMCGĂ—2.0,BankingĂ—0.3|PharmaĂ—0.3|MetalsĂ—0.3,0.5,False,2.0,2.0,2.0,0.3,2.0,0.3,0.3,2.0,0.3,0.3,2.0,0.3,0.3,0.3,1.504
2024-11-21,RL,1978761.69,1902758.55,-3.841,280.552,12,25.0,39.79,3746.52,9,10,"BRITANNIA.NS,CHOLAFIN.NS,COLPAL.NS,RELIANCE.NS","ASHOKLEY.NS,DMART.NS,GODREJCP.NS,HEROMOTOCO.NS,INFY.NS,MUTHOOTFIN.NS,TATACONSUM.NS",RELIANCE.NS:8.0%|CHOLAFIN.NS:8.0%|COLPAL.NS:8.0%|PERSISTENT.NS:8.0%|TVSMOTOR.NS:8.0%,FinancialServicesĂ—2.0|FMCGĂ—2.0|AutomobilesĂ—2.0,BankingĂ—0.3|PharmaĂ—0.3|MetalsĂ—0.3,0.5,False,2.0,0.848,2.0,0.3,2.0,0.3,0.3,1.612,0.3,0.3,2.0,0.3,0.3,0.3,0.947
2024-12-19,RL,1975328.2,1972605.38,-0.138,294.521,13,25.06,20.25,1944.86,9,7,"COFORGE.NS,DMART.NS,IOC.NS,NESTLEIND.NS","COLPAL.NS,HCLTECH.NS,TVSMOTOR.NS",RELIANCE.NS:8.0%|CHOLAFIN.NS:8.0%|PERSISTENT.NS:8.0%|NESTLEIND.NS:7.7%|TECHM.NS:7.1%,FinancialServicesĂ—2.0|FMCGĂ—2.0|AutomobilesĂ—2.0,BankingĂ—0.3|PharmaĂ—0.3|MetalsĂ—0.3,0.5,False,2.0,1.141,2.0,0.3,2.0,0.3,0.3,1.77,0.3,0.3,2.0,0.3,0.3,0.3,1.03
2025-01-16,RL,1972605.38,1968889.45,-0.188,293.778,13,25.0,9.75,959.28,6,8,TVSMOTOR.NS,TITAN.NS,RELIANCE.NS:8.1%|CHOLAFIN.NS:8.1%|PERSISTENT.NS:8.1%|TVSMOTOR.NS:8.0%|NESTLEIND.NS:7.7%,FinancialServicesĂ—2.0|FMCGĂ—2.0|AutomobilesĂ—2.0,BankingĂ—0.3|PharmaĂ—0.3|MetalsĂ—0.3,0.5,False,2.0,0.476,2.0,0.3,2.0,0.3,0.3,1.447,0.3,0.3,2.0,0.3,0.3,0.3,0.968
2025-02-13,RL,1968889.45,1961131.58,-0.394,292.226,20,5.0,41.36,3069.46,14,8,"BAJAJ-AUTO.NS,DEEPAKNTR.NS,HEROMOTOCO.NS,KPITTECH.NS,SBILIFE.NS,SONACOMS.NS,TATAELXSI.NS,TITAN.NS,VOLTAS.NS","TECHM.NS,TVSMOTOR.NS",RELIANCE.NS:8.1%|CHOLAFIN.NS:8.1%|BAJAJ-AUTO.NS:8.0%|KPITTECH.NS:8.0%|NESTLEIND.NS:7.7%,ITĂ—2.0|FinancialServicesĂ—2.0|FMCGĂ—2.0,BankingĂ—0.3|PharmaĂ—0.3|MetalsĂ—0.3,0.5,False,2.0,1.485,2.0,0.3,2.0,0.3,0.3,2.0,0.3,0.3,2.0,0.3,0.3,0.3,2.0
2025-03-13,RL,1961131.58,1890740.5,-3.589,278.148,18,0.0,36.14,3188.09,10,15,"BALKRISIND.NS,GLENMARK.NS,LTIM.NS,TORNTPHARM.NS,ZYDUSLIFE.NS","DEEPAKNTR.NS,DMART.NS,KPITTECH.NS,PERSISTENT.NS,SRF.NS,TITAN.NS,VOLTAS.NS",RELIANCE.NS:8.1%|CHOLAFIN.NS:8.1%|GLENMARK.NS:8.0%|COFORGE.NS:8.0%|NESTLEIND.NS:7.7%,ITĂ—2.0|FinancialServicesĂ—2.0|FMCGĂ—2.0,BankingĂ—0.3|MetalsĂ—0.3|CapitalGoodsĂ—0.3,0.5,False,2.0,0.3,2.0,0.872,2.0,0.3,0.3,2.0,0.3,1.453,2.0,0.3,0.844,0.3,2.0
2025-04-11,RL,1890740.5,1867026.43,-1.254,273.405,20,12.0,39.37,3128.09,14,12,"COLPAL.NS,HAVELLS.NS,INFY.NS,ITC.NS,MARICO.NS,PIDILITIND.NS,SRF.NS,VOLTAS.NS","BRITANNIA.NS,GLENMARK.NS,HEROMOTOCO.NS,NESTLEIND.NS,TORNTPHARM.NS,ZYDUSLIFE.NS",RELIANCE.NS:7.7%|SBILIFE.NS:7.6%|MARICO.NS:7.6%|COFORGE.NS:7.6%|TATAELXSI.NS:6.2%,ITĂ—2.0|FinancialServicesĂ—2.0|FMCGĂ—2.0,BankingĂ—0.3|PharmaĂ—0.3|MetalsĂ—0.3,0.5,False,2.0,0.608,2.0,0.3,2.0,0.3,0.3,2.0,0.3,0.3,2.0,0.3,0.3,0.3,2.0
2025-05-08,RL,2023001.12,2017662.88,-0.264,303.533,20,5.0,40.8,3813.11,12,13,"BRITANNIA.NS,DMART.NS,FLUOROCHEM.NS,HCLTECH.NS,NAM-INDIA.NS","INFY.NS,IOC.NS,LTIM.NS,MARICO.NS,PIDILITIND.NS",NAM-INDIA.NS:8.0%|ATGL.NS:8.0%|DMART.NS:8.0%|BALKRISIND.NS:7.9%|RELIANCE.NS:7.7%,ITĂ—2.0|FinancialServicesĂ—2.0|FMCGĂ—2.0,BankingĂ—0.3|PharmaĂ—0.3|MetalsĂ—0.3,0.5,False,2.0,2.0,2.0,0.3,2.0,0.3,0.3,2.0,0.3,0.3,2.0,0.3,0.3,0.3,2.0
2025-06-05,RL,2105136.33,2099061.11,-0.289,319.812,20,4.76,41.35,4339.44,15,12,"ASIANPAINT.NS,HINDUNILVR.NS,LICHSGFIN.NS,LTIM.NS,RELAXO.NS,TITAN.NS,WHIRLPOOL.NS","ATGL.NS,BRITANNIA.NS,CHOLAFIN.NS,DMART.NS,HAVELLS.NS,RELIANCE.NS,TATAELXSI.NS",NAM-INDIA.NS:8.0%|LICHSGFIN.NS:8.0%|FLUOROCHEM.NS:8.0%|TITAN.NS:8.0%|BALKRISIND.NS:7.9%,ITĂ—2.0|FinancialServicesĂ—2.0|FMCGĂ—2.0,BankingĂ—0.3|PharmaĂ—0.3|MetalsĂ—0.3,0.5,False,2.0,2.0,2.0,0.3,2.0,0.3,0.3,2.0,0.3,0.3,2.0,0.3,0.3,0.3,2.0
2025-07-03,RL,2142653.53,2140516.61,-0.1,328.103,20,4.47,14.27,1526.37,13,10,"DMART.NS,PETRONET.NS,TATAELXSI.NS","HCLTECH.NS,SBILIFE.NS,VOLTAS.NS",LICHSGFIN.NS:8.0%|FLUOROCHEM.NS:8.0%|TITAN.NS:8.0%|BALKRISIND.NS:7.9%|TATAELXSI.NS:6.5%,ITĂ—2.0|FinancialServicesĂ—2.0|FMCGĂ—2.0,BankingĂ—0.3|PharmaĂ—0.3|MetalsĂ—0.3,0.5,False,2.0,2.0,2.0,0.3,2.0,0.3,0.3,2.0,0.3,0.3,2.0,0.3,0.3,0.3,2.0
2025-07-31,RL,2140516.61,2107370.63,-1.549,321.474,19,0.0,28.33,2752.37,13,11,"DEEPAKNTR.NS,IOC.NS,ONGC.NS,TVSMOTOR.NS","BAJAJ-AUTO.NS,DMART.NS,HINDUNILVR.NS,SRF.NS,TATAELXSI.NS",LICHSGFIN.NS:8.1%|FLUOROCHEM.NS:8.1%|TITAN.NS:8.1%|SONACOMS.NS:8.0%|DEEPAKNTR.NS:8.0%,ITĂ—2.0|FinancialServicesĂ—2.0|FMCGĂ—2.0,BankingĂ—0.3|PharmaĂ—0.3|MetalsĂ—0.3,0.5,False,2.0,2.0,2.0,0.3,2.0,0.3,0.3,2.0,0.3,0.3,2.0,0.3,0.3,0.3,2.0
2025-08-28,RL,2107370.63,2064609.88,-2.029,312.922,18,0.0,17.84,1842.64,10,13,"ATGL.NS,BPCL.NS,GAIL.NS,HAVELLS.NS","ITC.NS,LTIM.NS,ONGC.NS,PETRONET.NS,WHIRLPOOL.NS",FLUOROCHEM.NS:8.0%|LICHSGFIN.NS:8.0%|TITAN.NS:8.0%|SONACOMS.NS:8.0%|COLPAL.NS:8.0%,ITĂ—2.0|FinancialServicesĂ—2.0|FMCGĂ—2.0,BankingĂ—0.3|PharmaĂ—0.3|MetalsĂ—0.3,0.5,False,2.0,1.371,2.0,0.3,2.0,0.3,0.3,2.0,0.3,0.3,2.0,0.3,0.3,0.3,2.0
2025-09-25,RL,2097501.38,2095334.7,-0.103,319.067,18,0.0,14.75,1547.63,9,12,"AARTIIND.NS,CHOLAFIN.NS,MGL.NS","ASIANPAINT.NS,ATGL.NS,RELAXO.NS",FLUOROCHEM.NS:8.0%|LICHSGFIN.NS:8.0%|TITAN.NS:8.0%|SONACOMS.NS:8.0%|DEEPAKNTR.NS:8.0%,ITĂ—2.0|FinancialServicesĂ—2.0|FMCGĂ—2.0,BankingĂ—0.3|PharmaĂ—0.3|MetalsĂ—0.3,0.5,False,2.0,1.755,2.0,0.3,2.0,0.3,0.3,2.0,0.3,0.3,2.0,0.3,0.3,0.3,2.0
2025-10-23,RL,2172984.11,2170284.57,-0.124,334.057,17,0.0,17.79,1928.24,14,7,"ASHOKLEY.NS,ASIANPAINT.NS,PERSISTENT.NS","DABUR.NS,GAIL.NS,TITAN.NS,TVSMOTOR.NS",FLUOROCHEM.NS:8.1%|LICHSGFIN.NS:8.1%|SONACOMS.NS:8.0%|ASIANPAINT.NS:8.0%|COFORGE.NS:8.0%,ITĂ—2.0|FinancialServicesĂ—2.0|FMCGĂ—2.0,BankingĂ—0.3|PharmaĂ—0.3|MetalsĂ—0.3,0.5,False,2.0,1.976,2.0,0.3,2.0,0.3,0.3,2.0,0.3,0.3,2.0,0.3,0.3,0.3,2.0
2025-11-20,RL,2218917.5,2215707.06,-0.145,343.141,17,0.0,20.69,2293.17,11,8,"DMART.NS,PIIND.NS","CHOLAFIN.NS,PERSISTENT.NS",LICHSGFIN.NS:8.1%|FLUOROCHEM.NS:8.1%|NAM-INDIA.NS:8.0%|ASHOKLEY.NS:8.0%|IOC.NS:8.0%,ITĂ—2.0|FinancialServicesĂ—2.0|FMCGĂ—2.0,BankingĂ—0.3|PharmaĂ—0.3|MetalsĂ—0.3,0.5,False,2.0,2.0,2.0,0.3,2.0,0.3,0.3,2.0,0.3,0.3,2.0,0.3,0.3,0.3,2.0
2025-12-18,RL,2215707.06,2200514.49,-0.686,340.103,18,0.0,25.17,2770.35,13,7,"BAJAJ-AUTO.NS,EICHERMOT.NS,PETRONET.NS","ASHOKLEY.NS,BPCL.NS",LICHSGFIN.NS:8.1%|FLUOROCHEM.NS:8.1%|PETRONET.NS:8.0%|MGL.NS:8.0%|NAM-INDIA.NS:8.0%,ITĂ—2.0|FinancialServicesĂ—2.0|FMCGĂ—2.0,BankingĂ—0.3|PharmaĂ—0.3|MetalsĂ—0.3,0.5,False,2.0,2.0,2.0,0.3,2.0,0.3,0.3,2.0,0.3,0.3,2.0,0.3,0.3,0.3,2.0
2026-01-15,RL,2201330.83,2190859.18,-0.476,338.172,16,0.0,68.19,7479.74,16,12,"BPCL.NS,GODREJPROP.NS,HCLTECH.NS,HDFCAMC.NS,MARICO.NS,MARUTI.NS,OBEROIRLTY.NS,ONGC.NS,TATACONSUM.NS,TCS.NS","AARTIIND.NS,ASIANPAINT.NS,BALKRISIND.NS,DEEPAKNTR.NS,DMART.NS,FLUOROCHEM.NS,HAVELLS.NS,LICHSGFIN.NS,MGL.NS,PETRONET.NS,PIIND.NS,SONACOMS.NS",COLPAL.NS:18.1%|NAM-INDIA.NS:18.1%|BAJAJ-AUTO.NS:17.8%|COFORGE.NS:13.0%|IOC.NS:6.0%,ITĂ—2.0|FinancialServicesĂ—2.0|FMCGĂ—2.0,BankingĂ—0.3|PharmaĂ—0.3|MetalsĂ—0.3,0.5,False,2.0,0.3,2.0,0.3,2.0,0.3,0.3,2.0,1.811,0.3,2.0,0.3,0.3,0.3,0.3
2026-02-12,RL,2227163.62,2220298.71,-0.308,344.06,18,0.0,44.09,4903.5,13,9,"DLF.NS,ITC.NS,KPITTECH.NS,LICHSGFIN.NS,MUTHOOTFIN.NS,TECHM.NS","HCLTECH.NS,MARICO.NS,NAM-INDIA.NS,TCS.NS",COFORGE.NS:9.2%|COLPAL.NS:9.2%|BAJAJ-AUTO.NS:9.2%|IOC.NS:8.6%|BPCL.NS:7.7%,ITĂ—2.0|FinancialServicesĂ—2.0|FMCGĂ—2.0,BankingĂ—0.3|PharmaĂ—0.3|MetalsĂ—0.3,0.5,False,2.0,0.3,2.0,0.3,2.0,0.3,0.3,2.0,2.0,0.3,2.0,0.3,0.3,0.3,0.3
2026-03-12,RL,2220298.71,1951078.03,-12.125,290.216,18,0.0,40.85,3992.15,11,13,"BAJAJFINSV.NS,GODREJCP.NS,HDFCLIFE.NS,INDUSTOWER.NS,LTIM.NS,TVSMOTOR.NS","ITC.NS,LICHSGFIN.NS,MARUTI.NS,MUTHOOTFIN.NS,ONGC.NS,TECHM.NS",IOC.NS:8.1%|COLPAL.NS:8.1%|BAJAJFINSV.NS:8.1%|KPITTECH.NS:8.1%|BAJAJ-AUTO.NS:8.0%,FinancialServicesĂ—2.0|FMCGĂ—2.0|AutomobilesĂ—2.0,BankingĂ—0.3|PharmaĂ—0.3|MetalsĂ—0.3,0.5,False,2.0,0.3,2.0,2.0,2.0,0.3,0.3,1.341,2.0,0.3,1.374,0.3,0.3,0.3,0.3
