date,mode,pre_nav,post_nav,period_return_pct,cum_return_pct,n_stocks,cash_pct,turnover_pct,cost_inr,n_buys,n_sells,stocks_added,stocks_removed,top5_holdings,rl_overweight,rl_underweight,aggressiveness,emergency,tilt_Banking,tilt_Energy,tilt_Pharma,tilt_FinancialServices,tilt_Healthcare,tilt_Automobiles,tilt_ConsumerDiscretionary,tilt_CapitalGoods,tilt_RealEstate,tilt_Chemicals,tilt_Metals,tilt_Telecom,tilt_FMCG,tilt_IT,tilt_Cement
2015-01-01,RL,500000.0,498336.31,-0.333,-0.333,26,5.0,95.32,1188.69,26,0,"AARTIIND.NS,BAJAJFINSV.NS,BPCL.NS,COFORGE.NS,CUMMINSIND.NS,DRREDDY.NS,GAIL.NS,GODREJCP.NS,HAVELLS.NS,HCLTECH.NS,INFY.NS,IOC.NS,JSWSTEEL.NS,M&M.NS,NMDC.NS,PETRONET.NS,PIDILITIND.NS,SHREECEM.NS,SIEMENS.NS,SUNPHARMA.NS,TCS.NS,TITAN.NS,VEDL.NS,VOLTAS.NS,WHIRLPOOL.NS,WIPRO.NS",,M&M.NS:3.7%|CUMMINSIND.NS:3.7%|SIEMENS.NS:3.7%|SHREECEM.NS:3.7%|AARTIIND.NS:3.7%,ChemicalsĂ—1.5|ConsumerDiscretionaryĂ—1.4|FinancialServicesĂ—1.4,RealEstateĂ—0.7|EnergyĂ—0.8|FMCGĂ—0.8,1.0,False,1.292,0.826,0.927,1.352,1.038,0.928,1.421,1.085,0.655,1.511,0.876,0.954,0.835,1.129,1.169
2015-01-29,RL,522339.35,522004.0,-0.064,4.401,25,0.0,7.64,239.54,8,18,,AARTIIND.NS,BAJAJFINSV.NS:8.0%|COFORGE.NS:7.7%|M&M.NS:3.7%|CUMMINSIND.NS:3.7%|SIEMENS.NS:3.7%,ChemicalsĂ—1.5|CementĂ—1.4|BankingĂ—1.4,EnergyĂ—0.7|RealEstateĂ—0.7|HealthcareĂ—0.8,1.0,False,1.365,0.651,0.832,1.358,0.786,1.174,1.355,1.352,0.732,1.458,0.886,1.044,0.922,0.955,1.368
2015-02-26,RL,531562.92,530746.3,-0.154,6.149,23,0.0,21.5,583.31,15,13,"CIPLA.NS,PERSISTENT.NS,PIIND.NS","HAVELLS.NS,INFY.NS,M&M.NS,TCS.NS,VOLTAS.NS",PIDILITIND.NS:8.0%|TITAN.NS:8.0%|GODREJCP.NS:8.0%|BAJAJFINSV.NS:7.6%|COFORGE.NS:7.3%,ChemicalsĂ—1.7|FinancialServicesĂ—1.4|ConsumerDiscretionaryĂ—1.3,MetalsĂ—0.7|EnergyĂ—0.8|TelecomĂ—0.8,1.0,False,0.977,0.776,0.956,1.405,1.161,1.078,1.34,0.957,1.003,1.65,0.663,0.847,0.913,1.015,1.169
2015-03-26,RL,530746.3,522081.61,-1.633,4.416,20,0.0,14.98,387.04,14,10,BHEL.NS,"CIPLA.NS,PERSISTENT.NS,SIEMENS.NS,VEDL.NS",BHEL.NS:8.0%|PIDILITIND.NS:7.9%|TITAN.NS:7.9%|GODREJCP.NS:7.9%|SUNPHARMA.NS:7.6%,ChemicalsĂ—1.6|RealEstateĂ—1.2|AutomobilesĂ—1.2,EnergyĂ—0.7|ITĂ—0.9,1.0,False,0.985,0.742,1.128,0.983,0.969,1.158,1.151,0.939,1.159,1.587,0.933,1.074,0.965,0.855,0.999
2015-04-23,RL,528901.36,528212.67,-0.13,5.643,19,0.0,18.76,491.92,13,9,"AMBUJACEM.NS,DIVISLAB.NS","CUMMINSIND.NS,HCLTECH.NS,TITAN.NS",BHEL.NS:8.1%|PIDILITIND.NS:8.0%|GODREJCP.NS:8.0%|DRREDDY.NS:8.0%|DIVISLAB.NS:8.0%,ChemicalsĂ—1.6|ConsumerDiscretionaryĂ—1.5,MetalsĂ—0.8|RealEstateĂ—0.9,1.0,False,1.089,0.918,1.099,0.98,0.906,0.983,1.466,0.942,0.873,1.606,0.781,0.978,0.939,1.049,1.089
2015-05-21,RL,543499.39,542220.29,-0.235,8.444,20,0.0,33.57,913.64,10,15,"ABB.NS,BAJFINANCE.NS,COALINDIA.NS,LICHSGFIN.NS,POWERGRID.NS,SAIL.NS","COFORGE.NS,GODREJCP.NS,JSWSTEEL.NS,WHIRLPOOL.NS,WIPRO.NS",BHEL.NS:8.1%|SAIL.NS:8.0%|POWERGRID.NS:8.0%|ABB.NS:8.0%|PIDILITIND.NS:7.9%,ChemicalsĂ—1.5|ConsumerDiscretionaryĂ—1.2|PharmaĂ—1.1,EnergyĂ—0.7|RealEstateĂ—0.9,1.0,False,1.071,0.747,1.123,0.976,1.085,1.097,1.198,1.078,0.895,1.524,0.917,1.092,0.944,0.931,0.956
2015-06-18,RL,542220.29,532626.61,-1.769,6.525,20,0.0,12.45,326.52,13,10,"ASIANPAINT.NS,AUROPHARMA.NS,MARICO.NS","BAJFINANCE.NS,COALINDIA.NS,DIVISLAB.NS",SUNPHARMA.NS:8.0%|MARICO.NS:8.0%|BHEL.NS:7.9%|SAIL.NS:7.8%|POWERGRID.NS:7.8%,ConsumerDiscretionaryĂ—1.3|HealthcareĂ—1.2|FinancialServicesĂ—1.2,EnergyĂ—0.7|ITĂ—0.8|MetalsĂ—0.8,1.0,False,1.128,0.749,1.155,1.181,1.235,1.093,1.295,1.176,0.897,1.162,0.847,0.888,1.108,0.839,1.028
2015-07-16,RL,581712.15,581106.29,-0.104,16.221,20,0.0,19.99,432.72,8,15,"ITC.NS,VEDL.NS,VOLTAS.NS","ASIANPAINT.NS,BPCL.NS,DRREDDY.NS",SUNPHARMA.NS:8.1%|MARICO.NS:8.1%|BHEL.NS:8.0%|SAIL.NS:7.9%|POWERGRID.NS:7.9%,PharmaĂ—1.3|CementĂ—1.3|FMCGĂ—1.2,ITĂ—0.8|RealEstateĂ—0.8|TelecomĂ—0.8,1.2,False,1.063,0.971,1.272,1.137,0.874,1.141,1.096,1.093,0.802,1.096,1.134,0.826,1.181,0.79,1.258
2015-08-13,RL,581106.29,559227.76,-3.765,11.846,19,0.0,24.84,566.98,16,6,"HAVELLS.NS,HINDUNILVR.NS","AUROPHARMA.NS,LICHSGFIN.NS,PIDILITIND.NS",ITC.NS:8.0%|SUNPHARMA.NS:8.0%|AMBUJACEM.NS:8.0%|MARICO.NS:7.5%|BHEL.NS:7.3%,AutomobilesĂ—1.3|CementĂ—1.3|FinancialServicesĂ—1.3,RealEstateĂ—0.7|ITĂ—0.8,1.0,False,0.992,0.9,1.047,1.285,1.022,1.348,1.028,1.161,0.665,0.989,0.969,0.988,1.117,0.849,1.286
2015-09-10,RL,559227.76,545620.5,-2.433,9.124,16,14.9,42.04,950.84,13,10,"AUROPHARMA.NS,CIPLA.NS,MPHASIS.NS,PERSISTENT.NS","ABB.NS,HAVELLS.NS,IOC.NS,MARICO.NS,NMDC.NS,PETRONET.NS,SAIL.NS",SUNPHARMA.NS:8.3%|AMBUJACEM.NS:8.3%|BHEL.NS:7.6%|POWERGRID.NS:7.5%|ITC.NS:7.0%,MetalsĂ—1.4|ConsumerDiscretionaryĂ—1.3|PharmaĂ—1.2,RealEstateĂ—0.8|FinancialServicesĂ—0.9|BankingĂ—0.9,0.5,False,0.864,1.091,1.242,0.858,0.937,0.981,1.274,0.895,0.84,1.165,1.406,0.959,0.927,1.082,1.218
2015-10-08,RL,556981.03,556078.68,-0.162,11.216,18,0.0,27.43,644.58,11,9,"GODREJCP.NS,INDUSINDBK.NS,NMDC.NS,WHIRLPOOL.NS","ITC.NS,POWERGRID.NS",SUNPHARMA.NS:8.4%|AMBUJACEM.NS:8.4%|PERSISTENT.NS:7.9%|AUROPHARMA.NS:7.9%|GODREJCP.NS:7.9%,CementĂ—1.3|FMCGĂ—1.2|ConsumerDiscretionaryĂ—1.1,CapitalGoodsĂ—0.8|RealEstateĂ—0.9,1.0,False,1.004,0.97,0.943,1.113,1.046,1.074,1.146,0.846,0.86,1.0,0.951,0.965,1.219,0.994,1.342
2015-11-05,RL,557551.79,557410.17,-0.025,11.482,19,0.0,2.36,101.16,13,6,ULTRACEMCO.NS,,SUNPHARMA.NS:8.2%|AMBUJACEM.NS:8.2%|PERSISTENT.NS:7.7%|AUROPHARMA.NS:7.7%|GODREJCP.NS:7.7%,FMCGĂ—1.3|CementĂ—1.3|EnergyĂ—1.1,MetalsĂ—0.8|HealthcareĂ—0.9|TelecomĂ—0.9,1.0,False,0.996,1.117,1.0,1.02,0.875,1.109,0.897,0.975,1.03,1.052,0.844,0.888,1.333,1.107,1.281
2015-12-03,RL,557410.17,548680.05,-1.566,9.736,17,0.0,35.5,968.0,11,13,"COALINDIA.NS,COFORGE.NS,JSWSTEEL.NS,NESTLEIND.NS,POWERGRID.NS","GAIL.NS,HINDUNILVR.NS,INDUSINDBK.NS,NMDC.NS,SUNPHARMA.NS,ULTRACEMCO.NS,VOLTAS.NS",NESTLEIND.NS:8.0%|COALINDIA.NS:8.0%|POWERGRID.NS:8.0%|PERSISTENT.NS:7.7%|AUROPHARMA.NS:7.7%,PharmaĂ—1.4|HealthcareĂ—1.2|AutomobilesĂ—1.2,MetalsĂ—0.8|RealEstateĂ—0.9|TelecomĂ—0.9,1.0,False,0.899,0.937,1.404,1.136,1.202,1.195,0.977,0.963,0.892,1.105,0.794,0.894,1.162,1.086,0.999
2015-12-31,RL,566413.48,564712.68,-0.3,12.943,17,6.31,48.39,1214.82,12,12,"ABB.NS,DABUR.NS,HAVELLS.NS,HINDUNILVR.NS,LICHSGFIN.NS,ONGC.NS,TCS.NS","BHEL.NS,CIPLA.NS,GODREJCP.NS,JSWSTEEL.NS,MPHASIS.NS,PERSISTENT.NS,VEDL.NS",NESTLEIND.NS:8.1%|COALINDIA.NS:8.1%|POWERGRID.NS:8.1%|PIIND.NS:8.0%|BAJAJFINSV.NS:8.0%,HealthcareĂ—1.3|CementĂ—1.3|ChemicalsĂ—1.2,BankingĂ—0.8|MetalsĂ—0.8,1.0,False,0.788,0.999,1.025,1.146,1.333,1.146,0.964,0.96,0.977,1.199,0.808,0.907,1.164,0.939,1.303
2016-01-28,RL,564712.68,528934.86,-6.336,5.787,16,10.0,20.06,467.62,15,4,"ITC.NS,SAIL.NS","DABUR.NS,HAVELLS.NS,TCS.NS",ITC.NS:7.9%|NESTLEIND.NS:7.9%|COALINDIA.NS:7.9%|POWERGRID.NS:7.9%|PIIND.NS:7.8%,HealthcareĂ—1.3|FinancialServicesĂ—1.3|EnergyĂ—1.3,CapitalGoodsĂ—0.7|BankingĂ—0.8|MetalsĂ—0.9,0.7,False,0.756,1.27,1.182,1.291,1.32,1.115,1.214,0.746,0.938,1.258,0.876,0.944,0.941,1.184,0.881
2016-02-25,RL,528934.86,485415.76,-8.228,-2.917,19,9.82,30.11,707.01,13,10,"BHEL.NS,DABUR.NS,LT.NS,OBEROIRLTY.NS,PERSISTENT.NS,TCS.NS,TECHM.NS","AUROPHARMA.NS,COFORGE.NS,NESTLEIND.NS,POWERGRID.NS",ITC.NS:8.3%|COALINDIA.NS:8.3%|PIIND.NS:8.1%|BAJAJFINSV.NS:8.1%|ABB.NS:8.1%,HealthcareĂ—1.3|AutomobilesĂ—1.2|PharmaĂ—1.2,RealEstateĂ—0.8|CapitalGoodsĂ—0.8|ITĂ—0.8,0.7,False,0.898,1.13,1.204,1.087,1.322,1.206,1.106,0.785,0.776,0.967,1.002,1.121,1.139,0.848,1.135
2016-03-24,RL,551223.14,550111.02,-0.202,10.022,19,15.03,40.32,794.28,6,18,"AUROPHARMA.NS,BRITANNIA.NS,GRASIM.NS,MARICO.NS,WIPRO.NS","ITC.NS,PERSISTENT.NS,PIIND.NS,SAIL.NS,TECHM.NS",BAJAJFINSV.NS:8.0%|COALINDIA.NS:8.0%|ABB.NS:8.0%|DABUR.NS:7.6%|AUROPHARMA.NS:7.2%,FMCGĂ—1.3|ChemicalsĂ—1.3|HealthcareĂ—1.2,BankingĂ—0.8|RealEstateĂ—0.9|CapitalGoodsĂ—0.9,0.5,False,0.818,1.037,1.042,1.185,1.216,1.169,0.916,0.885,0.858,1.291,0.897,1.012,1.326,0.989,0.999
2016-04-21,RL,567148.04,566155.98,-0.175,13.231,21,0.0,36.03,708.7,14,9,"ADANIPORTS.NS,GODREJPROP.NS,HCLTECH.NS,PERSISTENT.NS","COALINDIA.NS,LT.NS",ADANIPORTS.NS:8.0%|BAJAJFINSV.NS:8.0%|AUROPHARMA.NS:8.0%|ABB.NS:7.1%|DABUR.NS:6.7%,PharmaĂ—1.4|HealthcareĂ—1.2|FinancialServicesĂ—1.2,BankingĂ—0.8|RealEstateĂ—0.9,1.2,False,0.822,0.941,1.352,1.187,1.212,1.079,1.035,0.908,0.898,0.914,1.03,0.939,1.076,1.021,1.166
2016-05-19,RL,566155.98,550071.97,-2.841,10.014,20,0.0,15.31,363.42,12,11,"ASIANPAINT.NS,MUTHOOTFIN.NS","BHEL.NS,BRITANNIA.NS,HCLTECH.NS",ADANIPORTS.NS:7.8%|BAJAJFINSV.NS:7.8%|AUROPHARMA.NS:7.8%|ABB.NS:6.9%|DABUR.NS:6.5%,FinancialServicesĂ—1.3|ConsumerDiscretionaryĂ—1.2|ChemicalsĂ—1.2,CapitalGoodsĂ—0.8|BankingĂ—0.9|TelecomĂ—0.9,1.2,False,0.869,1.035,1.123,1.269,0.941,1.141,1.214,0.797,0.912,1.189,1.005,0.876,1.063,1.037,1.132
2016-06-16,RL,594170.88,593782.08,-0.065,18.756,20,0.0,15.64,277.68,5,16,CHOLAFIN.NS,GODREJPROP.NS,ADANIPORTS.NS:8.0%|BAJAJFINSV.NS:8.0%|ABB.NS:7.1%|DABUR.NS:6.7%|ASIANPAINT.NS:6.3%,ChemicalsĂ—1.3|CementĂ—1.3|FinancialServicesĂ—1.3,TelecomĂ—0.8|CapitalGoodsĂ—0.8|MetalsĂ—0.9,1.2,False,0.964,1.006,1.191,1.264,0.93,1.045,1.239,0.842,0.972,1.288,0.857,0.838,0.909,1.053,1.287
2016-07-14,RL,632093.33,631338.03,-0.119,26.268,22,0.0,17.34,539.5,7,17,"INFY.NS,PRESTIGE.NS,TECHM.NS,TORNTPHARM.NS","BAJAJFINSV.NS,WIPRO.NS",CHOLAFIN.NS:8.0%|TECHM.NS:8.0%|ADANIPORTS.NS:7.4%|ABB.NS:6.6%|DABUR.NS:6.2%,ITĂ—1.3|PharmaĂ—1.2|ChemicalsĂ—1.2,TelecomĂ—0.8|EnergyĂ—0.9|HealthcareĂ—0.9,1.2,False,0.894,0.864,1.172,1.13,0.868,0.994,1.016,1.126,1.136,1.17,1.102,0.769,1.044,1.257,1.071
2016-08-11,RL,656219.77,655462.82,-0.115,31.093,21,0.0,16.22,540.69,10,15,"COFORGE.NS,PIIND.NS,TATASTEEL.NS","HINDUNILVR.NS,PERSISTENT.NS,TCS.NS,TORNTPHARM.NS",COFORGE.NS:8.0%|CHOLAFIN.NS:7.5%|TECHM.NS:7.5%|ADANIPORTS.NS:7.0%|TATASTEEL.NS:6.8%,RealEstateĂ—1.2,FinancialServicesĂ—0.8|TelecomĂ—0.9,1.2,False,0.971,1.075,1.004,0.798,1.095,1.084,1.069,0.97,1.152,1.081,1.085,0.887,1.0,1.076,1.029
2016-09-08,RL,672644.35,672186.87,-0.068,34.437,21,0.0,9.23,326.78,6,16,JSWSTEEL.NS,INFY.NS,JSWSTEEL.NS:8.0%|COFORGE.NS:7.7%|CHOLAFIN.NS:7.3%|TECHM.NS:7.3%|ASIANPAINT.NS:6.9%,ITĂ—1.2|RealEstateĂ—1.2|PharmaĂ—1.2,TelecomĂ—0.7|FinancialServicesĂ—0.8,1.2,False,1.021,1.062,1.198,0.787,0.923,1.091,1.092,0.932,1.228,1.06,1.072,0.723,1.189,1.23,1.027
2016-10-06,RL,674110.6,673697.74,-0.061,34.74,22,0.0,7.78,294.91,14,9,"BIOCON.NS,PETRONET.NS",DABUR.NS,JSWSTEEL.NS:7.9%|COFORGE.NS:7.6%|CHOLAFIN.NS:7.2%|TECHM.NS:7.2%|ASIANPAINT.NS:6.8%,EnergyĂ—1.2|PharmaĂ—1.2|AutomobilesĂ—1.1,FinancialServicesĂ—0.8,1.2,False,1.014,1.2,1.165,0.833,0.985,1.128,1.09,0.901,1.108,1.051,1.052,0.904,1.11,0.981,0.937
2016-11-03,RL,673697.74,644275.35,-4.367,28.855,19,0.0,39.35,1254.48,16,10,"DRREDDY.NS,IOC.NS,PIDILITIND.NS,VOLTAS.NS","ABB.NS,ADANIPORTS.NS,MARICO.NS,ONGC.NS,PIIND.NS,TATASTEEL.NS,TECHM.NS",PIDILITIND.NS:8.0%|GRASIM.NS:8.0%|DRREDDY.NS:8.0%|IOC.NS:8.0%|JSWSTEEL.NS:7.9%,EnergyĂ—1.4|MetalsĂ—1.3|RealEstateĂ—1.2,ITĂ—0.8|HealthcareĂ—0.8|CapitalGoodsĂ—0.8,1.0,False,1.09,1.418,1.108,1.079,0.805,1.082,1.003,0.805,1.181,1.06,1.313,0.898,0.959,0.787,1.156
2016-12-01,RL,644275.35,642206.8,-0.321,28.441,18,14.81,29.25,683.76,13,9,"ASHOKLEY.NS,COALINDIA.NS,PERSISTENT.NS","AUROPHARMA.NS,COFORGE.NS,JSWSTEEL.NS,WHIRLPOOL.NS",PIDILITIND.NS:8.3%|GRASIM.NS:8.3%|DRREDDY.NS:8.3%|IOC.NS:8.3%|CHOLAFIN.NS:7.4%,BankingĂ—1.2|EnergyĂ—1.1|AutomobilesĂ—1.1,TelecomĂ—0.9|FMCGĂ—0.9,0.5,False,1.152,1.118,0.967,0.984,1.11,1.112,0.967,1.096,0.982,1.111,0.988,0.887,0.896,1.017,0.971
2016-12-29,RL,642206.8,633682.23,-1.327,26.736,19,9.9,10.8,306.2,11,9,"ADANIPORTS.NS,ULTRACEMCO.NS",LICHSGFIN.NS,PIDILITIND.NS:8.2%|GRASIM.NS:8.2%|DRREDDY.NS:8.2%|IOC.NS:8.2%|ASIANPAINT.NS:7.9%,AutomobilesĂ—1.3|CementĂ—1.2|FinancialServicesĂ—1.2,,0.7,False,0.995,0.938,0.951,1.172,0.953,1.258,0.969,0.994,0.977,1.162,1.081,0.918,0.938,0.932,1.198
2017-01-26,RL,687237.39,686019.2,-0.177,37.204,21,0.0,25.25,870.14,8,15,"GAIL.NS,INFY.NS,NESTLEIND.NS,SAIL.NS","BIOCON.NS,IOC.NS",DRREDDY.NS:8.3%|ASIANPAINT.NS:8.0%|GAIL.NS:8.0%|INFY.NS:8.0%|SAIL.NS:8.0%,ChemicalsĂ—1.4|EnergyĂ—1.4|BankingĂ—1.2,HealthcareĂ—0.8|CapitalGoodsĂ—0.9,1.0,False,1.217,1.371,0.932,1.064,0.76,1.172,1.166,0.883,0.945,1.377,0.983,0.914,0.96,0.936,1.003
2017-02-23,RL,704956.77,704354.43,-0.085,40.871,21,0.0,13.65,430.26,7,15,JSWSTEEL.NS,PERSISTENT.NS,SAIL.NS:8.0%|JSWSTEEL.NS:8.0%|DRREDDY.NS:7.7%|ASIANPAINT.NS:7.4%|GAIL.NS:7.4%,EnergyĂ—1.4|ChemicalsĂ—1.4|BankingĂ—1.2,PharmaĂ—0.7|ITĂ—0.8|TelecomĂ—0.9,1.2,False,1.205,1.425,0.728,1.11,0.872,1.132,1.086,0.966,1.09,1.364,1.134,0.872,0.885,0.848,1.113
2017-03-23,RL,711457.85,710762.01,-0.098,42.152,23,0.0,13.55,497.03,13,12,"ALKEM.NS,BPCL.NS,HDFCBANK.NS,TVSMOTOR.NS","CHOLAFIN.NS,PETRONET.NS",BPCL.NS:8.0%|INFY.NS:8.0%|SAIL.NS:7.8%|JSWSTEEL.NS:7.8%|DRREDDY.NS:7.5%,EnergyĂ—1.4|ConsumerDiscretionaryĂ—1.2|ChemicalsĂ—1.1,TelecomĂ—0.8|ITĂ—0.8|CapitalGoodsĂ—0.9,1.2,False,1.027,1.407,0.938,1.051,0.909,1.113,1.155,0.884,1.089,1.14,1.127,0.832,0.996,0.838,1.099
2017-04-20,RL,727458.7,726791.58,-0.092,45.358,23,0.0,12.31,476.5,10,15,"ABB.NS,GODREJPROP.NS","DRREDDY.NS,TVSMOTOR.NS",ABB.NS:8.0%|BPCL.NS:7.9%|INFY.NS:7.9%|SAIL.NS:7.7%|JSWSTEEL.NS:7.7%,EnergyĂ—1.5|ChemicalsĂ—1.3|CementĂ—1.2,ITĂ—0.8|TelecomĂ—0.9|FMCGĂ—0.9,1.2,False,1.074,1.469,0.958,1.018,0.891,1.048,1.141,1.125,1.03,1.324,0.949,0.854,0.884,0.758,1.184
2017-05-18,RL,746335.62,745564.79,-0.103,49.113,22,0.0,14.2,550.59,11,14,"BAJAJFINSV.NS,HEROMOTOCO.NS","GODREJPROP.NS,JSWSTEEL.NS,PIDILITIND.NS",ABB.NS:7.8%|BPCL.NS:7.8%|INFY.NS:7.8%|SAIL.NS:7.6%|MUTHOOTFIN.NS:7.2%,EnergyĂ—1.4|ChemicalsĂ—1.2|MetalsĂ—1.1,TelecomĂ—0.8|PharmaĂ—0.9|ITĂ—0.9,1.2,False,1.078,1.423,0.857,1.091,0.944,1.109,0.967,0.987,1.029,1.225,1.125,0.821,0.988,0.883,1.029
2017-06-15,RL,753031.03,751548.99,-0.197,50.31,24,0.0,26.66,1058.61,16,11,"BHEL.NS,CHOLAFIN.NS,FEDERALBNK.NS,NAVINFLUOR.NS,PETRONET.NS","ABB.NS,INFY.NS,SAIL.NS",PETRONET.NS:8.0%|NAVINFLUOR.NS:8.0%|ASIANPAINT.NS:8.0%|BAJAJFINSV.NS:8.0%|BPCL.NS:7.6%,EnergyĂ—1.4|ChemicalsĂ—1.2|RealEstateĂ—1.1,PharmaĂ—0.8|ITĂ—0.8,1.2,False,0.987,1.393,0.774,1.058,0.997,1.078,1.099,0.919,1.134,1.221,0.945,0.99,1.033,0.847,1.066
2017-07-13,RL,777225.03,775774.96,-0.187,55.155,22,0.0,27.5,1035.75,8,19,"ONGC.NS,SAIL.NS,WHIRLPOOL.NS","ADANIPORTS.NS,ALKEM.NS,COALINDIA.NS,HEROMOTOCO.NS,MUTHOOTFIN.NS",ONGC.NS:8.0%|WHIRLPOOL.NS:8.0%|PETRONET.NS:8.0%|NAVINFLUOR.NS:8.0%|ASIANPAINT.NS:8.0%,MetalsĂ—1.3|EnergyĂ—1.3|FinancialServicesĂ—1.2,PharmaĂ—0.7|ITĂ—0.9,1.2,False,1.116,1.257,0.686,1.233,0.907,1.166,1.041,0.954,1.118,1.039,1.265,0.986,1.107,0.885,0.911
2017-08-10,RL,780341.04,779258.05,-0.139,55.852,22,0.0,19.54,773.57,15,10,"INDUSINDBK.NS,LICHSGFIN.NS,MARUTI.NS","BHEL.NS,BPCL.NS,NAVINFLUOR.NS",LICHSGFIN.NS:8.0%|ONGC.NS:7.8%|WHIRLPOOL.NS:7.8%|PETRONET.NS:7.7%|ASIANPAINT.NS:7.7%,FinancialServicesĂ—1.4|AutomobilesĂ—1.4|EnergyĂ—1.3,PharmaĂ—0.7|HealthcareĂ—0.8|CapitalGoodsĂ—0.8,1.0,False,1.286,1.326,0.738,1.408,0.759,1.354,1.144,0.8,0.92,1.086,1.319,1.117,1.126,0.882,0.819
2017-09-07,RL,821840.52,821437.3,-0.049,64.287,23,0.0,9.26,287.99,3,21,"NTPC.NS,VEDL.NS",ASHOKLEY.NS,LICHSGFIN.NS:8.0%|ONGC.NS:7.7%|WHIRLPOOL.NS:7.7%|PETRONET.NS:7.7%|ASIANPAINT.NS:7.7%,EnergyĂ—1.3|RealEstateĂ—1.3|AutomobilesĂ—1.3,PharmaĂ—0.7|ITĂ—0.8|HealthcareĂ—0.8,1.2,False,1.242,1.306,0.738,1.072,0.809,1.268,1.224,0.861,1.277,0.875,1.212,1.111,1.196,0.77,0.993
2017-10-05,RL,823525.84,818339.54,-0.63,63.668,8,0.0,92.81,3704.53,8,19,"ACC.NS,GODREJPROP.NS,ICICIBANK.NS,IDFCFIRSTB.NS","ASIANPAINT.NS,BAJAJFINSV.NS,CHOLAFIN.NS,GAIL.NS,HDFCBANK.NS,INDUSINDBK.NS,LICHSGFIN.NS,MARUTI.NS,NESTLEIND.NS,NTPC.NS,OBEROIRLTY.NS,ONGC.NS,PETRONET.NS,PRESTIGE.NS,SAIL.NS,SHREECEM.NS,VEDL.NS,VOLTAS.NS,WHIRLPOOL.NS",IDFCFIRSTB.NS:12.5%|FEDERALBNK.NS:12.5%|ICICIBANK.NS:12.5%|GRASIM.NS:12.5%|ACC.NS:12.5%,AutomobilesĂ—2.0|BankingĂ—1.6|RealEstateĂ—1.3,ITĂ—0.3|FinancialServicesĂ—0.3|FMCGĂ—0.3,1.5,False,1.614,0.39,0.3,0.3,0.3,2.0,0.3,0.3,1.324,0.3,0.3,0.3,0.3,0.3,0.902
2017-11-02,RL,896451.97,892741.74,-0.414,78.548,10,0.0,63.71,2650.1,6,8,"BRIGADE.NS,HDFCBANK.NS,INDUSINDBK.NS,MGL.NS,PETRONET.NS,SBIN.NS","ACC.NS,AMBUJACEM.NS,ICICIBANK.NS,ULTRACEMCO.NS",GRASIM.NS:11.3%|PETRONET.NS:11.3%|MGL.NS:11.3%|GODREJPROP.NS:11.3%|BRIGADE.NS:11.3%,AutomobilesĂ—2.0|BankingĂ—1.7,ITĂ—0.3|FinancialServicesĂ—0.3|FMCGĂ—0.3,0.88,False,1.736,0.697,0.3,0.3,0.3,2.0,0.3,0.3,0.975,0.3,0.3,0.3,0.3,0.3,0.705
2017-11-30,RL,892741.74,875469.69,-1.935,75.094,16,0.0,29.22,1075.68,9,8,"ACC.NS,BPCL.NS,HEROMOTOCO.NS,IOC.NS,PRESTIGE.NS,SHREECEM.NS,TVSMOTOR.NS",INDUSINDBK.NS,MGL.NS:8.0%|GODREJPROP.NS:8.0%|BRIGADE.NS:8.0%|PETRONET.NS:8.0%|GRASIM.NS:8.0%,AutomobilesĂ—2.0|BankingĂ—1.6|RealEstateĂ—1.3,ITĂ—0.3|FinancialServicesĂ—0.3|FMCGĂ—0.3,1.5,False,1.609,0.507,0.3,0.3,0.3,2.0,0.3,0.3,1.297,0.3,0.3,0.3,0.3,0.3,0.877
2017-12-28,RL,891565.64,890593.19,-0.109,78.119,17,2.1,18.94,694.59,9,10,"M&M.NS,ONGC.NS,RELIANCE.NS","PETRONET.NS,SBIN.NS",MGL.NS:8.0%|GODREJPROP.NS:8.0%|BRIGADE.NS:8.0%|GRASIM.NS:8.0%|TVSMOTOR.NS:8.0%,AutomobilesĂ—2.0|BankingĂ—1.7,ITĂ—0.3|FinancialServicesĂ—0.3|FMCGĂ—0.3,0.74,False,1.718,0.74,0.3,0.3,0.3,2.0,0.3,0.3,0.914,0.3,0.3,0.3,0.3,0.3,0.682
2018-01-25,RL,899045.58,896945.16,-0.234,79.389,17,0.0,33.43,1500.32,12,11,"AMBUJACEM.NS,APOLLOHOSP.NS,INDUSTOWER.NS,NAVINFLUOR.NS,SBIN.NS,ULTRACEMCO.NS","BPCL.NS,IOC.NS,MGL.NS,ONGC.NS,RELIANCE.NS,TVSMOTOR.NS",AMBUJACEM.NS:8.1%|HEROMOTOCO.NS:8.1%|SHREECEM.NS:8.1%|GODREJPROP.NS:8.0%|BRIGADE.NS:8.0%,AutomobilesĂ—2.0|RealEstateĂ—1.7|BankingĂ—1.3,ITĂ—0.3|FinancialServicesĂ—0.3|FMCGĂ—0.3,1.5,False,1.339,0.3,0.3,0.3,0.973,2.0,0.3,0.3,1.719,0.779,0.3,0.849,0.3,0.3,1.143
2018-02-22,RL,896945.16,841630.25,-6.167,68.326,17,0.0,15.04,489.87,15,3,DLF.NS,M&M.NS,AMBUJACEM.NS:8.0%|HEROMOTOCO.NS:8.0%|SHREECEM.NS:8.0%|DLF.NS:8.0%|GODREJPROP.NS:8.0%,FinancialServicesĂ—2.0|AutomobilesĂ—2.0|HealthcareĂ—2.0,ITĂ—0.3|FMCGĂ—0.3|PharmaĂ—0.3,1.5,False,0.972,0.3,0.3,2.0,2.0,2.0,0.746,0.3,2.0,1.814,0.3,1.764,0.3,0.3,1.202
2018-03-22,RL,863590.95,863258.0,-0.039,72.652,17,8.0,16.88,237.75,4,13,,,GODREJPROP.NS:7.8%|BRIGADE.NS:7.8%|IDFCFIRSTB.NS:7.8%|HDFCBANK.NS:7.8%|FEDERALBNK.NS:7.8%,FinancialServicesĂ—2.0|AutomobilesĂ—2.0|HealthcareĂ—2.0,FMCGĂ—0.3|PharmaĂ—0.3|EnergyĂ—0.3,1.5,False,0.883,0.3,0.3,2.0,2.0,2.0,0.919,0.3,2.0,1.984,0.3,1.889,0.3,0.382,1.185
2018-04-19,RL,892592.66,891321.16,-0.142,78.264,19,0.0,23.1,908.26,12,9,"BAJAJ-AUTO.NS,BAJFINANCE.NS,BHARTIARTL.NS,M&M.NS","GODREJPROP.NS,HEROMOTOCO.NS",BAJAJ-AUTO.NS:8.1%|ACC.NS:8.1%|BRIGADE.NS:7.8%|HDFCBANK.NS:7.8%|IDFCFIRSTB.NS:7.8%,AutomobilesĂ—2.0|RealEstateĂ—2.0|FinancialServicesĂ—2.0,ITĂ—0.3|FMCGĂ—0.3|PharmaĂ—0.3,1.5,False,1.09,0.3,0.3,1.998,1.88,2.0,0.336,0.3,2.0,1.457,0.3,1.489,0.3,0.3,1.237
2018-05-17,RL,891321.16,849424.7,-4.7,69.885,18,0.0,26.21,950.07,15,7,"GODREJPROP.NS,OBEROIRLTY.NS,TVSMOTOR.NS","DLF.NS,FEDERALBNK.NS,M&M.NS,PRESTIGE.NS",GODREJPROP.NS:8.0%|OBEROIRLTY.NS:8.0%|BAJAJ-AUTO.NS:7.9%|ACC.NS:7.9%|BRIGADE.NS:7.5%,AutomobilesĂ—2.0|RealEstateĂ—2.0|FinancialServicesĂ—1.9,ITĂ—0.3|FMCGĂ—0.3|PharmaĂ—0.3,1.5,False,1.076,0.3,0.3,1.877,1.809,2.0,0.327,0.3,1.977,1.379,0.3,1.458,0.3,0.3,1.201
2018-06-14,RL,890314.64,889298.91,-0.114,77.86,18,0.0,21.79,725.49,11,9,"ASHOKLEY.NS,M&M.NS","HDFCBANK.NS,TVSMOTOR.NS",GODREJPROP.NS:8.3%|OBEROIRLTY.NS:8.3%|BAJAJ-AUTO.NS:8.1%|ACC.NS:8.1%|M&M.NS:7.9%,AutomobilesĂ—2.0|RealEstateĂ—1.9|HealthcareĂ—1.3,ITĂ—0.3|FMCGĂ—0.3|PharmaĂ—0.3,1.5,False,1.237,0.3,0.3,0.668,1.287,2.0,0.3,0.3,1.851,0.97,0.3,1.071,0.3,0.3,1.177
2018-07-12,RL,889298.91,871672.68,-1.982,74.335,20,0.0,19.13,772.39,15,7,"AARTIIND.NS,FEDERALBNK.NS,ICICIBANK.NS,KOTAKBANK.NS","ASHOKLEY.NS,BAJAJ-AUTO.NS",IDFCFIRSTB.NS:8.1%|SBIN.NS:8.1%|NAVINFLUOR.NS:8.1%|GODREJPROP.NS:8.0%|OBEROIRLTY.NS:8.0%,FinancialServicesĂ—2.0|AutomobilesĂ—2.0|HealthcareĂ—2.0,ITĂ—0.3|FMCGĂ—0.3|PharmaĂ—0.3,1.5,False,1.002,0.3,0.3,2.0,2.0,2.0,0.59,0.3,2.0,1.682,0.3,1.688,0.3,0.3,1.224
2018-08-09,RL,962770.11,960344.76,-0.252,92.069,18,0.0,42.22,1732.32,7,17,"ASHOKLEY.NS,BAJAJ-AUTO.NS,DLF.NS,HDFCBANK.NS","AARTIIND.NS,APOLLOHOSP.NS,BAJFINANCE.NS,ICICIBANK.NS,NAVINFLUOR.NS,SBIN.NS",IDFCFIRSTB.NS:8.2%|GODREJPROP.NS:8.1%|OBEROIRLTY.NS:8.1%|DLF.NS:8.0%|ASHOKLEY.NS:8.0%,AutomobilesĂ—2.0|RealEstateĂ—1.6|BankingĂ—1.5,ITĂ—0.3|FinancialServicesĂ—0.3|FMCGĂ—0.3,1.5,False,1.482,0.3,0.3,0.3,0.368,2.0,0.3,0.3,1.575,0.359,0.3,0.494,0.3,0.3,1.053
2018-09-06,RL,961740.25,959324.96,-0.251,91.865,14,25.97,44.08,1725.1,10,13,"COFORGE.NS,MARUTI.NS,TCS.NS,TVSMOTOR.NS,WIPRO.NS","BHARTIARTL.NS,BRIGADE.NS,DLF.NS,FEDERALBNK.NS,GODREJPROP.NS,HDFCBANK.NS,INDUSTOWER.NS,M&M.NS,OBEROIRLTY.NS",ASHOKLEY.NS:8.0%|WIPRO.NS:8.0%|IDFCFIRSTB.NS:7.4%|ACC.NS:7.2%|KOTAKBANK.NS:6.9%,BankingĂ—2.0|AutomobilesĂ—2.0|PharmaĂ—2.0,FinancialServicesĂ—0.3|FMCGĂ—0.3|EnergyĂ—0.3,0.62,False,2.0,0.3,2.0,0.3,1.816,2.0,1.151,0.421,0.3,0.917,0.886,0.3,0.3,1.745,0.462
2018-10-04,RL,959324.96,900775.21,-6.103,80.155,11,25.14,27.25,1147.0,10,6,"DIVISLAB.NS,WHIRLPOOL.NS","ACC.NS,AMBUJACEM.NS,GRASIM.NS,SHREECEM.NS,ULTRACEMCO.NS",ASHOKLEY.NS:8.1%|WIPRO.NS:8.1%|BAJAJ-AUTO.NS:8.0%|MARUTI.NS:8.0%|KOTAKBANK.NS:8.0%,ITĂ—2.0|BankingĂ—2.0|AutomobilesĂ—2.0,FMCGĂ—0.3|CementĂ—0.3|CapitalGoodsĂ—0.3,1.5,False,2.0,0.836,2.0,0.838,2.0,2.0,1.644,0.3,0.3,1.683,0.466,1.786,0.3,2.0,0.3
2018-11-01,RL,902689.99,900250.85,-0.27,80.05,12,25.0,40.58,1742.21,8,9,"ALKEM.NS,ASIANPAINT.NS,HDFCBANK.NS,PERSISTENT.NS,PIDILITIND.NS,VOLTAS.NS","DIVISLAB.NS,MARUTI.NS,TCS.NS,WHIRLPOOL.NS,WIPRO.NS",KOTAKBANK.NS:8.0%|BAJAJ-AUTO.NS:8.0%|ASIANPAINT.NS:8.0%|ASHOKLEY.NS:8.0%|HDFCBANK.NS:8.0%,BankingĂ—2.0|FinancialServicesĂ—2.0|AutomobilesĂ—2.0,FMCGĂ—0.3|CementĂ—0.3|CapitalGoodsĂ—0.3,1.5,False,2.0,1.029,1.947,2.0,2.0,2.0,2.0,0.3,0.3,2.0,0.687,2.0,0.3,1.942,0.3
2018-11-29,RL,944828.38,942934.76,-0.2,88.587,13,25.0,29.18,1352.55,8,9,"CIPLA.NS,DMART.NS,ICICIBANK.NS,LTIM.NS,MPHASIS.NS","HDFCBANK.NS,IDFCFIRSTB.NS,PERSISTENT.NS,PIDILITIND.NS",KOTAKBANK.NS:8.0%|BAJAJ-AUTO.NS:8.0%|ASIANPAINT.NS:8.0%|ASHOKLEY.NS:8.0%|ICICIBANK.NS:8.0%,BankingĂ—2.0|FinancialServicesĂ—2.0|AutomobilesĂ—2.0,FMCGĂ—0.3|CementĂ—0.3|CapitalGoodsĂ—0.3,1.5,False,2.0,1.039,2.0,2.0,2.0,2.0,2.0,0.3,0.3,2.0,0.654,2.0,0.3,1.999,0.3
2018-12-27,RL,944509.35,943303.24,-0.128,88.661,12,25.09,19.08,861.53,8,7,"M&M.NS,RELIANCE.NS","BAJAJ-AUTO.NS,DMART.NS,MPHASIS.NS",ALKEM.NS:8.0%|RELIANCE.NS:8.0%|KOTAKBANK.NS:7.7%|ASIANPAINT.NS:7.7%|ASHOKLEY.NS:7.7%,ITĂ—2.0|BankingĂ—2.0|AutomobilesĂ—2.0,FinancialServicesĂ—0.3|FMCGĂ—0.3|CementĂ—0.3,1.31,False,2.0,0.922,2.0,0.3,2.0,2.0,1.481,0.3,0.3,1.287,0.455,1.031,0.3,2.0,0.3
2019-01-24,RL,943303.24,937267.09,-0.64,87.453,14,25.09,35.02,1713.69,11,8,"ABB.NS,DIVISLAB.NS,IDFCFIRSTB.NS,INDUSINDBK.NS,MPHASIS.NS,TCS.NS,TORNTPHARM.NS","ALKEM.NS,CIPLA.NS,ICICIBANK.NS,RELIANCE.NS,TVSMOTOR.NS",ABB.NS:8.0%|MPHASIS.NS:8.0%|TORNTPHARM.NS:7.9%|KOTAKBANK.NS:7.7%|ASIANPAINT.NS:7.7%,BankingĂ—2.0|AutomobilesĂ—2.0|PharmaĂ—2.0,FinancialServicesĂ—0.3|FMCGĂ—0.3|EnergyĂ—0.3,0.57,False,2.0,0.3,1.999,0.3,1.518,2.0,1.192,0.56,0.3,0.72,0.86,0.3,0.3,1.629,0.48
2019-02-21,RL,937267.09,930407.12,-0.732,86.081,14,25.05,20.01,974.13,11,7,"BAJFINANCE.NS,EICHERMOT.NS,MARUTI.NS,RELIANCE.NS","ABB.NS,IDFCFIRSTB.NS,INDUSINDBK.NS,MPHASIS.NS",TORNTPHARM.NS:8.0%|MARUTI.NS:8.0%|KOTAKBANK.NS:7.8%|ASIANPAINT.NS:7.8%|ASHOKLEY.NS:7.8%,BankingĂ—2.0|FinancialServicesĂ—2.0|AutomobilesĂ—2.0,FMCGĂ—0.3|CementĂ—0.3|CapitalGoodsĂ—0.3,1.5,False,2.0,1.042,1.95,2.0,2.0,2.0,2.0,0.3,0.3,2.0,0.711,2.0,0.3,1.928,0.3
2019-03-21,RL,971190.05,970038.32,-0.119,94.008,14,24.98,18.2,822.63,4,13,"INFY.NS,SUNPHARMA.NS,ULTRACEMCO.NS","BAJFINANCE.NS,LTIM.NS,RELIANCE.NS",TORNTPHARM.NS:8.1%|KOTAKBANK.NS:7.8%|ASIANPAINT.NS:7.8%|SUNPHARMA.NS:6.4%|ASHOKLEY.NS:6.0%,BankingĂ—2.0|AutomobilesĂ—2.0|PharmaĂ—2.0,FinancialServicesĂ—0.3|FMCGĂ—0.3|EnergyĂ—0.3,0.58,False,2.0,0.3,2.0,0.3,1.717,2.0,1.091,0.507,0.3,0.904,0.951,0.3,0.3,1.696,0.473
2019-04-18,RL,981783.27,980733.33,-0.107,96.147,13,25.0,15.83,749.97,6,10,"ALKEM.NS,WHIRLPOOL.NS","EICHERMOT.NS,ULTRACEMCO.NS,VOLTAS.NS",ALKEM.NS:8.0%|WHIRLPOOL.NS:8.0%|TORNTPHARM.NS:7.7%|KOTAKBANK.NS:7.5%|ASIANPAINT.NS:7.5%,ITĂ—2.0|BankingĂ—2.0|AutomobilesĂ—2.0,FMCGĂ—0.3|MetalsĂ—0.3|CementĂ—0.3,1.5,False,2.0,1.021,2.0,0.479,2.0,2.0,1.492,0.3,0.3,1.657,0.3,1.73,0.3,2.0,0.3
2019-05-16,RL,980733.33,933932.99,-4.772,86.787,14,25.07,20.52,862.91,12,5,"AUROPHARMA.NS,CIPLA.NS,DRREDDY.NS,JSWSTEEL.NS","DIVISLAB.NS,MARUTI.NS,TORNTPHARM.NS",AUROPHARMA.NS:8.0%|ASIANPAINT.NS:8.0%|ALKEM.NS:7.9%|WHIRLPOOL.NS:7.9%|KOTAKBANK.NS:7.4%,BankingĂ—2.0|AutomobilesĂ—2.0|PharmaĂ—2.0,FinancialServicesĂ—0.3|FMCGĂ—0.3|CapitalGoodsĂ—0.3,0.92,False,2.0,0.465,2.0,0.3,2.0,2.0,1.282,0.3,0.3,1.042,0.645,0.41,0.3,1.93,0.437
2019-06-13,RL,961952.33,960496.85,-0.151,92.099,13,24.63,22.74,1039.58,7,10,"MARUTI.NS,PIDILITIND.NS,TVSMOTOR.NS","INFY.NS,KOTAKBANK.NS,M&M.NS,TCS.NS",AUROPHARMA.NS:8.3%|ASIANPAINT.NS:8.3%|ALKEM.NS:8.2%|WHIRLPOOL.NS:8.2%|CIPLA.NS:7.9%,ITĂ—2.0|BankingĂ—2.0|AutomobilesĂ—2.0,FinancialServicesĂ—0.3|FMCGĂ—0.3|CapitalGoodsĂ—0.3,1.02,False,2.0,0.51,2.0,0.3,2.0,2.0,1.321,0.3,0.3,1.127,0.657,0.562,0.3,2.0,0.402
2019-07-11,RL,960496.85,936814.01,-2.466,87.363,12,24.97,20.07,880.27,10,6,"BAJFINANCE.NS,BANDHANBNK.NS,DMART.NS","ASHOKLEY.NS,DRREDDY.NS,JSWSTEEL.NS,SUNPHARMA.NS",AUROPHARMA.NS:8.1%|ASIANPAINT.NS:8.1%|ALKEM.NS:8.0%|WHIRLPOOL.NS:8.0%|BAJFINANCE.NS:7.7%,ITĂ—2.0|BankingĂ—2.0|AutomobilesĂ—2.0,FMCGĂ—0.3|CementĂ—0.3|CapitalGoodsĂ—0.3,1.5,False,2.0,1.015,2.0,1.131,2.0,2.0,1.864,0.3,0.3,1.827,0.372,2.0,0.3,2.0,0.3
2019-08-08,RL,936814.01,921528.12,-1.632,84.306,15,0.0,92.9,3715.86,14,11,"ABB.NS,APOLLOHOSP.NS,ASHOKLEY.NS,BHEL.NS,CUMMINSIND.NS,FORTIS.NS,GRASIM.NS,HEROMOTOCO.NS,LTIM.NS,M&M.NS,MPHASIS.NS,NMDC.NS,PERSISTENT.NS","ALKEM.NS,ASIANPAINT.NS,BAJFINANCE.NS,BANDHANBNK.NS,CIPLA.NS,COFORGE.NS,DMART.NS,PIDILITIND.NS,TVSMOTOR.NS,WHIRLPOOL.NS",ASHOKLEY.NS:6.7%|M&M.NS:6.7%|MARUTI.NS:6.7%|HEROMOTOCO.NS:6.7%|ABB.NS:6.7%,ITĂ—2.0|AutomobilesĂ—2.0|PharmaĂ—2.0,BankingĂ—0.3|FinancialServicesĂ—0.3|FMCGĂ—0.3,1.5,False,0.3,0.3,2.0,0.3,2.0,2.0,0.3,1.474,0.3,2.0,2.0,2.0,0.3,2.0,0.784
2019-09-05,RL,921528.12,917754.68,-0.409,83.551,15,0.0,13.33,700.81,9,7,CIPLA.NS,FORTIS.NS,ASHOKLEY.NS:8.0%|CIPLA.NS:8.0%|MPHASIS.NS:8.0%|M&M.NS:8.0%|MARUTI.NS:6.8%,ITĂ—2.0|AutomobilesĂ—2.0|PharmaĂ—2.0,BankingĂ—0.3|FinancialServicesĂ—0.3|FMCGĂ—0.3,1.5,False,0.3,0.3,2.0,0.3,2.0,2.0,0.3,1.447,0.3,2.0,2.0,2.0,0.3,2.0,0.782
2019-10-03,RL,933929.31,933353.1,-0.062,86.671,15,8.0,12.76,411.51,7,9,FORTIS.NS,MARUTI.NS,ASHOKLEY.NS:7.6%|CIPLA.NS:7.6%|MPHASIS.NS:7.6%|M&M.NS:7.6%|PERSISTENT.NS:7.6%,ITĂ—2.0|AutomobilesĂ—2.0|PharmaĂ—2.0,BankingĂ—0.3|FinancialServicesĂ—0.3|FMCGĂ—0.3,1.5,False,0.3,0.3,2.0,0.3,2.0,2.0,0.3,1.552,0.3,2.0,2.0,2.0,0.3,2.0,0.9
2019-10-31,RL,1007696.56,1002723.46,-0.494,100.545,16,0.0,70.98,3552.22,13,14,"BAJAJ-AUTO.NS,COALINDIA.NS,DIVISLAB.NS,HINDALCO.NS,INFY.NS,JSWSTEEL.NS,NTPC.NS,PIIND.NS,SAIL.NS,TATASTEEL.NS,TECHM.NS,WIPRO.NS","ABB.NS,APOLLOHOSP.NS,AUROPHARMA.NS,BHEL.NS,CIPLA.NS,FORTIS.NS,GRASIM.NS,LTIM.NS,MPHASIS.NS,NMDC.NS,PERSISTENT.NS",CUMMINSIND.NS:8.1%|NTPC.NS:8.1%|PIIND.NS:8.1%|DIVISLAB.NS:8.1%|WIPRO.NS:7.5%,FinancialServicesĂ—2.0|AutomobilesĂ—2.0|PharmaĂ—2.0,EnergyĂ—0.3|TelecomĂ—0.3|CementĂ—0.3,0.5,False,0.378,0.3,2.0,2.0,2.0,2.0,0.3,1.24,0.486,2.0,1.739,0.3,0.312,1.471,0.3
2019-11-28,RL,1014044.77,1012399.45,-0.162,102.48,16,0.0,25.96,1175.27,10,9,"APOLLOHOSP.NS,EICHERMOT.NS,POWERGRID.NS","INFY.NS,M&M.NS,NTPC.NS",ASHOKLEY.NS:8.0%|HEROMOTOCO.NS:8.0%|TATASTEEL.NS:8.0%|POWERGRID.NS:8.0%|CUMMINSIND.NS:7.5%,ITĂ—2.0|AutomobilesĂ—2.0|PharmaĂ—2.0,FinancialServicesĂ—0.3|FMCGĂ—0.3|EnergyĂ—0.3,1.5,False,0.533,0.3,2.0,0.3,2.0,2.0,0.3,1.579,0.3,2.0,2.0,2.0,0.3,2.0,1.039
2019-12-26,RL,1018912.91,1017002.8,-0.187,103.401,16,0.0,25.68,1364.37,11,9,"BHEL.NS,GRASIM.NS,M&M.NS,PERSISTENT.NS","CUMMINSIND.NS,HINDALCO.NS,SAIL.NS,TECHM.NS",M&M.NS:8.0%|ASHOKLEY.NS:8.0%|HEROMOTOCO.NS:8.0%|TATASTEEL.NS:8.0%|POWERGRID.NS:8.0%,ITĂ—2.0|AutomobilesĂ—2.0|PharmaĂ—2.0,FinancialServicesĂ—0.3|FMCGĂ—0.3|EnergyĂ—0.3,1.5,False,0.566,0.3,2.0,0.3,2.0,2.0,0.3,1.56,0.3,2.0,2.0,2.0,0.3,2.0,1.045
2020-01-23,RL,1052088.21,1050506.43,-0.15,110.101,17,0.0,22.35,1129.82,9,11,"AARTIIND.NS,BAJAJFINSV.NS,COFORGE.NS,HCLTECH.NS","GRASIM.NS,HEROMOTOCO.NS,WIPRO.NS",PERSISTENT.NS:8.0%|M&M.NS:8.0%|ASHOKLEY.NS:8.0%|TATASTEEL.NS:8.0%|POWERGRID.NS:8.0%,ITĂ—2.0|AutomobilesĂ—2.0|PharmaĂ—2.0,BankingĂ—0.3|FMCGĂ—0.3|EnergyĂ—0.3,1.5,False,0.3,0.3,2.0,1.224,2.0,2.0,0.3,1.27,0.3,2.0,2.0,1.44,0.3,2.0,0.393
2020-02-20,RL,1050506.43,1029189.65,-2.029,105.838,18,0.0,19.1,958.32,13,8,"ABB.NS,INFY.NS,LTIM.NS,TCS.NS","COALINDIA.NS,HCLTECH.NS,JSWSTEEL.NS",PERSISTENT.NS:7.8%|M&M.NS:7.8%|ASHOKLEY.NS:7.7%|TATASTEEL.NS:7.7%|POWERGRID.NS:7.7%,ITĂ—2.0|AutomobilesĂ—2.0|PharmaĂ—2.0,BankingĂ—0.3|FMCGĂ—0.3|EnergyĂ—0.3,1.5,False,0.3,0.3,2.0,0.879,2.0,2.0,0.3,1.346,0.3,2.0,2.0,1.916,0.3,2.0,0.635
2020-03-19,RL,1029189.65,724951.19,-29.561,44.99,18,12.0,55.58,1701.11,18,5,"ACC.NS,CIPLA.NS,NMDC.NS,SUNPHARMA.NS,ULTRACEMCO.NS","BAJAJ-AUTO.NS,BAJAJFINSV.NS,DIVISLAB.NS,INFY.NS,POWERGRID.NS",EICHERMOT.NS:7.6%|CIPLA.NS:7.6%|TCS.NS:7.6%|PERSISTENT.NS:7.5%|M&M.NS:7.5%,ITĂ—2.0|AutomobilesĂ—2.0|PharmaĂ—2.0,BankingĂ—0.3|FMCGĂ—0.3|EnergyĂ—0.3,1.5,False,0.3,0.3,2.0,0.437,2.0,2.0,0.3,1.284,0.3,2.0,2.0,2.0,0.3,2.0,0.871
2020-04-16,RL,995904.11,994216.4,-0.169,98.843,14,15.0,67.45,1205.23,2,16,,"AARTIIND.NS,ABB.NS,ASHOKLEY.NS,PERSISTENT.NS",BHEL.NS:7.6%|EICHERMOT.NS:7.5%|CIPLA.NS:7.5%|TCS.NS:7.5%|M&M.NS:7.5%,ITĂ—2.0|AutomobilesĂ—2.0|PharmaĂ—2.0,BankingĂ—0.3|FinancialServicesĂ—0.3|FMCGĂ—0.3,1.5,True,0.3,0.3,2.0,0.3,2.0,2.0,0.3,1.417,0.3,2.0,2.0,2.0,0.3,2.0,0.831
2020-05-14,RL,1032026.87,1029879.16,-0.208,105.976,21,14.38,38.61,1534.21,13,11,"ALKEM.NS,ASHOKLEY.NS,BIOCON.NS,DRREDDY.NS,HCLTECH.NS,JSWSTEEL.NS,METROPOLIS.NS,NAVINFLUOR.NS,TVSMOTOR.NS,VEDL.NS","BHEL.NS,NMDC.NS,SUNPHARMA.NS",JSWSTEEL.NS:8.0%|ALKEM.NS:8.0%|NAVINFLUOR.NS:5.8%|EICHERMOT.NS:5.5%|CIPLA.NS:5.5%,ITĂ—2.0|AutomobilesĂ—2.0|PharmaĂ—2.0,BankingĂ—0.3|FinancialServicesĂ—0.3|FMCGĂ—0.3,1.5,False,0.3,0.3,2.0,0.3,2.0,2.0,0.3,1.395,0.3,2.0,2.0,2.0,0.3,2.0,0.829
2020-06-11,RL,1099335.65,1097121.12,-0.201,119.424,21,0.0,33.69,1581.89,9,17,"COALINDIA.NS,CUMMINSIND.NS,LT.NS,POWERGRID.NS,TORNTPHARM.NS","CIPLA.NS,DRREDDY.NS,M&M.NS,TATASTEEL.NS,TVSMOTOR.NS",VEDL.NS:8.0%|BIOCON.NS:8.0%|COALINDIA.NS:8.0%|JSWSTEEL.NS:7.7%|ALKEM.NS:7.7%,ITĂ—2.0|AutomobilesĂ—2.0|PharmaĂ—2.0,BankingĂ—0.3|FinancialServicesĂ—0.3|FMCGĂ—0.3,1.5,False,0.3,0.3,2.0,0.3,2.0,2.0,0.3,1.46,0.3,2.0,2.0,2.0,0.3,2.0,0.883
2020-07-09,RL,1157164.52,1154148.44,-0.261,130.83,21,0.0,37.09,2154.35,9,19,"ALKYLAMINE.NS,BAJAJ-AUTO.NS,BRIGADE.NS,DRREDDY.NS,HDFCBANK.NS,NMDC.NS,SHREECEM.NS","BIOCON.NS,CUMMINSIND.NS,JSWSTEEL.NS,LT.NS,POWERGRID.NS,TCS.NS,TORNTPHARM.NS",BAJAJ-AUTO.NS:8.0%|ALKEM.NS:8.0%|SHREECEM.NS:8.0%|NMDC.NS:8.0%|VEDL.NS:7.5%,ITĂ—2.0|BankingĂ—2.0|FinancialServicesĂ—2.0,FMCGĂ—0.3|CapitalGoodsĂ—0.3|ConsumerDiscretionaryĂ—0.3,1.5,False,2.0,1.724,2.0,2.0,2.0,2.0,0.3,0.3,2.0,2.0,2.0,2.0,0.3,2.0,2.0
2020-08-06,RL,1239345.67,1232697.82,-0.536,146.54,5,30.0,91.04,4748.2,5,20,"COLPAL.NS,DABUR.NS,DLF.NS,HINDUNILVR.NS","ACC.NS,ALKEM.NS,ALKYLAMINE.NS,APOLLOHOSP.NS,ASHOKLEY.NS,BAJAJ-AUTO.NS,COALINDIA.NS,COFORGE.NS,DRREDDY.NS,EICHERMOT.NS,HCLTECH.NS,HDFCBANK.NS,LTIM.NS,METROPOLIS.NS,NAVINFLUOR.NS,NMDC.NS,PIIND.NS,SHREECEM.NS,ULTRACEMCO.NS,VEDL.NS",DLF.NS:16.7%|BRIGADE.NS:16.7%|DABUR.NS:12.2%|COLPAL.NS:12.2%|HINDUNILVR.NS:12.2%,,ITĂ—0.3|BankingĂ—0.3|FinancialServicesĂ—0.3,0.5,False,0.3,0.3,0.3,0.3,0.3,0.3,0.3,0.3,0.763,0.3,0.3,0.3,0.861,0.3,0.3
2020-09-03,RL,1279849.26,1275000.81,-0.379,155.0,8,30.0,54.63,3463.18,7,5,"ALKEM.NS,AUROPHARMA.NS,BHARTIARTL.NS,BIOCON.NS,HDFCLIFE.NS,SUNPHARMA.NS,TORNTPHARM.NS","COLPAL.NS,DABUR.NS,DLF.NS,HINDUNILVR.NS",HDFCLIFE.NS:13.5%|BRIGADE.NS:13.5%|BHARTIARTL.NS:13.5%|AUROPHARMA.NS:5.9%|ALKEM.NS:5.9%,RealEstateĂ—1.6|FinancialServicesĂ—1.2,ITĂ—0.3|BankingĂ—0.3|AutomobilesĂ—0.3,0.5,False,0.3,0.3,0.85,1.216,0.3,0.3,0.3,0.3,1.621,0.3,0.3,1.028,0.738,0.3,0.337
2020-10-01,RL,1275000.81,1232359.42,-3.344,146.472,24,0.0,86.22,4191.41,20,8,"ALKYLAMINE.NS,AXISBANK.NS,BAJAJ-AUTO.NS,COALINDIA.NS,DEEPAKNTR.NS,GODREJCP.NS,HDFCBANK.NS,HINDALCO.NS,ICICIBANK.NS,KOTAKBANK.NS,LTIM.NS,MARUTI.NS,METROPOLIS.NS,MGL.NS,NAVINFLUOR.NS,NMDC.NS,PETRONET.NS,RELIANCE.NS,SAIL.NS,SBIN.NS","BHARTIARTL.NS,BIOCON.NS,BRIGADE.NS,HDFCLIFE.NS",BAJAJ-AUTO.NS:4.2%|MARUTI.NS:4.2%|ICICIBANK.NS:4.2%|HDFCBANK.NS:4.2%|SBIN.NS:4.2%,BankingĂ—2.0|FinancialServicesĂ—2.0|AutomobilesĂ—2.0,CapitalGoodsĂ—0.3|ConsumerDiscretionaryĂ—0.3|FMCGĂ—0.4,1.1,False,2.0,1.574,2.0,2.0,2.0,2.0,0.3,0.3,2.0,2.0,2.0,2.0,0.413,1.837,2.0
2020-10-29,RL,1275672.43,1274195.67,-0.116,154.839,21,12.0,25.77,1054.69,10,16,"BRIGADE.NS,M&M.NS","BAJAJ-AUTO.NS,DEEPAKNTR.NS,GODREJCP.NS,ICICIBANK.NS,TORNTPHARM.NS",M&M.NS:5.5%|ALKYLAMINE.NS:4.9%|MGL.NS:4.2%|HINDALCO.NS:4.2%|MARUTI.NS:4.2%,ITĂ—2.0|BankingĂ—2.0|FinancialServicesĂ—2.0,FMCGĂ—0.3|CapitalGoodsĂ—0.3|ConsumerDiscretionaryĂ—0.3,1.5,False,2.0,2.0,2.0,2.0,2.0,2.0,0.3,0.3,2.0,2.0,2.0,2.0,0.3,2.0,2.0
2020-11-26,RL,1462644.2,1455451.9,-0.492,191.09,8,30.0,81.03,5137.08,8,20,"BRITANNIA.NS,CHOLAFIN.NS,CIPLA.NS,DRREDDY.NS,ITC.NS,MARICO.NS,PRESTIGE.NS","ALKYLAMINE.NS,AUROPHARMA.NS,AXISBANK.NS,BRIGADE.NS,COALINDIA.NS,HDFCBANK.NS,HINDALCO.NS,KOTAKBANK.NS,LTIM.NS,M&M.NS,MARUTI.NS,METROPOLIS.NS,MGL.NS,NAVINFLUOR.NS,NMDC.NS,PETRONET.NS,RELIANCE.NS,SAIL.NS,SBIN.NS,SUNPHARMA.NS",CHOLAFIN.NS:11.0%|PRESTIGE.NS:11.0%|MARICO.NS:8.0%|ITC.NS:8.0%|BRITANNIA.NS:8.0%,RealEstateĂ—1.6|PharmaĂ—1.4|FinancialServicesĂ—1.4,ITĂ—0.3|BankingĂ—0.3|AutomobilesĂ—0.3,0.5,False,0.3,0.3,1.413,1.394,0.3,0.3,0.3,0.3,1.634,0.3,0.3,0.965,0.609,0.3,0.3
2020-12-24,RL,1497010.39,1492436.29,-0.306,198.487,5,30.0,47.24,3267.28,5,5,"DABUR.NS,GODREJCP.NS","ALKEM.NS,CHOLAFIN.NS,CIPLA.NS,DRREDDY.NS,PRESTIGE.NS",GODREJCP.NS:14.0%|ITC.NS:14.0%|DABUR.NS:14.0%|BRITANNIA.NS:14.0%|MARICO.NS:14.0%,,ITĂ—0.3|BankingĂ—0.3|FinancialServicesĂ—0.3,0.5,False,0.3,0.3,0.3,0.3,0.3,0.3,0.3,0.38,0.785,0.3,0.3,0.3,0.905,0.3,0.3
2021-01-21,RL,1536383.86,1530858.02,-0.36,206.172,8,30.0,51.0,3947.01,5,5,"BRIGADE.NS,COLPAL.NS,DLF.NS,HINDUNILVR.NS,VOLTAS.NS","DABUR.NS,ITC.NS",VOLTAS.NS:13.5%|DLF.NS:13.5%|BRIGADE.NS:13.5%|MARICO.NS:5.9%|HINDUNILVR.NS:5.9%,,ITĂ—0.3|BankingĂ—0.3|FinancialServicesĂ—0.3,0.5,False,0.3,0.3,0.3,0.3,0.3,0.3,0.453,0.706,0.422,0.3,0.3,0.3,1.1,0.3,0.3
2021-02-18,RL,1562757.05,1556415.0,-0.406,211.283,8,30.0,58.05,4530.03,7,8,"BAJFINANCE.NS,HDFCBANK.NS,INDUSINDBK.NS,KOTAKBANK.NS,LICHSGFIN.NS,MUTHOOTFIN.NS,TORNTPHARM.NS","BRITANNIA.NS,COLPAL.NS,DLF.NS,GODREJCP.NS,HINDUNILVR.NS,MARICO.NS,VOLTAS.NS",TORNTPHARM.NS:11.0%|BRIGADE.NS:11.0%|HDFCBANK.NS:8.0%|KOTAKBANK.NS:8.0%|INDUSINDBK.NS:8.0%,PharmaĂ—2.0|RealEstateĂ—1.6|FinancialServicesĂ—1.4,ITĂ—0.3|AutomobilesĂ—0.3|EnergyĂ—0.3,0.5,False,0.639,0.3,2.0,1.432,0.3,0.3,0.3,0.3,1.579,0.325,0.3,1.054,0.315,0.3,0.3
2021-03-18,RL,1556415.0,1480791.57,-4.859,196.158,22,0.0,90.77,5339.86,19,8,"AARTIIND.NS,ACC.NS,ALKEM.NS,BHARTIARTL.NS,CIPLA.NS,COALINDIA.NS,DEEPAKNTR.NS,DRREDDY.NS,FEDERALBNK.NS,FORTIS.NS,GRASIM.NS,ICICIBANK.NS,INDUSTOWER.NS,IOC.NS,METROPOLIS.NS,SAIL.NS,SBIN.NS,SHREECEM.NS,ULTRACEMCO.NS","BAJFINANCE.NS,INDUSINDBK.NS,LICHSGFIN.NS,MUTHOOTFIN.NS,TORNTPHARM.NS",FEDERALBNK.NS:4.5%|KOTAKBANK.NS:4.5%|HDFCBANK.NS:4.5%|ICICIBANK.NS:4.5%|SBIN.NS:4.5%,ITĂ—2.0|BankingĂ—2.0|FinancialServicesĂ—2.0,FMCGĂ—0.3|CapitalGoodsĂ—0.3|ConsumerDiscretionaryĂ—0.3,1.5,False,2.0,2.0,2.0,2.0,2.0,2.0,0.3,0.3,2.0,2.0,2.0,2.0,0.3,2.0,2.0
2021-04-15,RL,1640671.21,1639559.13,-0.068,227.912,20,8.0,22.57,794.15,2,20,,"HDFCBANK.NS,SBIN.NS",KOTAKBANK.NS:5.9%|FEDERALBNK.NS:4.5%|ICICIBANK.NS:4.5%|ULTRACEMCO.NS:4.5%|GRASIM.NS:4.5%,ITĂ—2.0|BankingĂ—2.0|AutomobilesĂ—2.0,FMCGĂ—0.3|CapitalGoodsĂ—0.3|ConsumerDiscretionaryĂ—0.3,1.5,False,2.0,2.0,2.0,1.562,2.0,2.0,0.3,0.3,1.937,2.0,2.0,2.0,0.3,2.0,2.0
2021-05-13,RL,1735666.5,1732440.42,-0.186,246.488,19,0.0,31.22,2304.47,10,13,"AMBUJACEM.NS,HDFCBANK.NS,NAVINFLUOR.NS","ALKEM.NS,DRREDDY.NS,FEDERALBNK.NS,METROPOLIS.NS",FORTIS.NS:8.0%|HDFCBANK.NS:8.0%|NAVINFLUOR.NS:8.0%|KOTAKBANK.NS:8.0%|AMBUJACEM.NS:7.6%,ITĂ—2.0|BankingĂ—2.0|FinancialServicesĂ—2.0,FMCGĂ—0.3|CapitalGoodsĂ—0.3|ConsumerDiscretionaryĂ—0.3,1.5,False,2.0,2.0,2.0,2.0,2.0,2.0,0.3,0.3,2.0,2.0,2.0,2.0,0.3,2.0,2.0
2021-06-10,RL,1814240.25,1803082.48,-0.615,260.616,5,0.0,88.34,7969.85,5,17,"GODREJPROP.NS,PIDILITIND.NS,WHIRLPOOL.NS","AARTIIND.NS,ACC.NS,AMBUJACEM.NS,BRIGADE.NS,CIPLA.NS,COALINDIA.NS,DEEPAKNTR.NS,FORTIS.NS,GRASIM.NS,HDFCBANK.NS,ICICIBANK.NS,IOC.NS,KOTAKBANK.NS,NAVINFLUOR.NS,SAIL.NS,SHREECEM.NS,ULTRACEMCO.NS",WHIRLPOOL.NS:20.0%|PIDILITIND.NS:20.0%|GODREJPROP.NS:20.0%|BHARTIARTL.NS:20.0%|INDUSTOWER.NS:20.0%,RealEstateĂ—2.0|ConsumerDiscretionaryĂ—1.3|TelecomĂ—1.3,ITĂ—0.3|BankingĂ—0.3|FinancialServicesĂ—0.3,0.5,False,0.3,0.3,0.3,0.3,0.3,0.3,1.312,0.3,2.0,0.3,0.3,1.26,0.3,0.3,0.3
2021-07-08,RL,1808326.87,1799367.07,-0.495,259.873,5,30.0,83.87,6399.52,4,5,"ASIANPAINT.NS,BRIGADE.NS,DMART.NS,PRESTIGE.NS","BHARTIARTL.NS,GODREJPROP.NS,INDUSTOWER.NS,PIDILITIND.NS",BRIGADE.NS:16.7%|PRESTIGE.NS:16.7%|ASIANPAINT.NS:12.2%|WHIRLPOOL.NS:12.2%|DMART.NS:12.2%,RealEstateĂ—2.0|ConsumerDiscretionaryĂ—1.5,ITĂ—0.3|BankingĂ—0.3|FinancialServicesĂ—0.3,0.5,False,0.3,0.3,0.3,0.3,0.3,0.3,1.512,0.3,2.0,0.3,0.3,0.3,0.3,0.3,0.3
2021-08-05,RL,1906004.65,1901332.74,-0.245,280.267,5,30.0,36.05,3337.0,3,4,"DLF.NS,PIDILITIND.NS","BRIGADE.NS,PRESTIGE.NS",DLF.NS:22.0%|WHIRLPOOL.NS:12.0%|ASIANPAINT.NS:12.0%|DMART.NS:12.0%|PIDILITIND.NS:12.0%,RealEstateĂ—2.0|ConsumerDiscretionaryĂ—1.4,ITĂ—0.3|BankingĂ—0.3|FinancialServicesĂ—0.3,0.5,False,0.3,0.3,0.3,0.3,0.3,0.3,1.423,0.3,2.0,0.3,0.3,0.3,0.3,0.3,0.3
2021-09-02,RL,1944553.87,1939860.14,-0.241,287.972,5,25.0,39.41,3352.75,5,2,"BHARTIARTL.NS,INDUSTOWER.NS","DLF.NS,PIDILITIND.NS",BHARTIARTL.NS:17.9%|INDUSTOWER.NS:17.9%|WHIRLPOOL.NS:13.1%|ASIANPAINT.NS:13.1%|DMART.NS:13.1%,RealEstateĂ—2.0|ConsumerDiscretionaryĂ—1.2,ITĂ—0.3|BankingĂ—0.3|FinancialServicesĂ—0.3,0.5,False,0.3,0.3,0.3,0.3,0.3,0.3,1.229,0.3,2.0,0.3,0.3,0.782,0.3,0.3,0.3
2021-09-30,RL,2123471.19,2114716.33,-0.412,322.943,5,30.0,62.49,6253.3,4,5,"BRIGADE.NS,HAVELLS.NS,PIDILITIND.NS,TITAN.NS","ASIANPAINT.NS,BHARTIARTL.NS,DMART.NS,INDUSTOWER.NS",BRIGADE.NS:22.0%|WHIRLPOOL.NS:12.0%|HAVELLS.NS:12.0%|PIDILITIND.NS:12.0%|TITAN.NS:12.0%,RealEstateĂ—2.0|ConsumerDiscretionaryĂ—1.4,ITĂ—0.3|BankingĂ—0.3|FinancialServicesĂ—0.3,0.5,False,0.3,0.3,0.3,0.3,0.3,0.3,1.429,0.3,2.0,0.3,0.3,0.3,0.3,0.3,0.3
2021-10-28,RL,2152422.81,2143861.36,-0.398,328.772,5,30.0,58.03,6115.38,5,4,"ASIANPAINT.NS,BHARTIARTL.NS,INDUSTOWER.NS,OBEROIRLTY.NS","BRIGADE.NS,PIDILITIND.NS,TITAN.NS,WHIRLPOOL.NS",ASIANPAINT.NS:14.0%|HAVELLS.NS:14.0%|OBEROIRLTY.NS:14.0%|BHARTIARTL.NS:14.0%|INDUSTOWER.NS:14.0%,RealEstateĂ—2.0|ConsumerDiscretionaryĂ—1.2,ITĂ—0.3|BankingĂ—0.3|FinancialServicesĂ—0.3,0.5,False,0.3,0.3,0.3,0.3,0.3,0.3,1.2,0.3,2.0,0.3,0.3,0.698,0.3,0.3,0.3
2021-11-25,RL,2230785.89,2223968.53,-0.306,344.794,5,30.0,43.49,4869.5,4,4,"DLF.NS,GODREJPROP.NS,TITAN.NS","BHARTIARTL.NS,HAVELLS.NS,INDUSTOWER.NS",ASIANPAINT.NS:16.7%|TITAN.NS:16.7%|OBEROIRLTY.NS:12.2%|DLF.NS:12.2%|GODREJPROP.NS:12.2%,RealEstateĂ—2.0|ConsumerDiscretionaryĂ—1.3,ITĂ—0.3|BankingĂ—0.3|FinancialServicesĂ—0.3,0.5,False,0.3,0.3,0.3,0.3,0.3,0.3,1.334,0.3,2.0,0.3,0.3,0.3,0.3,0.3,0.3
2021-12-23,RL,2223968.53,2153500.56,-3.169,330.7,22,0.0,103.27,9169.55,22,5,"ALKEM.NS,AMBUJACEM.NS,ASHOKLEY.NS,CHOLAFIN.NS,COFORGE.NS,DIVISLAB.NS,FORTIS.NS,HEROMOTOCO.NS,HINDALCO.NS,HINDUNILVR.NS,IDFCFIRSTB.NS,JSWSTEEL.NS,LICHSGFIN.NS,M&M.NS,MARUTI.NS,MAXHEALTH.NS,METROPOLIS.NS,NMDC.NS,PERSISTENT.NS,SBIN.NS,TATASTEEL.NS,VEDL.NS","ASIANPAINT.NS,DLF.NS,GODREJPROP.NS,OBEROIRLTY.NS,TITAN.NS",MARUTI.NS:4.5%|HEROMOTOCO.NS:4.5%|M&M.NS:4.5%|ASHOKLEY.NS:4.5%|IDFCFIRSTB.NS:4.5%,ITĂ—2.0|BankingĂ—2.0|AutomobilesĂ—2.0,EnergyĂ—0.3|CapitalGoodsĂ—0.3|ConsumerDiscretionaryĂ—0.3,1.5,False,2.0,0.3,2.0,1.865,2.0,2.0,0.3,0.3,2.0,2.0,2.0,1.811,1.45,2.0,2.0
2022-01-20,RL,2285666.52,2282691.25,-0.13,356.538,18,0.0,21.96,2125.1,9,13,,"HEROMOTOCO.NS,HINDUNILVR.NS,M&M.NS,TATASTEEL.NS",AMBUJACEM.NS:8.0%|MAXHEALTH.NS:8.0%|METROPOLIS.NS:8.0%|VEDL.NS:8.0%|JSWSTEEL.NS:6.1%,BankingĂ—2.0|PharmaĂ—2.0|MetalsĂ—2.0,FMCGĂ—0.3|EnergyĂ—0.3|CapitalGoodsĂ—0.3,1.5,False,2.0,0.3,2.0,1.573,2.0,1.817,0.3,0.3,2.0,2.0,2.0,2.0,0.3,1.217,2.0
2022-02-17,RL,2282691.25,2220264.12,-2.735,344.053,18,0.0,21.76,2146.0,12,9,"APOLLOHOSP.NS,HCLTECH.NS,LTIM.NS","ASHOKLEY.NS,IDFCFIRSTB.NS,NMDC.NS",LTIM.NS:8.1%|AMBUJACEM.NS:7.6%|MAXHEALTH.NS:7.6%|METROPOLIS.NS:7.6%|VEDL.NS:7.6%,ITĂ—2.0|BankingĂ—2.0|AutomobilesĂ—2.0,EnergyĂ—0.3|CapitalGoodsĂ—0.3|ConsumerDiscretionaryĂ—0.3,1.5,False,2.0,0.3,2.0,1.849,2.0,2.0,0.3,0.3,2.0,2.0,2.0,1.806,1.831,2.0,2.0
2022-03-17,RL,2285081.17,2281925.55,-0.138,356.385,17,0.0,21.61,2253.96,9,12,"ASHOKLEY.NS,DEEPAKNTR.NS,M&M.NS","COFORGE.NS,DIVISLAB.NS,HINDALCO.NS,SBIN.NS",LTIM.NS:8.3%|PERSISTENT.NS:8.0%|ASHOKLEY.NS:8.0%|AMBUJACEM.NS:7.8%|MAXHEALTH.NS:7.8%,ITĂ—2.0|BankingĂ—2.0|FinancialServicesĂ—2.0,EnergyĂ—0.3|CapitalGoodsĂ—0.3|ConsumerDiscretionaryĂ—0.3,1.5,False,2.0,0.3,2.0,2.0,2.0,2.0,0.3,0.3,2.0,2.0,2.0,2.0,1.543,2.0,2.0
2022-04-14,RL,2434187.34,2433314.36,-0.036,386.663,18,0.0,5.35,623.49,8,10,AARTIIND.NS,,LTIM.NS:8.2%|PERSISTENT.NS:7.9%|ASHOKLEY.NS:7.9%|AMBUJACEM.NS:7.7%|METROPOLIS.NS:7.7%,ITĂ—2.0|BankingĂ—2.0|AutomobilesĂ—2.0,EnergyĂ—0.3|CapitalGoodsĂ—0.3|ConsumerDiscretionaryĂ—0.3,1.5,False,2.0,0.3,2.0,1.469,2.0,2.0,0.3,0.3,2.0,2.0,2.0,1.629,0.857,2.0,2.0
2022-05-12,RL,2433314.36,2135280.34,-12.248,327.056,17,12.0,26.62,2566.85,13,8,"COFORGE.NS,IDFCFIRSTB.NS,NAVINFLUOR.NS","ALKEM.NS,CHOLAFIN.NS,LICHSGFIN.NS,PERSISTENT.NS",IDFCFIRSTB.NS:7.6%|HCLTECH.NS:7.6%|LTIM.NS:7.3%|ASHOKLEY.NS:7.0%|AMBUJACEM.NS:6.8%,ITĂ—2.0|BankingĂ—2.0|AutomobilesĂ—2.0,FinancialServicesĂ—0.3|FMCGĂ—0.3|EnergyĂ—0.3,1.5,False,2.0,0.3,2.0,0.3,2.0,2.0,0.3,0.3,0.3,2.0,2.0,2.0,0.3,2.0,2.0
2022-06-09,RL,2135280.34,2122818.03,-0.584,324.564,16,10.0,26.01,2423.96,8,12,"ALKYLAMINE.NS,PERSISTENT.NS,SHREECEM.NS","AARTIIND.NS,ASHOKLEY.NS,LTIM.NS,M&M.NS",IDFCFIRSTB.NS:7.6%|HCLTECH.NS:7.6%|SHREECEM.NS:7.6%|COFORGE.NS:7.5%|AMBUJACEM.NS:7.4%,ITĂ—2.0|BankingĂ—2.0|AutomobilesĂ—2.0,FinancialServicesĂ—0.3|FMCGĂ—0.3|EnergyĂ—0.3,1.5,False,2.0,0.3,2.0,0.3,2.0,2.0,0.3,0.3,0.3,2.0,2.0,2.0,0.3,2.0,2.0
2022-07-07,RL,2122818.03,2087283.33,-1.674,317.457,17,10.0,17.65,1995.1,7,12,"BANDHANBNK.NS,LTIM.NS,MPHASIS.NS","HCLTECH.NS,MAXHEALTH.NS",LTIM.NS:7.6%|IDFCFIRSTB.NS:7.3%|SHREECEM.NS:7.3%|COFORGE.NS:7.2%|AMBUJACEM.NS:7.1%,ITĂ—2.0|BankingĂ—2.0|AutomobilesĂ—2.0,FinancialServicesĂ—0.3|FMCGĂ—0.3|EnergyĂ—0.3,1.5,False,2.0,0.3,2.0,0.3,2.0,2.0,0.3,0.3,0.3,2.0,2.0,2.0,0.3,2.0,2.0
2022-08-04,RL,2317974.1,2311314.61,-0.287,362.263,14,11.54,46.19,4756.57,7,15,"ACC.NS,ALKEM.NS,COALINDIA.NS,DRREDDY.NS,SAIL.NS","BANDHANBNK.NS,COFORGE.NS,IDFCFIRSTB.NS,JSWSTEEL.NS,LTIM.NS,MARUTI.NS,MPHASIS.NS,PERSISTENT.NS",APOLLOHOSP.NS:8.0%|SHREECEM.NS:8.0%|VEDL.NS:8.0%|DRREDDY.NS:8.0%|SAIL.NS:8.0%,BankingĂ—2.0|PharmaĂ—2.0|MetalsĂ—2.0,ITĂ—0.3|FinancialServicesĂ—0.3|FMCGĂ—0.3,1.5,False,2.0,0.647,2.0,0.3,2.0,0.3,0.3,0.3,1.71,0.891,2.0,2.0,0.3,0.3,1.883
2022-09-01,RL,2349063.04,2347370.63,-0.072,369.474,16,0.0,19.11,1209.17,12,4,"HINDALCO.NS,TORNTPHARM.NS",,APOLLOHOSP.NS:8.0%|ALKEM.NS:8.0%|SHREECEM.NS:8.0%|VEDL.NS:8.0%|AMBUJACEM.NS:8.0%,BankingĂ—2.0|AutomobilesĂ—2.0|PharmaĂ—2.0,FinancialServicesĂ—0.3|FMCGĂ—0.3|EnergyĂ—0.3,1.5,False,2.0,0.3,2.0,0.3,2.0,2.0,0.3,0.3,0.3,1.087,2.0,2.0,0.3,1.637,2.0
2022-09-29,RL,2393293.66,2392178.67,-0.047,378.436,15,12.0,12.11,796.21,3,13,,COALINDIA.NS,APOLLOHOSP.NS:7.5%|ALKEM.NS:7.5%|SHREECEM.NS:7.5%|VEDL.NS:7.5%|AMBUJACEM.NS:7.5%,BankingĂ—2.0|PharmaĂ—2.0|TelecomĂ—2.0,ITĂ—0.3|FinancialServicesĂ—0.3|FMCGĂ—0.3,1.5,False,2.0,0.606,2.0,0.3,2.0,0.3,0.3,0.3,1.946,0.956,1.992,2.0,0.3,0.3,1.444
2022-10-27,RL,2476970.13,2472580.91,-0.177,394.516,18,0.0,30.06,3135.33,6,14,"BAJAJ-AUTO.NS,COFORGE.NS,HEROMOTOCO.NS,MPHASIS.NS,TVSMOTOR.NS","ALKEM.NS,HINDALCO.NS",MPHASIS.NS:8.0%|COFORGE.NS:8.0%|HEROMOTOCO.NS:8.0%|APOLLOHOSP.NS:7.3%|SHREECEM.NS:7.3%,ITĂ—2.0|BankingĂ—2.0|AutomobilesĂ—2.0,FinancialServicesĂ—0.3|FMCGĂ—0.3|EnergyĂ—0.3,1.5,False,2.0,0.3,2.0,0.3,2.0,2.0,0.3,0.3,0.3,2.0,2.0,2.0,0.3,2.0,2.0
2022-11-24,RL,2504702.38,2500020.86,-0.187,400.004,19,0.0,26.1,3343.97,11,10,"ICICIBANK.NS,KOTAKBANK.NS,MARUTI.NS","COFORGE.NS,MPHASIS.NS",BAJAJ-AUTO.NS:8.0%|TVSMOTOR.NS:8.0%|ICICIBANK.NS:8.0%|HEROMOTOCO.NS:7.8%|APOLLOHOSP.NS:7.1%,BankingĂ—2.0|AutomobilesĂ—2.0|PharmaĂ—2.0,FinancialServicesĂ—0.3|FMCGĂ—0.3|EnergyĂ—0.3,1.5,False,2.0,0.3,2.0,0.3,2.0,2.0,0.3,0.3,0.919,0.966,2.0,2.0,0.3,0.313,2.0
2022-12-22,RL,2500020.86,2448224.43,-2.072,389.645,19,0.0,13.47,1537.28,16,4,SBIN.NS,VEDL.NS,SBIN.NS:8.0%|BAJAJ-AUTO.NS:8.0%|TVSMOTOR.NS:8.0%|ICICIBANK.NS:8.0%|HEROMOTOCO.NS:7.7%,BankingĂ—2.0|AutomobilesĂ—2.0|PharmaĂ—2.0,FinancialServicesĂ—0.3|FMCGĂ—0.3|EnergyĂ—0.3,1.5,False,2.0,0.3,2.0,0.3,2.0,2.0,0.3,0.3,0.632,1.032,2.0,2.0,0.3,0.761,2.0
2023-01-19,RL,2504223.31,2501974.04,-0.09,400.395,19,0.0,14.56,1606.59,11,10,"BIOCON.NS,COALINDIA.NS","KOTAKBANK.NS,TORNTPHARM.NS",SBIN.NS:8.1%|BAJAJ-AUTO.NS:8.1%|TVSMOTOR.NS:8.1%|ICICIBANK.NS:8.1%|APOLLOHOSP.NS:8.0%,BankingĂ—2.0|AutomobilesĂ—2.0|PharmaĂ—2.0,FinancialServicesĂ—0.3|FMCGĂ—0.3|EnergyĂ—0.3,1.5,False,2.0,0.3,2.0,0.3,2.0,2.0,0.3,0.3,0.588,0.983,2.0,2.0,0.3,0.758,2.0
2023-02-16,RL,2501974.04,2492375.96,-0.384,398.475,19,0.0,20.02,2705.4,11,11,"AXISBANK.NS,MPHASIS.NS,TATASTEEL.NS","BAJAJ-AUTO.NS,COALINDIA.NS,DEEPAKNTR.NS",AXISBANK.NS:8.0%|TATASTEEL.NS:8.0%|SBIN.NS:7.9%|TVSMOTOR.NS:7.9%|ICICIBANK.NS:7.9%,ITĂ—2.0|BankingĂ—2.0|AutomobilesĂ—2.0,FinancialServicesĂ—0.3|FMCGĂ—0.3|EnergyĂ—0.3,1.5,False,2.0,0.3,2.0,0.3,2.0,2.0,0.3,0.3,0.3,1.562,2.0,2.0,0.3,2.0,2.0
2023-03-16,RL,2492375.96,2370912.14,-4.873,374.182,17,0.0,17.15,1785.35,16,4,M&M.NS,"METROPOLIS.NS,SHREECEM.NS,TVSMOTOR.NS",AXISBANK.NS:8.0%|TATASTEEL.NS:8.0%|MPHASIS.NS:8.0%|M&M.NS:8.0%|SBIN.NS:8.0%,ITĂ—2.0|BankingĂ—2.0|AutomobilesĂ—2.0,FinancialServicesĂ—0.3|FMCGĂ—0.3|EnergyĂ—0.3,1.5,False,2.0,0.3,2.0,0.3,2.0,2.0,0.3,0.3,0.3,2.0,2.0,2.0,0.3,2.0,2.0
2023-04-13,RL,2555174.34,2551102.95,-0.159,410.221,17,0.0,30.96,2908.01,5,15,"BRITANNIA.NS,LTIM.NS,TECHM.NS","M&M.NS,MARUTI.NS,NAVINFLUOR.NS",AXISBANK.NS:8.2%|TATASTEEL.NS:8.2%|MPHASIS.NS:8.2%|SBIN.NS:8.2%|ICICIBANK.NS:8.1%,ITĂ—2.0|BankingĂ—2.0|FMCGĂ—2.0,FinancialServicesĂ—0.3|CapitalGoodsĂ—0.3|ConsumerDiscretionaryĂ—0.3,1.5,False,2.0,1.256,2.0,0.3,2.0,2.0,0.3,0.3,0.3,1.288,2.0,2.0,2.0,2.0,2.0
2023-05-11,RL,2633544.9,2629309.37,-0.161,425.862,17,0.0,24.42,3025.45,7,13,"HINDUNILVR.NS,PERSISTENT.NS,WIPRO.NS","ALKYLAMINE.NS,AXISBANK.NS,MPHASIS.NS",BRITANNIA.NS:8.0%|LTIM.NS:8.0%|HINDUNILVR.NS:8.0%|PERSISTENT.NS:8.0%|TATASTEEL.NS:7.7%,BankingĂ—2.0|AutomobilesĂ—2.0|PharmaĂ—2.0,FinancialServicesĂ—0.3|CapitalGoodsĂ—0.3|ConsumerDiscretionaryĂ—0.3,1.5,False,2.0,1.793,2.0,0.3,2.0,2.0,0.3,0.3,0.3,0.386,2.0,2.0,1.847,1.762,2.0
2023-06-08,RL,2709152.58,2694486.21,-0.541,438.897,14,0.0,77.73,10475.98,12,16,"ALKEM.NS,AXISBANK.NS,DABUR.NS,GODREJCP.NS,HDFCBANK.NS,INDUSTOWER.NS,ITC.NS,M&M.NS,MARICO.NS,MAXHEALTH.NS,NMDC.NS","ACC.NS,AMBUJACEM.NS,APOLLOHOSP.NS,BIOCON.NS,BRITANNIA.NS,FORTIS.NS,HEROMOTOCO.NS,HINDUNILVR.NS,LTIM.NS,PERSISTENT.NS,SAIL.NS,TATASTEEL.NS,TECHM.NS,WIPRO.NS",M&M.NS:7.1%|SBIN.NS:7.1%|AXISBANK.NS:7.1%|HDFCBANK.NS:7.1%|ICICIBANK.NS:7.1%,BankingĂ—2.0|AutomobilesĂ—2.0|PharmaĂ—2.0,ITĂ—0.3|FinancialServicesĂ—0.3|CementĂ—0.3,1.5,False,2.0,1.42,2.0,0.3,2.0,2.0,0.3,0.3,0.3,0.3,2.0,2.0,0.518,0.3,0.3
2023-07-06,RL,2813547.07,2810519.93,-0.108,462.104,15,0.0,16.53,2162.2,7,10,"BIOCON.NS,JSWSTEEL.NS,MPHASIS.NS","DABUR.NS,MARICO.NS",DRREDDY.NS:8.0%|SBIN.NS:8.0%|BIOCON.NS:8.0%|ITC.NS:8.0%|M&M.NS:7.0%,BankingĂ—2.0|AutomobilesĂ—2.0|PharmaĂ—2.0,FinancialServicesĂ—0.3|CapitalGoodsĂ—0.3|ConsumerDiscretionaryĂ—0.3,1.5,False,2.0,1.519,2.0,0.3,2.0,2.0,0.3,0.3,0.3,0.642,2.0,2.0,1.545,1.952,2.0
2023-08-03,RL,2823634.25,2820846.16,-0.099,464.169,16,0.0,13.54,1991.57,11,7,"APOLLOHOSP.NS,EICHERMOT.NS,TORNTPHARM.NS","JSWSTEEL.NS,NMDC.NS",EICHERMOT.NS:8.0%|MAXHEALTH.NS:7.7%|DRREDDY.NS:7.7%|SBIN.NS:7.7%|BIOCON.NS:7.7%,BankingĂ—2.0|AutomobilesĂ—2.0|PharmaĂ—2.0,FinancialServicesĂ—0.3|CapitalGoodsĂ—0.3|ConsumerDiscretionaryĂ—0.3,1.5,False,2.0,1.659,2.0,0.3,2.0,2.0,0.3,0.3,0.3,0.3,2.0,2.0,1.328,0.418,2.0
2023-08-31,RL,2820846.16,2816156.22,-0.166,463.231,16,0.0,0.53,256.61,10,6,,,EICHERMOT.NS:8.0%|MAXHEALTH.NS:7.7%|DRREDDY.NS:7.7%|SBIN.NS:7.7%|BIOCON.NS:7.7%,ITĂ—2.0|BankingĂ—2.0|FMCGĂ—2.0,FinancialServicesĂ—0.3|CapitalGoodsĂ—0.3|ConsumerDiscretionaryĂ—0.3,1.5,False,2.0,1.67,2.0,0.3,2.0,2.0,0.3,0.3,0.3,0.658,2.0,2.0,2.0,2.0,2.0
2023-09-28,RL,2841847.99,2840867.24,-0.035,468.173,17,0.0,4.15,700.52,10,7,PERSISTENT.NS,,EICHERMOT.NS:8.1%|MAXHEALTH.NS:7.7%|DRREDDY.NS:7.7%|BIOCON.NS:7.7%|ITC.NS:7.7%,ITĂ—2.0|BankingĂ—2.0|FMCGĂ—2.0,FinancialServicesĂ—0.3|CapitalGoodsĂ—0.3|ConsumerDiscretionaryĂ—0.3,1.5,False,2.0,1.482,2.0,0.3,2.0,2.0,0.3,0.3,0.3,0.923,2.0,2.0,2.0,2.0,2.0
2023-10-26,RL,2840867.24,2710567.79,-4.587,442.114,16,0.0,21.57,2576.0,15,4,"ALKYLAMINE.NS,ASHOKLEY.NS","EICHERMOT.NS,ICICIBANK.NS,TORNTPHARM.NS",PERSISTENT.NS:8.0%|ASHOKLEY.NS:8.0%|MAXHEALTH.NS:7.7%|DRREDDY.NS:7.7%|BIOCON.NS:7.7%,ITĂ—2.0|BankingĂ—2.0|FMCGĂ—2.0,FinancialServicesĂ—0.3|CapitalGoodsĂ—0.3|ConsumerDiscretionaryĂ—0.3,1.5,False,2.0,1.213,2.0,0.3,2.0,2.0,0.3,0.3,0.3,1.362,2.0,2.0,2.0,2.0,2.0
2023-11-23,RL,3047618.01,3040684.92,-0.227,508.137,17,0.0,42.26,4951.97,7,15,"BAJAJ-AUTO.NS,EICHERMOT.NS,HINDALCO.NS,SAIL.NS,TATASTEEL.NS,WIPRO.NS","ALKEM.NS,ASHOKLEY.NS,HDFCBANK.NS,PERSISTENT.NS,SBIN.NS",MAXHEALTH.NS:8.0%|DRREDDY.NS:8.0%|BIOCON.NS:8.0%|ITC.NS:8.0%|WIPRO.NS:8.0%,ITĂ—2.0|BankingĂ—2.0|FMCGĂ—2.0,FinancialServicesĂ—0.3|CapitalGoodsĂ—0.3|ConsumerDiscretionaryĂ—0.3,1.5,False,2.0,1.676,2.0,0.3,2.0,2.0,0.3,0.3,0.3,0.628,2.0,2.0,2.0,2.0,2.0
2023-12-21,RL,3174553.61,3167346.34,-0.227,533.469,16,0.0,35.79,5148.19,8,14,"ALKEM.NS,COALINDIA.NS,INFY.NS,TECHM.NS,VEDL.NS","ALKYLAMINE.NS,BAJAJ-AUTO.NS,BIOCON.NS,DRREDDY.NS,HINDALCO.NS,MPHASIS.NS",INFY.NS:8.0%|WIPRO.NS:8.0%|ALKEM.NS:8.0%|TECHM.NS:8.0%|MAXHEALTH.NS:7.2%,BankingĂ—2.0|AutomobilesĂ—2.0|PharmaĂ—2.0,FinancialServicesĂ—0.3|CapitalGoodsĂ—0.3|ConsumerDiscretionaryĂ—0.3,1.5,False,2.0,1.812,2.0,0.3,2.0,2.0,0.3,0.3,0.3,0.3,2.0,2.0,1.665,1.18,2.0
2024-01-18,RL,3322745.4,3303492.98,-0.579,560.699,12,0.0,82.73,13751.71,12,14,"ALKYLAMINE.NS,AUROPHARMA.NS,DRREDDY.NS,FORTIS.NS,HEROMOTOCO.NS,JSWSTEEL.NS,METROPOLIS.NS,NAVINFLUOR.NS,SBIN.NS,SUNPHARMA.NS","APOLLOHOSP.NS,AXISBANK.NS,EICHERMOT.NS,GODREJCP.NS,INDUSTOWER.NS,INFY.NS,ITC.NS,M&M.NS,MAXHEALTH.NS,SAIL.NS,TATASTEEL.NS,TECHM.NS,VEDL.NS,WIPRO.NS",HEROMOTOCO.NS:8.3%|SBIN.NS:8.3%|ALKYLAMINE.NS:8.3%|NAVINFLUOR.NS:8.3%|FORTIS.NS:8.3%,BankingĂ—2.0|PharmaĂ—2.0|MetalsĂ—2.0,ITĂ—0.3|FinancialServicesĂ—0.3|FMCGĂ—0.3,1.5,False,2.0,0.306,2.0,0.3,1.634,0.773,0.3,0.3,0.3,0.843,2.0,2.0,0.3,0.3,0.3
2024-02-15,RL,3509895.15,3499932.02,-0.284,599.986,13,4.07,43.08,7116.37,6,12,"AXISBANK.NS,BANDHANBNK.NS,BIOCON.NS,HDFCBANK.NS,HINDALCO.NS,MARUTI.NS","ALKYLAMINE.NS,AUROPHARMA.NS,HEROMOTOCO.NS,NAVINFLUOR.NS,SBIN.NS",BIOCON.NS:8.0%|HINDALCO.NS:8.0%|MARUTI.NS:8.0%|BANDHANBNK.NS:8.0%|FORTIS.NS:8.0%,BankingĂ—2.0|AutomobilesĂ—2.0|PharmaĂ—2.0,ITĂ—0.3|FinancialServicesĂ—0.3|FMCGĂ—0.3,1.5,False,2.0,1.268,2.0,0.3,2.0,2.0,0.3,0.3,0.3,0.315,2.0,2.0,0.3,0.3,0.3
2024-03-14,RL,3499932.02,3415711.92,-2.406,583.142,15,0.0,33.21,4742.07,13,5,"AMBUJACEM.NS,BAJAJ-AUTO.NS,M&M.NS,NMDC.NS,PIIND.NS","COALINDIA.NS,HDFCBANK.NS,SUNPHARMA.NS",BAJAJ-AUTO.NS:8.1%|NMDC.NS:8.1%|PIIND.NS:8.1%|BIOCON.NS:7.7%|HINDALCO.NS:7.7%,BankingĂ—2.0|AutomobilesĂ—2.0|PharmaĂ—2.0,ITĂ—0.3|FinancialServicesĂ—0.3|CapitalGoodsĂ—0.3,1.5,False,2.0,0.787,2.0,0.3,2.0,2.0,0.3,0.3,0.3,2.0,2.0,2.0,0.84,0.3,1.331
2024-04-11,RL,3764599.25,3761090.71,-0.093,652.218,15,0.0,20.15,2505.85,4,14,"CIPLA.NS,FEDERALBNK.NS,HEROMOTOCO.NS","AMBUJACEM.NS,AXISBANK.NS,DRREDDY.NS",BAJAJ-AUTO.NS:8.3%|NMDC.NS:8.3%|PIIND.NS:8.3%|BIOCON.NS:7.8%|HINDALCO.NS:7.8%,BankingĂ—2.0|AutomobilesĂ—2.0|PharmaĂ—2.0,ITĂ—0.3|FinancialServicesĂ—0.3|FMCGĂ—0.3,1.5,False,2.0,0.931,2.0,0.3,2.0,2.0,0.3,0.3,0.3,2.0,2.0,2.0,0.3,0.3,0.3
2024-05-09,RL,3772752.3,3768720.74,-0.107,653.744,15,0.0,18.48,2879.92,12,5,"IOC.NS,KOTAKBANK.NS","HEROMOTOCO.NS,NMDC.NS",BANDHANBNK.NS:8.0%|ALKEM.NS:8.0%|JSWSTEEL.NS:8.0%|IOC.NS:8.0%|M&M.NS:8.0%,BankingĂ—2.0|AutomobilesĂ—2.0|PharmaĂ—2.0,ITĂ—0.3|FinancialServicesĂ—0.3|FMCGĂ—0.3,1.5,False,2.0,0.793,2.0,0.3,2.0,2.0,0.3,0.3,0.3,2.0,2.0,2.0,0.3,0.3,0.661
2024-06-06,RL,4031798.4,4026184.26,-0.139,705.237,15,0.0,22.54,4009.92,5,13,"LTIM.NS,TECHM.NS,TORNTPHARM.NS","BIOCON.NS,CIPLA.NS,MARUTI.NS",LTIM.NS:8.0%|TORNTPHARM.NS:8.0%|BANDHANBNK.NS:8.0%|ALKEM.NS:8.0%|JSWSTEEL.NS:8.0%,BankingĂ—2.0|FMCGĂ—2.0|AutomobilesĂ—2.0,FinancialServicesĂ—0.3|CapitalGoodsĂ—0.3|ConsumerDiscretionaryĂ—0.3,1.5,False,2.0,0.423,2.0,0.3,2.0,2.0,0.3,0.3,0.3,2.0,2.0,2.0,2.0,1.97,2.0
2024-07-04,RL,4231928.13,4220913.79,-0.26,744.183,15,1.82,36.63,7867.37,10,11,"APOLLOHOSP.NS,ASHOKLEY.NS,BHARTIARTL.NS,IDFCFIRSTB.NS,INDUSINDBK.NS,VEDL.NS","BANDHANBNK.NS,FEDERALBNK.NS,HINDALCO.NS,IOC.NS,LTIM.NS,TECHM.NS",VEDL.NS:8.1%|JSWSTEEL.NS:8.1%|IDFCFIRSTB.NS:8.1%|FORTIS.NS:8.1%|BAJAJ-AUTO.NS:8.1%,BankingĂ—2.0|AutomobilesĂ—2.0|PharmaĂ—2.0,ITĂ—0.3|FinancialServicesĂ—0.3|FMCGĂ—0.3,1.5,False,2.0,0.814,2.0,0.3,2.0,2.0,0.3,0.3,0.3,2.0,2.0,2.0,0.3,0.3,0.3
2024-08-01,RL,4358929.35,4348728.04,-0.234,769.746,16,0.0,33.69,7286.74,10,10,"AUROPHARMA.NS,CIPLA.NS,DIVISLAB.NS,DRREDDY.NS,MAXHEALTH.NS","ALKEM.NS,KOTAKBANK.NS,M&M.NS,TORNTPHARM.NS",DIVISLAB.NS:8.1%|AUROPHARMA.NS:8.1%|CIPLA.NS:8.1%|VEDL.NS:7.8%|JSWSTEEL.NS:7.8%,BankingĂ—2.0|AutomobilesĂ—2.0|PharmaĂ—2.0,ITĂ—0.3|FinancialServicesĂ—0.3|FMCGĂ—0.3,1.5,False,2.0,0.604,2.0,0.3,2.0,2.0,0.3,0.3,0.3,2.0,2.0,2.0,0.3,0.3,0.3
2024-08-29,RL,4477095.41,4472395.83,-0.105,794.479,15,0.0,14.15,3356.84,7,11,"AARTIIND.NS,NAVINFLUOR.NS","APOLLOHOSP.NS,INDUSINDBK.NS,VEDL.NS",AARTIIND.NS:8.1%|DIVISLAB.NS:8.0%|AUROPHARMA.NS:8.0%|CIPLA.NS:8.0%|JSWSTEEL.NS:7.7%,BankingĂ—2.0|AutomobilesĂ—2.0|PharmaĂ—2.0,ITĂ—0.3|FinancialServicesĂ—0.3|FMCGĂ—0.3,1.5,False,2.0,0.72,2.0,0.3,2.0,2.0,0.3,0.3,0.3,2.0,2.0,2.0,0.3,0.3,0.3
2024-09-26,RL,4646386.65,4642677.92,-0.08,828.536,15,0.0,10.5,2649.06,5,11,BANDHANBNK.NS,DIVISLAB.NS,BAJAJ-AUTO.NS:8.0%|BANDHANBNK.NS:8.0%|DRREDDY.NS:8.0%|AARTIIND.NS:7.9%|AUROPHARMA.NS:7.8%,BankingĂ—2.0|AutomobilesĂ—2.0|PharmaĂ—2.0,ITĂ—0.3|FinancialServicesĂ—0.3|FMCGĂ—0.3,1.5,False,2.0,0.643,2.0,0.3,2.0,2.0,0.3,0.3,0.3,2.0,2.0,2.0,0.3,0.3,0.3
2024-10-24,RL,4642677.92,4292100.41,-7.551,758.42,16,0.0,13.66,1777.04,14,2,M&M.NS,,IDFCFIRSTB.NS:8.0%|BAJAJ-AUTO.NS:7.8%|BANDHANBNK.NS:7.8%|DRREDDY.NS:7.8%|AARTIIND.NS:7.6%,BankingĂ—2.0|FMCGĂ—2.0|AutomobilesĂ—2.0,FinancialServicesĂ—0.3|CapitalGoodsĂ—0.3|ConsumerDiscretionaryĂ—0.3,1.5,False,2.0,0.361,2.0,0.3,2.0,2.0,0.3,0.3,0.3,2.0,2.0,2.0,2.0,1.971,2.0
2024-11-21,RL,4471273.02,4463240.43,-0.18,792.648,17,0.0,32.89,5737.44,12,9,"DIVISLAB.NS,LTIM.NS,TATASTEEL.NS,TORNTPHARM.NS,ULTRACEMCO.NS","AUROPHARMA.NS,DRREDDY.NS,JSWSTEEL.NS,METROPOLIS.NS",BAJAJ-AUTO.NS:8.3%|BANDHANBNK.NS:8.3%|AARTIIND.NS:8.2%|CIPLA.NS:8.0%|IDFCFIRSTB.NS:7.9%,ITĂ—2.0|BankingĂ—2.0|FMCGĂ—2.0,FinancialServicesĂ—0.3|CapitalGoodsĂ—0.3|ConsumerDiscretionaryĂ—0.3,1.5,False,2.0,0.663,2.0,0.3,2.0,2.0,0.3,0.3,0.3,2.0,2.0,2.0,2.0,2.0,2.0
2024-12-19,RL,4564992.03,4562437.1,-0.056,812.487,19,0.0,7.59,1825.0,8,11,"AXISBANK.NS,MPHASIS.NS",,BAJAJ-AUTO.NS:8.1%|BANDHANBNK.NS:8.1%|AARTIIND.NS:7.9%|CIPLA.NS:7.8%|IDFCFIRSTB.NS:7.7%,ITĂ—2.0|BankingĂ—2.0|FMCGĂ—2.0,FinancialServicesĂ—0.3|CapitalGoodsĂ—0.3|ConsumerDiscretionaryĂ—0.3,1.5,False,2.0,0.432,2.0,0.3,2.0,2.0,0.3,0.3,0.3,2.0,2.0,2.0,2.0,2.0,2.0
2025-01-16,RL,4562437.1,4411780.24,-3.302,782.356,21,0.0,12.82,2385.67,17,5,"BIOCON.NS,COFORGE.NS,JSWSTEEL.NS",MAXHEALTH.NS,BAJAJ-AUTO.NS:7.9%|BANDHANBNK.NS:7.9%|AARTIIND.NS:7.8%|CIPLA.NS:7.6%|IDFCFIRSTB.NS:7.5%,ITĂ—2.0|BankingĂ—2.0|FMCGĂ—2.0,FinancialServicesĂ—0.3|CapitalGoodsĂ—0.3|ConsumerDiscretionaryĂ—0.3,1.5,False,2.0,0.573,2.0,0.3,2.0,2.0,0.3,0.3,0.3,2.0,2.0,2.0,2.0,2.0,2.0
2025-02-13,RL,4486206.56,4474354.18,-0.264,794.871,21,0.0,39.84,8465.93,12,15,"GODREJCP.NS,HEROMOTOCO.NS,MARICO.NS,PERSISTENT.NS,TCS.NS,WIPRO.NS","AXISBANK.NS,BANDHANBNK.NS,CIPLA.NS,DIVISLAB.NS,IDFCFIRSTB.NS,LTIM.NS",BAJAJ-AUTO.NS:8.1%|BIOCON.NS:8.0%|WIPRO.NS:8.0%|MARICO.NS:8.0%|TCS.NS:8.0%,ITĂ—2.0|BankingĂ—2.0|FMCGĂ—2.0,FinancialServicesĂ—0.3|EnergyĂ—0.3|CapitalGoodsĂ—0.3,1.5,False,2.0,0.3,2.0,0.3,2.0,2.0,0.3,0.3,0.3,2.0,2.0,2.0,2.0,2.0,2.0
2025-03-13,RL,4474354.18,4123257.87,-7.847,724.652,17,0.0,27.28,4681.73,15,7,COALINDIA.NS,"ASHOKLEY.NS,COFORGE.NS,JSWSTEEL.NS,PERSISTENT.NS,TATASTEEL.NS",BAJAJ-AUTO.NS:8.0%|FORTIS.NS:8.0%|HEROMOTOCO.NS:8.0%|COALINDIA.NS:8.0%|BIOCON.NS:7.9%,ITĂ—2.0|BankingĂ—2.0|FMCGĂ—2.0,FinancialServicesĂ—0.3|EnergyĂ—0.3|CapitalGoodsĂ—0.3,1.5,False,2.0,0.3,2.0,0.3,2.0,2.0,0.3,0.3,0.3,2.0,2.0,2.0,2.0,2.0,2.0
2025-04-10,RL,4519804.46,4511748.57,-0.178,802.35,16,12.0,42.96,5753.57,4,16,"ALKEM.NS,HCLTECH.NS,LTIM.NS","AARTIIND.NS,BAJAJ-AUTO.NS,MARICO.NS,TCS.NS",GODREJCP.NS:7.7%|WIPRO.NS:7.6%|HEROMOTOCO.NS:7.6%|BIOCON.NS:7.6%|COALINDIA.NS:7.6%,ITĂ—2.0|BankingĂ—2.0|FMCGĂ—2.0,FinancialServicesĂ—0.3|EnergyĂ—0.3|CapitalGoodsĂ—0.3,1.5,False,2.0,0.3,2.0,0.3,2.0,2.0,0.3,0.3,0.3,2.0,2.0,2.0,2.0,2.0,2.0
2025-05-08,RL,4759694.34,4736123.14,-0.495,847.225,18,0.0,77.86,16837.02,15,14,"AMBUJACEM.NS,APOLLOHOSP.NS,BANDHANBNK.NS,COFORGE.NS,COLPAL.NS,DEEPAKNTR.NS,INDUSINDBK.NS,INDUSTOWER.NS,KOTAKBANK.NS,MARUTI.NS,NMDC.NS,SAIL.NS,TATASTEEL.NS","ALKEM.NS,BIOCON.NS,COALINDIA.NS,FORTIS.NS,HCLTECH.NS,LTIM.NS,M&M.NS,MPHASIS.NS,TORNTPHARM.NS,ULTRACEMCO.NS,WIPRO.NS",MARUTI.NS:5.6%|HEROMOTOCO.NS:5.6%|KOTAKBANK.NS:5.6%|INDUSINDBK.NS:5.6%|BANDHANBNK.NS:5.6%,ITĂ—2.0|BankingĂ—2.0|FMCGĂ—2.0,FinancialServicesĂ—0.3|EnergyĂ—0.3|CapitalGoodsĂ—0.3,1.5,False,2.0,0.3,2.0,0.3,2.0,2.0,0.3,0.3,0.3,2.0,2.0,2.0,2.0,2.0,2.0
2025-06-05,RL,4927012.39,4918532.76,-0.172,883.707,17,0.0,23.94,6056.9,13,8,"ACC.NS,ICICIBANK.NS,PERSISTENT.NS","BANDHANBNK.NS,HEROMOTOCO.NS,INDUSINDBK.NS,SAIL.NS",AMBUJACEM.NS:8.0%|DEEPAKNTR.NS:8.0%|NAVINFLUOR.NS:8.0%|ACC.NS:8.0%|GODREJCP.NS:8.0%,ITĂ—2.0|BankingĂ—2.0|FMCGĂ—2.0,FinancialServicesĂ—0.3|EnergyĂ—0.3|CapitalGoodsĂ—0.3,1.5,False,2.0,0.3,2.0,0.3,2.0,2.0,0.3,0.3,0.3,2.0,2.0,2.0,2.0,2.0,2.0
2025-07-03,RL,5145507.06,5140347.83,-0.1,928.07,17,0.0,14.1,3685.13,7,12,"ASHOKLEY.NS,BRITANNIA.NS","KOTAKBANK.NS,NMDC.NS",ASHOKLEY.NS:8.0%|PERSISTENT.NS:8.0%|AMBUJACEM.NS:7.8%|DEEPAKNTR.NS:7.8%|ACC.NS:7.8%,ITĂ—2.0|BankingĂ—2.0|FMCGĂ—2.0,FinancialServicesĂ—0.3|EnergyĂ—0.3|CapitalGoodsĂ—0.3,1.5,False,2.0,0.3,2.0,0.3,2.0,2.0,0.3,0.3,0.3,2.0,2.0,2.0,2.0,2.0,2.0
2025-07-31,RL,5140347.83,4951023.19,-3.683,890.205,18,0.0,10.94,1955.14,14,5,"FEDERALBNK.NS,METROPOLIS.NS",BRITANNIA.NS,ASHOKLEY.NS:7.7%|PERSISTENT.NS:7.7%|AMBUJACEM.NS:7.5%|DEEPAKNTR.NS:7.5%|ACC.NS:7.5%,ITĂ—2.0|BankingĂ—2.0|FMCGĂ—2.0,FinancialServicesĂ—0.3|EnergyĂ—0.3|CapitalGoodsĂ—0.3,1.5,False,2.0,0.3,2.0,0.3,2.0,2.0,0.3,0.3,0.3,2.0,2.0,2.0,2.0,2.0,2.0
2025-08-28,RL,5137062.79,5132429.55,-0.09,926.486,18,0.0,16.58,3309.32,11,9,"BIOCON.NS,GRASIM.NS","GODREJCP.NS,MARUTI.NS",ASHOKLEY.NS:8.0%|PERSISTENT.NS:8.0%|GRASIM.NS:8.0%|AMBUJACEM.NS:7.8%|DEEPAKNTR.NS:7.8%,ITĂ—2.0|BankingĂ—2.0|FMCGĂ—2.0,FinancialServicesĂ—0.3|EnergyĂ—0.3|CapitalGoodsĂ—0.3,1.5,False,2.0,0.3,2.0,0.3,2.0,2.0,0.3,0.3,0.3,2.0,2.0,2.0,2.0,2.0,2.0
2025-09-25,RL,5192726.74,5186396.56,-0.122,937.279,17,0.0,17.35,4521.64,10,9,SAIL.NS,"AMBUJACEM.NS,NAVINFLUOR.NS",COFORGE.NS:8.0%|METROPOLIS.NS:8.0%|ACC.NS:8.0%|BIOCON.NS:8.0%|ASHOKLEY.NS:7.8%,ITĂ—2.0|BankingĂ—2.0|FMCGĂ—2.0,FinancialServicesĂ—0.3|EnergyĂ—0.3|CapitalGoodsĂ—0.3,1.5,False,2.0,0.3,2.0,0.3,2.0,2.0,0.3,0.3,0.3,2.0,2.0,2.0,2.0,2.0,2.0
2025-10-23,RL,5294878.1,5289626.81,-0.099,957.925,17,0.0,13.55,3750.88,6,13,"M&M.NS,TCS.NS","ASHOKLEY.NS,PIIND.NS",COFORGE.NS:7.9%|METROPOLIS.NS:7.9%|ACC.NS:7.9%|BIOCON.NS:7.9%|PERSISTENT.NS:7.7%,ITĂ—2.0|BankingĂ—2.0|FMCGĂ—2.0,FinancialServicesĂ—0.3|EnergyĂ—0.3|CapitalGoodsĂ—0.3,1.5,False,2.0,0.3,2.0,0.3,2.0,2.0,0.3,0.3,0.3,2.0,2.0,2.0,2.0,2.0,2.0
2025-11-20,RL,5424991.61,5417931.09,-0.13,983.586,17,0.0,17.98,5043.21,7,13,"AMBUJACEM.NS,HCLTECH.NS,TECHM.NS","GRASIM.NS,SAIL.NS,TATASTEEL.NS",HCLTECH.NS:8.0%|AMBUJACEM.NS:8.0%|COFORGE.NS:7.8%|METROPOLIS.NS:7.8%|ACC.NS:7.8%,ITĂ—2.0|BankingĂ—2.0|FMCGĂ—2.0,FinancialServicesĂ—0.3|EnergyĂ—0.3|CapitalGoodsĂ—0.3,1.5,False,2.0,0.3,2.0,0.3,2.0,2.0,0.3,0.3,0.3,2.0,2.0,2.0,2.0,2.0,2.0
2025-12-18,RL,5417931.09,5317913.55,-1.846,963.583,19,0.0,26.75,6513.73,16,6,"GRASIM.NS,NAVINFLUOR.NS,SUNPHARMA.NS,TATASTEEL.NS,TVSMOTOR.NS","ACC.NS,DEEPAKNTR.NS,HCLTECH.NS",FEDERALBNK.NS:8.0%|PERSISTENT.NS:8.0%|TECHM.NS:8.0%|AMBUJACEM.NS:7.8%|COFORGE.NS:7.6%,ITĂ—2.0|BankingĂ—2.0|FMCGĂ—2.0,FinancialServicesĂ—0.3|EnergyĂ—0.3|CapitalGoodsĂ—0.3,1.5,False,2.0,0.3,2.0,0.3,2.0,2.0,0.3,0.3,0.3,2.0,2.0,2.0,2.0,2.0,2.0
2026-01-15,RL,5379400.78,5367469.2,-0.222,973.494,18,0.0,33.09,8522.51,9,14,"ALKYLAMINE.NS,HDFCBANK.NS,MARICO.NS,TORNTPHARM.NS","COFORGE.NS,PERSISTENT.NS,SUNPHARMA.NS,TCS.NS,TECHM.NS",FEDERALBNK.NS:8.2%|HDFCBANK.NS:8.0%|TORNTPHARM.NS:8.0%|ALKYLAMINE.NS:8.0%|AMBUJACEM.NS:8.0%,BankingĂ—2.0|FMCGĂ—2.0|AutomobilesĂ—2.0,ITĂ—0.3|FinancialServicesĂ—0.3|EnergyĂ—0.3,1.5,False,2.0,0.3,2.0,0.3,2.0,2.0,0.3,0.3,0.3,2.0,2.0,1.881,2.0,0.3,1.875
2026-02-12,RL,5507472.08,5501405.99,-0.11,1000.281,17,0.0,15.48,4332.86,8,12,"NMDC.NS,SHREECEM.NS","APOLLOHOSP.NS,FEDERALBNK.NS,TATASTEEL.NS",NMDC.NS:8.0%|HDFCBANK.NS:7.9%|TORNTPHARM.NS:7.9%|ALKYLAMINE.NS:7.9%|AMBUJACEM.NS:7.9%,BankingĂ—2.0|FMCGĂ—2.0|AutomobilesĂ—2.0,ITĂ—0.3|FinancialServicesĂ—0.3|EnergyĂ—0.3,1.5,False,2.0,0.3,2.0,0.3,2.0,2.0,0.3,0.3,0.3,2.0,2.0,1.256,2.0,0.3,2.0
2026-03-12,RL,5501405.99,5106713.25,-7.174,921.343,19,0.0,28.4,6284.82,18,4,"BAJAJ-AUTO.NS,DABUR.NS,FORTIS.NS,SBIN.NS,SUNPHARMA.NS","ALKYLAMINE.NS,MARICO.NS,TORNTPHARM.NS",SHREECEM.NS:8.0%|BAJAJ-AUTO.NS:8.0%|NMDC.NS:7.8%|HDFCBANK.NS:7.7%|AMBUJACEM.NS:7.7%,BankingĂ—2.0|FMCGĂ—2.0|AutomobilesĂ—2.0,ITĂ—0.3|FinancialServicesĂ—0.3|EnergyĂ—0.3,1.5,False,2.0,0.3,2.0,0.3,2.0,2.0,0.3,0.3,0.3,2.0,2.0,1.543,2.0,0.3,2.0
