ticker,feature,first_date,last_date,n_obs,pct_missing,longest_null_streak
AARTIIND.NS,rev_growth_yoy,2024-02-15,2026-04-17,566,84.8,3165
AARTIIND.NS,profit_growth_yoy,2024-02-15,2026-04-17,566,84.8,3165
AARTIIND.NS,opm_level,2023-02-15,2026-04-17,827,77.8,2904
AARTIIND.NS,opm_change_yoy,2024-02-15,2026-04-17,566,84.8,3165
AARTIIND.NS,eps_growth_yoy,2024-02-15,2026-04-17,566,84.8,3165
AARTIIND.NS,rev_vs_trend,2023-08-15,2026-04-17,698,81.3,3033
AARTIIND.NS,profit_vs_trend,2023-08-15,2026-04-17,698,81.3,3033
ABB.NS,rev_growth_yoy,2022-05-31,2026-04-17,1013,72.8,2718
ABB.NS,profit_growth_yoy,2022-05-31,2026-04-17,1013,72.8,2718
ABB.NS,opm_level,2012-02-15,2026-04-17,3699,0.9,32
ABB.NS,opm_change_yoy,2022-05-31,2026-04-17,1013,72.8,2718
ABB.NS,eps_growth_yoy,2022-05-31,2026-04-17,1013,72.8,2718
ABB.NS,rev_vs_trend,2019-08-15,2026-04-17,1743,53.3,1988
ABB.NS,profit_vs_trend,2019-08-15,2026-04-17,1743,53.3,1988
ACC.NS,rev_growth_yoy,2024-02-15,2026-04-17,566,84.8,3165
ACC.NS,profit_growth_yoy,2024-02-15,2026-04-17,566,84.8,3165
ACC.NS,opm_level,2023-02-15,2026-04-17,827,77.8,2904
ACC.NS,opm_change_yoy,2024-02-15,2026-04-17,566,84.8,3165
ACC.NS,eps_growth_yoy,2024-02-15,2026-04-17,566,84.8,3165
ACC.NS,rev_vs_trend,2023-08-15,2026-04-17,698,81.3,3033
ACC.NS,profit_vs_trend,2023-08-15,2026-04-17,698,81.3,3033
ADANIPORTS.NS,rev_growth_yoy,2024-02-15,2026-04-17,566,84.8,3165
ADANIPORTS.NS,profit_growth_yoy,2024-02-15,2026-04-17,566,84.8,3165
ADANIPORTS.NS,opm_level,2023-02-15,2026-04-17,827,77.8,2904
ADANIPORTS.NS,opm_change_yoy,2024-02-15,2026-04-17,566,84.8,3165
ADANIPORTS.NS,eps_growth_yoy,2024-02-15,2026-04-17,566,84.8,3165
ADANIPORTS.NS,rev_vs_trend,2023-08-15,2026-04-17,698,81.3,3033
ADANIPORTS.NS,profit_vs_trend,2023-08-15,2026-04-17,698,81.3,3033
ALKEM.NS,rev_growth_yoy,2024-02-15,2026-04-17,566,84.8,3165
ALKEM.NS,profit_growth_yoy,2024-02-15,2026-04-17,566,84.8,3165
ALKEM.NS,opm_level,2023-02-15,2026-04-17,827,77.8,2904
ALKEM.NS,opm_change_yoy,2024-02-15,2026-04-17,566,84.8,3165
ALKEM.NS,eps_growth_yoy,2024-02-15,2026-04-17,566,84.8,3165
ALKEM.NS,rev_vs_trend,2023-08-15,2026-04-17,698,81.3,3033
ALKEM.NS,profit_vs_trend,2023-08-15,2026-04-17,698,81.3,3033
ALKYLAMINE.NS,rev_growth_yoy,2019-08-15,2026-04-17,1743,53.3,1988
ALKYLAMINE.NS,profit_growth_yoy,2019-08-15,2026-04-17,1743,53.3,1988
ALKYLAMINE.NS,opm_level,2018-08-15,2026-04-17,2004,46.3,1727
ALKYLAMINE.NS,opm_change_yoy,2019-08-15,2026-04-17,1743,53.3,1988
ALKYLAMINE.NS,eps_growth_yoy,2019-08-15,2026-04-17,1743,53.3,1988
ALKYLAMINE.NS,rev_vs_trend,2019-02-15,2026-04-17,1872,49.8,1859
ALKYLAMINE.NS,profit_vs_trend,2019-02-15,2026-04-17,1872,49.8,1859
AMBUJACEM.NS,rev_growth_yoy,2024-02-15,2026-04-17,566,84.8,3165
AMBUJACEM.NS,profit_growth_yoy,2024-02-15,2026-04-17,566,84.8,3165
AMBUJACEM.NS,opm_level,2023-02-15,2026-04-17,827,77.8,2904
AMBUJACEM.NS,opm_change_yoy,2024-02-15,2026-04-17,566,84.8,3165
AMBUJACEM.NS,eps_growth_yoy,2024-02-15,2026-04-17,566,84.8,3165
AMBUJACEM.NS,rev_vs_trend,2023-08-15,2026-04-17,698,81.3,3033
AMBUJACEM.NS,profit_vs_trend,2023-08-15,2026-04-17,698,81.3,3033
APOLLOHOSP.NS,rev_growth_yoy,2024-02-15,2026-04-17,566,84.8,3165
APOLLOHOSP.NS,profit_growth_yoy,2024-02-15,2026-04-17,566,84.8,3165
APOLLOHOSP.NS,opm_level,2023-02-15,2026-04-17,827,77.8,2904
APOLLOHOSP.NS,opm_change_yoy,2024-02-15,2026-04-17,566,84.8,3165
APOLLOHOSP.NS,eps_growth_yoy,2024-02-15,2026-04-17,566,84.8,3165
APOLLOHOSP.NS,rev_vs_trend,2023-08-15,2026-04-17,698,81.3,3033
APOLLOHOSP.NS,profit_vs_trend,2023-08-15,2026-04-17,698,81.3,3033
ASHOKLEY.NS,rev_growth_yoy,2024-02-15,2026-04-17,566,84.8,3165
ASHOKLEY.NS,profit_growth_yoy,2024-02-15,2026-04-17,566,84.8,3165
ASHOKLEY.NS,opm_level,2023-02-15,2026-04-17,827,77.8,2904
ASHOKLEY.NS,opm_change_yoy,2024-02-15,2026-04-17,566,84.8,3165
ASHOKLEY.NS,eps_growth_yoy,2024-02-15,2026-04-17,566,84.8,3165
ASHOKLEY.NS,rev_vs_trend,2023-08-15,2026-04-17,698,81.3,3033
ASHOKLEY.NS,profit_vs_trend,2023-08-15,2026-04-17,698,81.3,3033
ASIANPAINT.NS,rev_growth_yoy,2024-02-15,2026-04-17,566,84.8,3165
ASIANPAINT.NS,profit_growth_yoy,2024-02-15,2026-04-17,566,84.8,3165
ASIANPAINT.NS,opm_level,2023-02-15,2026-04-17,827,77.8,2904
ASIANPAINT.NS,opm_change_yoy,2024-02-15,2026-04-17,566,84.8,3165
ASIANPAINT.NS,eps_growth_yoy,2024-02-15,2026-04-17,566,84.8,3165
ASIANPAINT.NS,rev_vs_trend,2023-08-15,2026-04-17,698,81.3,3033
ASIANPAINT.NS,profit_vs_trend,2023-08-15,2026-04-17,698,81.3,3033
AUROPHARMA.NS,rev_growth_yoy,2024-02-15,2026-04-17,566,84.8,3165
AUROPHARMA.NS,profit_growth_yoy,2024-02-15,2026-04-17,566,84.8,3165
AUROPHARMA.NS,opm_level,2023-02-15,2026-04-17,827,77.8,2904
AUROPHARMA.NS,opm_change_yoy,2024-02-15,2026-04-17,566,84.8,3165
AUROPHARMA.NS,eps_growth_yoy,2024-02-15,2026-04-17,566,84.8,3165
AUROPHARMA.NS,rev_vs_trend,2023-08-15,2026-04-17,698,81.3,3033
AUROPHARMA.NS,profit_vs_trend,2023-08-15,2026-04-17,698,81.3,3033
AXISBANK.NS,rev_growth_yoy,2024-02-15,2026-04-17,566,84.8,3165
AXISBANK.NS,profit_growth_yoy,2024-02-15,2026-04-17,566,84.8,3165
AXISBANK.NS,opm_level,2023-02-15,2026-04-17,827,77.8,2904
AXISBANK.NS,opm_change_yoy,2024-02-15,2026-04-17,566,84.8,3165
AXISBANK.NS,eps_growth_yoy,2024-02-15,2026-04-17,566,84.8,3165
AXISBANK.NS,rev_vs_trend,2023-08-15,2026-04-17,698,81.3,3033
AXISBANK.NS,profit_vs_trend,2023-08-15,2026-04-17,698,81.3,3033
BAJAJ-AUTO.NS,rev_growth_yoy,2024-02-15,2026-04-17,566,84.8,3165
BAJAJ-AUTO.NS,profit_growth_yoy,2024-02-15,2026-04-17,566,84.8,3165
BAJAJ-AUTO.NS,opm_level,2023-02-15,2026-04-17,827,77.8,2904
BAJAJ-AUTO.NS,opm_change_yoy,2024-02-15,2026-04-17,566,84.8,3165
BAJAJ-AUTO.NS,eps_growth_yoy,2024-02-15,2026-04-17,566,84.8,3165
BAJAJ-AUTO.NS,rev_vs_trend,2023-08-15,2026-04-17,698,81.3,3033
BAJAJ-AUTO.NS,profit_vs_trend,2023-08-15,2026-04-17,698,81.3,3033
BAJAJFINSV.NS,rev_growth_yoy,2024-02-15,2026-04-17,566,84.8,3165
BAJAJFINSV.NS,profit_growth_yoy,2024-02-15,2026-04-17,566,84.8,3165
BAJAJFINSV.NS,opm_level,2023-02-15,2026-04-17,827,77.8,2904
BAJAJFINSV.NS,opm_change_yoy,2024-02-15,2026-04-17,566,84.8,3165
BAJAJFINSV.NS,eps_growth_yoy,2024-02-15,2026-04-17,566,84.8,3165
BAJAJFINSV.NS,rev_vs_trend,2023-08-15,2026-04-17,698,81.3,3033
BAJAJFINSV.NS,profit_vs_trend,2023-08-15,2026-04-17,698,81.3,3033
BAJFINANCE.NS,rev_growth_yoy,2024-02-15,2026-04-17,566,84.8,3165
BAJFINANCE.NS,profit_growth_yoy,2024-02-15,2026-04-17,566,84.8,3165
BAJFINANCE.NS,opm_level,2023-02-15,2026-04-17,827,77.8,2904
BAJFINANCE.NS,opm_change_yoy,2024-02-15,2026-04-17,566,84.8,3165
BAJFINANCE.NS,eps_growth_yoy,2024-02-15,2026-04-17,566,84.8,3165
BAJFINANCE.NS,rev_vs_trend,2023-08-15,2026-04-17,698,81.3,3033
BAJFINANCE.NS,profit_vs_trend,2023-08-15,2026-04-17,698,81.3,3033
BANDHANBNK.NS,rev_growth_yoy,2024-02-15,2026-04-17,566,84.8,3165
BANDHANBNK.NS,profit_growth_yoy,2024-02-15,2026-04-17,566,84.8,3165
BANDHANBNK.NS,opm_level,2023-02-15,2026-04-17,827,77.8,2904
BANDHANBNK.NS,opm_change_yoy,2024-02-15,2026-04-17,566,84.8,3165
BANDHANBNK.NS,eps_growth_yoy,2024-02-15,2026-04-17,566,84.8,3165
BANDHANBNK.NS,rev_vs_trend,2023-08-15,2026-04-17,698,81.3,3033
BANDHANBNK.NS,profit_vs_trend,2023-08-15,2026-04-17,698,81.3,3033
BHARTIARTL.NS,rev_growth_yoy,2024-02-15,2026-04-17,566,84.8,3165
BHARTIARTL.NS,profit_growth_yoy,2024-02-15,2026-04-17,566,84.8,3165
BHARTIARTL.NS,opm_level,2023-02-15,2026-04-17,827,77.8,2904
BHARTIARTL.NS,opm_change_yoy,2024-02-15,2026-04-17,566,84.8,3165
BHARTIARTL.NS,eps_growth_yoy,2024-02-15,2026-04-17,566,84.8,3165
BHARTIARTL.NS,rev_vs_trend,2023-08-15,2026-04-17,698,81.3,3033
BHARTIARTL.NS,profit_vs_trend,2023-08-15,2026-04-17,698,81.3,3033
BHEL.NS,rev_growth_yoy,2024-02-15,2026-04-17,566,84.8,3165
BHEL.NS,profit_growth_yoy,2024-02-15,2026-04-17,566,84.8,3165
BHEL.NS,opm_level,2023-02-15,2026-04-17,827,77.8,2904
BHEL.NS,opm_change_yoy,2024-02-15,2026-04-17,566,84.8,3165
BHEL.NS,eps_growth_yoy,2024-02-15,2026-04-17,566,84.8,3165
BHEL.NS,rev_vs_trend,2023-08-15,2026-04-17,698,81.3,3033
BHEL.NS,profit_vs_trend,2023-08-15,2026-04-17,698,81.3,3033
BIOCON.NS,rev_growth_yoy,2024-02-15,2026-04-17,566,84.8,3165
BIOCON.NS,profit_growth_yoy,2024-02-15,2026-04-17,566,84.8,3165
BIOCON.NS,opm_level,2023-02-15,2026-04-17,827,77.8,2904
BIOCON.NS,opm_change_yoy,2024-02-15,2026-04-17,566,84.8,3165
BIOCON.NS,eps_growth_yoy,2024-02-15,2026-04-17,566,84.8,3165
BIOCON.NS,rev_vs_trend,2023-08-15,2026-04-17,698,81.3,3033
BIOCON.NS,profit_vs_trend,2023-08-15,2026-04-17,698,81.3,3033
BPCL.NS,rev_growth_yoy,2024-02-15,2026-04-17,566,84.8,3165
BPCL.NS,profit_growth_yoy,2024-02-15,2026-04-17,566,84.8,3165
BPCL.NS,opm_level,2023-02-15,2026-04-17,827,77.8,2904
BPCL.NS,opm_change_yoy,2024-02-15,2026-04-17,566,84.8,3165
BPCL.NS,eps_growth_yoy,2024-02-15,2026-04-17,566,84.8,3165
BPCL.NS,rev_vs_trend,2023-08-15,2026-04-17,698,81.3,3033
BPCL.NS,profit_vs_trend,2023-08-15,2026-04-17,698,81.3,3033
BRIGADE.NS,rev_growth_yoy,2024-02-15,2026-04-17,566,84.8,3165
BRIGADE.NS,profit_growth_yoy,2024-02-15,2026-04-17,566,84.8,3165
BRIGADE.NS,opm_level,2023-02-15,2026-04-17,827,77.8,2904
BRIGADE.NS,opm_change_yoy,2024-02-15,2026-04-17,566,84.8,3165
BRIGADE.NS,eps_growth_yoy,2024-02-15,2026-04-17,566,84.8,3165
BRIGADE.NS,rev_vs_trend,2023-08-15,2026-04-17,698,81.3,3033
BRIGADE.NS,profit_vs_trend,2023-08-15,2026-04-17,698,81.3,3033
BRITANNIA.NS,rev_growth_yoy,2024-02-15,2026-04-17,566,84.8,3165
BRITANNIA.NS,profit_growth_yoy,2024-02-15,2026-04-17,566,84.8,3165
BRITANNIA.NS,opm_level,2023-02-15,2026-04-17,827,77.8,2904
BRITANNIA.NS,opm_change_yoy,2024-02-15,2026-04-17,566,84.8,3165
BRITANNIA.NS,eps_growth_yoy,2024-02-15,2026-04-17,566,84.8,3165
BRITANNIA.NS,rev_vs_trend,2023-08-15,2026-04-17,698,81.3,3033
BRITANNIA.NS,profit_vs_trend,2023-08-15,2026-04-17,698,81.3,3033
CHOLAFIN.NS,rev_growth_yoy,2024-02-15,2026-04-17,566,84.8,3165
CHOLAFIN.NS,profit_growth_yoy,2024-02-15,2026-04-17,566,84.8,3165
CHOLAFIN.NS,opm_level,2023-02-15,2026-04-17,827,77.8,2904
CHOLAFIN.NS,opm_change_yoy,2024-02-15,2026-04-17,566,84.8,3165
CHOLAFIN.NS,eps_growth_yoy,2024-02-15,2026-04-17,566,84.8,3165
CHOLAFIN.NS,rev_vs_trend,2023-08-15,2026-04-17,698,81.3,3033
CHOLAFIN.NS,profit_vs_trend,2023-08-15,2026-04-17,698,81.3,3033
CIPLA.NS,rev_growth_yoy,2024-02-15,2026-04-17,566,84.8,3165
CIPLA.NS,profit_growth_yoy,2024-02-15,2026-04-17,566,84.8,3165
CIPLA.NS,opm_level,2023-02-15,2026-04-17,827,77.8,2904
CIPLA.NS,opm_change_yoy,2024-02-15,2026-04-17,566,84.8,3165
CIPLA.NS,eps_growth_yoy,2024-02-15,2026-04-17,566,84.8,3165
CIPLA.NS,rev_vs_trend,2023-08-15,2026-04-17,698,81.3,3033
CIPLA.NS,profit_vs_trend,2023-08-15,2026-04-17,698,81.3,3033
COALINDIA.NS,rev_growth_yoy,2024-02-15,2026-04-17,566,84.8,3165
COALINDIA.NS,profit_growth_yoy,2024-02-15,2026-04-17,566,84.8,3165
COALINDIA.NS,opm_level,2023-02-15,2026-04-17,827,77.8,2904
COALINDIA.NS,opm_change_yoy,2024-02-15,2026-04-17,566,84.8,3165
COALINDIA.NS,eps_growth_yoy,2024-02-15,2026-04-17,566,84.8,3165
COALINDIA.NS,rev_vs_trend,2023-08-15,2026-04-17,698,81.3,3033
COALINDIA.NS,profit_vs_trend,2023-08-15,2026-04-17,698,81.3,3033
COFORGE.NS,rev_growth_yoy,2024-02-15,2026-04-17,566,84.8,3165
COFORGE.NS,profit_growth_yoy,2024-02-15,2026-04-17,566,84.8,3165
COFORGE.NS,opm_level,2023-02-15,2026-04-17,827,77.8,2904
COFORGE.NS,opm_change_yoy,2024-02-15,2026-04-17,566,84.8,3165
COFORGE.NS,eps_growth_yoy,2024-02-15,2026-04-17,566,84.8,3165
COFORGE.NS,rev_vs_trend,2023-08-15,2026-04-17,698,81.3,3033
COFORGE.NS,profit_vs_trend,2023-08-15,2026-04-17,698,81.3,3033
COLPAL.NS,rev_growth_yoy,2024-02-15,2026-04-17,566,84.8,3165
COLPAL.NS,profit_growth_yoy,2024-02-15,2026-04-17,566,84.8,3165
COLPAL.NS,opm_level,2023-02-15,2026-04-17,827,77.8,2904
COLPAL.NS,opm_change_yoy,2024-02-15,2026-04-17,566,84.8,3165
COLPAL.NS,eps_growth_yoy,2024-02-15,2026-04-17,566,84.8,3165
COLPAL.NS,rev_vs_trend,2023-08-15,2026-04-17,698,81.3,3033
COLPAL.NS,profit_vs_trend,2023-08-15,2026-04-17,698,81.3,3033
CUMMINSIND.NS,rev_growth_yoy,2024-02-15,2026-04-17,566,84.8,3165
CUMMINSIND.NS,profit_growth_yoy,2024-02-15,2026-04-17,566,84.8,3165
CUMMINSIND.NS,opm_level,2023-02-15,2026-04-17,827,77.8,2904
CUMMINSIND.NS,opm_change_yoy,2024-02-15,2026-04-17,566,84.8,3165
CUMMINSIND.NS,eps_growth_yoy,2024-02-15,2026-04-17,566,84.8,3165
CUMMINSIND.NS,rev_vs_trend,2023-08-15,2026-04-17,698,81.3,3033
CUMMINSIND.NS,profit_vs_trend,2023-08-15,2026-04-17,698,81.3,3033
DABUR.NS,rev_growth_yoy,2024-02-15,2026-04-17,566,84.8,3165
DABUR.NS,profit_growth_yoy,2024-02-15,2026-04-17,566,84.8,3165
DABUR.NS,opm_level,2023-02-15,2026-04-17,827,77.8,2904
DABUR.NS,opm_change_yoy,2024-02-15,2026-04-17,566,84.8,3165
DABUR.NS,eps_growth_yoy,2024-02-15,2026-04-17,566,84.8,3165
DABUR.NS,rev_vs_trend,2023-08-15,2026-04-17,698,81.3,3033
DABUR.NS,profit_vs_trend,2023-08-15,2026-04-17,698,81.3,3033
DEEPAKNTR.NS,rev_growth_yoy,2024-02-15,2026-04-17,566,84.8,3165
DEEPAKNTR.NS,profit_growth_yoy,2024-02-15,2026-04-17,566,84.8,3165
DEEPAKNTR.NS,opm_level,2023-02-15,2026-04-17,827,77.8,2904
DEEPAKNTR.NS,opm_change_yoy,2024-02-15,2026-04-17,566,84.8,3165
DEEPAKNTR.NS,eps_growth_yoy,2024-02-15,2026-04-17,566,84.8,3165
DEEPAKNTR.NS,rev_vs_trend,2023-08-15,2026-04-17,698,81.3,3033
DEEPAKNTR.NS,profit_vs_trend,2023-08-15,2026-04-17,698,81.3,3033
DIVISLAB.NS,rev_growth_yoy,2024-02-15,2026-04-17,566,84.8,3165
DIVISLAB.NS,profit_growth_yoy,2024-02-15,2026-04-17,566,84.8,3165
DIVISLAB.NS,opm_level,2023-02-15,2026-04-17,827,77.8,2904
DIVISLAB.NS,opm_change_yoy,2024-02-15,2026-04-17,566,84.8,3165
DIVISLAB.NS,eps_growth_yoy,2024-02-15,2026-04-17,566,84.8,3165
DIVISLAB.NS,rev_vs_trend,2023-08-15,2026-04-17,698,81.3,3033
DIVISLAB.NS,profit_vs_trend,2023-08-15,2026-04-17,698,81.3,3033
DLF.NS,rev_growth_yoy,2024-02-15,2026-04-17,566,84.8,3165
DLF.NS,profit_growth_yoy,2024-02-15,2026-04-17,566,84.8,3165
DLF.NS,opm_level,2023-02-15,2026-04-17,827,77.8,2904
DLF.NS,opm_change_yoy,2024-02-15,2026-04-17,566,84.8,3165
DLF.NS,eps_growth_yoy,2024-02-15,2026-04-17,566,84.8,3165
DLF.NS,rev_vs_trend,2023-08-15,2026-04-17,698,81.3,3033
DLF.NS,profit_vs_trend,2023-08-15,2026-04-17,698,81.3,3033
DMART.NS,rev_growth_yoy,2024-02-15,2026-04-17,566,84.8,3165
DMART.NS,profit_growth_yoy,2024-02-15,2026-04-17,566,84.8,3165
DMART.NS,opm_level,2023-02-15,2026-04-17,827,77.8,2904
DMART.NS,opm_change_yoy,2024-02-15,2026-04-17,566,84.8,3165
DMART.NS,eps_growth_yoy,2024-02-15,2026-04-17,566,84.8,3165
DMART.NS,rev_vs_trend,2023-08-15,2026-04-17,698,81.3,3033
DMART.NS,profit_vs_trend,2023-08-15,2026-04-17,698,81.3,3033
DRREDDY.NS,rev_growth_yoy,2024-02-15,2026-04-17,566,84.8,3165
DRREDDY.NS,profit_growth_yoy,2024-02-15,2026-04-17,566,84.8,3165
DRREDDY.NS,opm_level,2023-02-15,2026-04-17,827,77.8,2904
DRREDDY.NS,opm_change_yoy,2024-02-15,2026-04-17,566,84.8,3165
DRREDDY.NS,eps_growth_yoy,2024-02-15,2026-04-17,566,84.8,3165
DRREDDY.NS,rev_vs_trend,2023-08-15,2026-04-17,698,81.3,3033
DRREDDY.NS,profit_vs_trend,2023-08-15,2026-04-17,698,81.3,3033
EICHERMOT.NS,rev_growth_yoy,2024-02-15,2026-04-17,566,84.8,3165
EICHERMOT.NS,profit_growth_yoy,2024-02-15,2026-04-17,566,84.8,3165
EICHERMOT.NS,opm_level,2023-02-15,2026-04-17,827,77.8,2904
EICHERMOT.NS,opm_change_yoy,2024-02-15,2026-04-17,566,84.8,3165
EICHERMOT.NS,eps_growth_yoy,2024-02-15,2026-04-17,566,84.8,3165
EICHERMOT.NS,rev_vs_trend,2023-08-15,2026-04-17,698,81.3,3033
EICHERMOT.NS,profit_vs_trend,2023-08-15,2026-04-17,698,81.3,3033
FEDERALBNK.NS,rev_growth_yoy,2024-02-15,2026-04-17,566,84.8,3165
FEDERALBNK.NS,profit_growth_yoy,2024-02-15,2026-04-17,566,84.8,3165
FEDERALBNK.NS,opm_level,2023-02-15,2026-04-17,827,77.8,2904
FEDERALBNK.NS,opm_change_yoy,2024-02-15,2026-04-17,566,84.8,3165
FEDERALBNK.NS,eps_growth_yoy,2024-02-15,2026-04-17,566,84.8,3165
FEDERALBNK.NS,rev_vs_trend,2023-08-15,2026-04-17,698,81.3,3033
FEDERALBNK.NS,profit_vs_trend,2023-08-15,2026-04-17,698,81.3,3033
FORTIS.NS,rev_growth_yoy,2024-02-15,2026-04-17,566,84.8,3165
FORTIS.NS,profit_growth_yoy,2024-02-15,2026-04-17,566,84.8,3165
FORTIS.NS,opm_level,2023-02-15,2026-04-17,827,77.8,2904
FORTIS.NS,opm_change_yoy,2024-02-15,2026-04-17,566,84.8,3165
FORTIS.NS,eps_growth_yoy,2024-02-15,2026-04-17,566,84.8,3165
FORTIS.NS,rev_vs_trend,2023-08-15,2026-04-17,698,81.3,3033
FORTIS.NS,profit_vs_trend,2023-08-15,2026-04-17,698,81.3,3033
GAIL.NS,rev_growth_yoy,2024-02-15,2026-04-17,566,84.8,3165
GAIL.NS,profit_growth_yoy,2024-02-15,2026-04-17,566,84.8,3165
GAIL.NS,opm_level,2023-02-15,2026-04-17,827,77.8,2904
GAIL.NS,opm_change_yoy,2024-02-15,2026-04-17,566,84.8,3165
GAIL.NS,eps_growth_yoy,2024-02-15,2026-04-17,566,84.8,3165
GAIL.NS,rev_vs_trend,2023-08-15,2026-04-17,698,81.3,3033
GAIL.NS,profit_vs_trend,2023-08-15,2026-04-17,698,81.3,3033
GODREJCP.NS,rev_growth_yoy,2024-02-15,2026-04-17,566,84.8,3165
GODREJCP.NS,profit_growth_yoy,2024-02-15,2026-04-17,566,84.8,3165
GODREJCP.NS,opm_level,2023-02-15,2026-04-17,827,77.8,2904
GODREJCP.NS,opm_change_yoy,2024-02-15,2026-04-17,566,84.8,3165
GODREJCP.NS,eps_growth_yoy,2024-02-15,2026-04-17,566,84.8,3165
GODREJCP.NS,rev_vs_trend,2023-08-15,2026-04-17,698,81.3,3033
GODREJCP.NS,profit_vs_trend,2023-08-15,2026-04-17,698,81.3,3033
GODREJPROP.NS,rev_growth_yoy,2024-02-15,2026-04-17,566,84.8,3165
GODREJPROP.NS,profit_growth_yoy,2024-02-15,2026-04-17,566,84.8,3165
GODREJPROP.NS,opm_level,2023-02-15,2026-04-17,827,77.8,2904
GODREJPROP.NS,opm_change_yoy,2024-02-15,2026-04-17,566,84.8,3165
GODREJPROP.NS,eps_growth_yoy,2024-02-15,2026-04-17,566,84.8,3165
GODREJPROP.NS,rev_vs_trend,2023-08-15,2026-04-17,698,81.3,3033
GODREJPROP.NS,profit_vs_trend,2023-08-15,2026-04-17,698,81.3,3033
GRASIM.NS,rev_growth_yoy,2024-02-15,2026-04-17,566,84.8,3165
GRASIM.NS,profit_growth_yoy,2024-02-15,2026-04-17,566,84.8,3165
GRASIM.NS,opm_level,2023-02-15,2026-04-17,827,77.8,2904
GRASIM.NS,opm_change_yoy,2024-02-15,2026-04-17,566,84.8,3165
GRASIM.NS,eps_growth_yoy,2024-02-15,2026-04-17,566,84.8,3165
GRASIM.NS,rev_vs_trend,2023-08-15,2026-04-17,698,81.3,3033
GRASIM.NS,profit_vs_trend,2023-08-15,2026-04-17,698,81.3,3033
HAVELLS.NS,rev_growth_yoy,2024-02-15,2026-04-17,566,84.8,3165
HAVELLS.NS,profit_growth_yoy,2024-02-15,2026-04-17,566,84.8,3165
HAVELLS.NS,opm_level,2023-02-15,2026-04-17,827,77.8,2904
HAVELLS.NS,opm_change_yoy,2024-02-15,2026-04-17,566,84.8,3165
HAVELLS.NS,eps_growth_yoy,2024-02-15,2026-04-17,566,84.8,3165
HAVELLS.NS,rev_vs_trend,2023-08-15,2026-04-17,698,81.3,3033
HAVELLS.NS,profit_vs_trend,2023-08-15,2026-04-17,698,81.3,3033
HCLTECH.NS,rev_growth_yoy,2024-02-15,2026-04-17,566,84.8,3165
HCLTECH.NS,profit_growth_yoy,2024-02-15,2026-04-17,566,84.8,3165
HCLTECH.NS,opm_level,2023-02-15,2026-04-17,827,77.8,2904
HCLTECH.NS,opm_change_yoy,2024-02-15,2026-04-17,566,84.8,3165
HCLTECH.NS,eps_growth_yoy,2024-02-15,2026-04-17,566,84.8,3165
HCLTECH.NS,rev_vs_trend,2023-08-15,2026-04-17,698,81.3,3033
HCLTECH.NS,profit_vs_trend,2023-08-15,2026-04-17,698,81.3,3033
HDFCBANK.NS,rev_growth_yoy,2024-05-31,2026-04-17,490,86.9,3241
HDFCBANK.NS,profit_growth_yoy,2024-05-31,2026-04-17,490,86.9,3241
HDFCBANK.NS,opm_level,2023-05-31,2026-04-17,752,79.8,2979
HDFCBANK.NS,opm_change_yoy,2024-05-31,2026-04-17,490,86.9,3241
HDFCBANK.NS,eps_growth_yoy,2024-05-31,2026-04-17,490,86.9,3241
HDFCBANK.NS,rev_vs_trend,2023-11-15,2026-04-17,632,83.1,3099
HDFCBANK.NS,profit_vs_trend,2023-11-15,2026-04-17,632,83.1,3099
HDFCLIFE.NS,rev_growth_yoy,2024-05-31,2026-04-17,490,86.9,3241
HDFCLIFE.NS,profit_growth_yoy,2024-05-31,2026-04-17,490,86.9,3241
HDFCLIFE.NS,opm_level,2023-05-31,2026-04-17,752,79.8,2979
HDFCLIFE.NS,opm_change_yoy,2024-05-31,2026-04-17,490,86.9,3241
HDFCLIFE.NS,eps_growth_yoy,2024-05-31,2026-04-17,490,86.9,3241
HDFCLIFE.NS,rev_vs_trend,2023-11-15,2026-04-17,632,83.1,3099
HDFCLIFE.NS,profit_vs_trend,2023-11-15,2026-04-17,632,83.1,3099
HEROMOTOCO.NS,rev_growth_yoy,2024-02-15,2026-04-17,566,84.8,3165
HEROMOTOCO.NS,profit_growth_yoy,2024-02-15,2026-04-17,566,84.8,3165
HEROMOTOCO.NS,opm_level,2023-02-15,2026-04-17,827,77.8,2904
HEROMOTOCO.NS,opm_change_yoy,2024-02-15,2026-04-17,566,84.8,3165
HEROMOTOCO.NS,eps_growth_yoy,2024-02-15,2026-04-17,566,84.8,3165
HEROMOTOCO.NS,rev_vs_trend,2023-08-15,2026-04-17,698,81.3,3033
HEROMOTOCO.NS,profit_vs_trend,2023-08-15,2026-04-17,698,81.3,3033
HINDALCO.NS,rev_growth_yoy,2024-02-15,2026-04-17,566,84.8,3165
HINDALCO.NS,profit_growth_yoy,2024-02-15,2026-04-17,566,84.8,3165
HINDALCO.NS,opm_level,2023-02-15,2026-04-17,827,77.8,2904
HINDALCO.NS,opm_change_yoy,2024-02-15,2026-04-17,566,84.8,3165
HINDALCO.NS,eps_growth_yoy,2024-02-15,2026-04-17,566,84.8,3165
HINDALCO.NS,rev_vs_trend,2023-08-15,2026-04-17,698,81.3,3033
HINDALCO.NS,profit_vs_trend,2023-08-15,2026-04-17,698,81.3,3033
HINDUNILVR.NS,rev_growth_yoy,2024-02-15,2026-04-17,566,84.8,3165
HINDUNILVR.NS,profit_growth_yoy,2024-02-15,2026-04-17,566,84.8,3165
HINDUNILVR.NS,opm_level,2023-02-15,2026-04-17,827,77.8,2904
HINDUNILVR.NS,opm_change_yoy,2024-02-15,2026-04-17,566,84.8,3165
HINDUNILVR.NS,eps_growth_yoy,2024-02-15,2026-04-17,566,84.8,3165
HINDUNILVR.NS,rev_vs_trend,2023-08-15,2026-04-17,698,81.3,3033
HINDUNILVR.NS,profit_vs_trend,2023-08-15,2026-04-17,698,81.3,3033
ICICIBANK.NS,rev_growth_yoy,2024-05-31,2026-04-17,490,86.9,3241
ICICIBANK.NS,profit_growth_yoy,2024-05-31,2026-04-17,490,86.9,3241
ICICIBANK.NS,opm_level,2023-05-31,2026-04-17,752,79.8,2979
ICICIBANK.NS,opm_change_yoy,2024-05-31,2026-04-17,490,86.9,3241
ICICIBANK.NS,eps_growth_yoy,2024-05-31,2026-04-17,490,86.9,3241
ICICIBANK.NS,rev_vs_trend,2023-11-15,2026-04-17,632,83.1,3099
ICICIBANK.NS,profit_vs_trend,2023-11-15,2026-04-17,632,83.1,3099
IDFCFIRSTB.NS,rev_growth_yoy,2024-02-15,2026-04-17,566,84.8,3165
IDFCFIRSTB.NS,profit_growth_yoy,2024-02-15,2026-04-17,566,84.8,3165
IDFCFIRSTB.NS,opm_level,2023-02-15,2026-04-17,827,77.8,2904
IDFCFIRSTB.NS,opm_change_yoy,2024-02-15,2026-04-17,566,84.8,3165
IDFCFIRSTB.NS,eps_growth_yoy,2024-02-15,2026-04-17,566,84.8,3165
IDFCFIRSTB.NS,rev_vs_trend,2023-08-15,2026-04-17,698,81.3,3033
IDFCFIRSTB.NS,profit_vs_trend,2023-08-15,2026-04-17,698,81.3,3033
INDUSINDBK.NS,rev_growth_yoy,2024-02-15,2026-04-17,566,84.8,3165
INDUSINDBK.NS,profit_growth_yoy,2024-02-15,2026-04-17,566,84.8,3165
INDUSINDBK.NS,opm_level,2023-02-15,2026-04-17,827,77.8,2904
INDUSINDBK.NS,opm_change_yoy,2024-02-15,2026-04-17,566,84.8,3165
INDUSINDBK.NS,eps_growth_yoy,2024-02-15,2026-04-17,566,84.8,3165
INDUSINDBK.NS,rev_vs_trend,2023-08-15,2026-04-17,698,81.3,3033
INDUSINDBK.NS,profit_vs_trend,2023-08-15,2026-04-17,698,81.3,3033
INDUSTOWER.NS,rev_growth_yoy,2024-02-15,2026-04-17,566,84.8,3165
INDUSTOWER.NS,profit_growth_yoy,2024-02-15,2026-04-17,566,84.8,3165
INDUSTOWER.NS,opm_level,2023-02-15,2026-04-17,827,77.8,2904
INDUSTOWER.NS,opm_change_yoy,2024-02-15,2026-04-17,566,84.8,3165
INDUSTOWER.NS,eps_growth_yoy,2024-02-15,2026-04-17,566,84.8,3165
INDUSTOWER.NS,rev_vs_trend,2023-08-15,2026-04-17,698,81.3,3033
INDUSTOWER.NS,profit_vs_trend,2023-08-15,2026-04-17,698,81.3,3033
INFY.NS,rev_growth_yoy,2024-02-15,2026-04-17,566,84.8,3165
INFY.NS,profit_growth_yoy,2024-02-15,2026-04-17,566,84.8,3165
INFY.NS,opm_level,2023-02-15,2026-04-17,827,77.8,2904
INFY.NS,opm_change_yoy,2024-02-15,2026-04-17,566,84.8,3165
INFY.NS,eps_growth_yoy,2024-02-15,2026-04-17,566,84.8,3165
INFY.NS,rev_vs_trend,2023-08-15,2026-04-17,698,81.3,3033
INFY.NS,profit_vs_trend,2023-08-15,2026-04-17,698,81.3,3033
IOC.NS,rev_growth_yoy,2024-02-15,2026-04-17,566,84.8,3165
IOC.NS,profit_growth_yoy,2024-02-15,2026-04-17,566,84.8,3165
IOC.NS,opm_level,2023-02-15,2026-04-17,827,77.8,2904
IOC.NS,opm_change_yoy,2024-02-15,2026-04-17,566,84.8,3165
IOC.NS,eps_growth_yoy,2024-02-15,2026-04-17,566,84.8,3165
IOC.NS,rev_vs_trend,2023-08-15,2026-04-17,698,81.3,3033
IOC.NS,profit_vs_trend,2023-08-15,2026-04-17,698,81.3,3033
ITC.NS,rev_growth_yoy,2024-02-15,2026-04-17,566,84.8,3165
ITC.NS,profit_growth_yoy,2024-02-15,2026-04-17,566,84.8,3165
ITC.NS,opm_level,2023-02-15,2026-04-17,827,77.8,2904
ITC.NS,opm_change_yoy,2024-02-15,2026-04-17,566,84.8,3165
ITC.NS,eps_growth_yoy,2024-02-15,2026-04-17,566,84.8,3165
ITC.NS,rev_vs_trend,2023-08-15,2026-04-17,698,81.3,3033
ITC.NS,profit_vs_trend,2023-08-15,2026-04-17,698,81.3,3033
JSWSTEEL.NS,rev_growth_yoy,2024-02-15,2026-04-17,566,84.8,3165
JSWSTEEL.NS,profit_growth_yoy,2024-02-15,2026-04-17,566,84.8,3165
JSWSTEEL.NS,opm_level,2023-02-15,2026-04-17,827,77.8,2904
JSWSTEEL.NS,opm_change_yoy,2024-02-15,2026-04-17,566,84.8,3165
JSWSTEEL.NS,eps_growth_yoy,2024-02-15,2026-04-17,566,84.8,3165
JSWSTEEL.NS,rev_vs_trend,2023-08-15,2026-04-17,698,81.3,3033
JSWSTEEL.NS,profit_vs_trend,2023-08-15,2026-04-17,698,81.3,3033
KOTAKBANK.NS,rev_growth_yoy,2024-02-15,2026-04-17,566,84.8,3165
KOTAKBANK.NS,profit_growth_yoy,2024-02-15,2026-04-17,566,84.8,3165
KOTAKBANK.NS,opm_level,2023-02-15,2026-04-17,827,77.8,2904
KOTAKBANK.NS,opm_change_yoy,2024-02-15,2026-04-17,566,84.8,3165
KOTAKBANK.NS,eps_growth_yoy,2024-02-15,2026-04-17,566,84.8,3165
KOTAKBANK.NS,rev_vs_trend,2023-08-15,2026-04-17,698,81.3,3033
KOTAKBANK.NS,profit_vs_trend,2023-08-15,2026-04-17,698,81.3,3033
LICHSGFIN.NS,rev_growth_yoy,2024-02-15,2026-04-17,566,84.8,3165
LICHSGFIN.NS,profit_growth_yoy,2024-02-15,2026-04-17,566,84.8,3165
LICHSGFIN.NS,opm_level,2023-02-15,2026-04-17,827,77.8,2904
LICHSGFIN.NS,opm_change_yoy,2024-02-15,2026-04-17,566,84.8,3165
LICHSGFIN.NS,eps_growth_yoy,2024-02-15,2026-04-17,566,84.8,3165
LICHSGFIN.NS,rev_vs_trend,2023-08-15,2026-04-17,698,81.3,3033
LICHSGFIN.NS,profit_vs_trend,2023-08-15,2026-04-17,698,81.3,3033
LT.NS,rev_growth_yoy,2024-02-15,2026-04-17,566,84.8,3165
LT.NS,profit_growth_yoy,2024-02-15,2026-04-17,566,84.8,3165
LT.NS,opm_level,2023-02-15,2026-04-17,827,77.8,2904
LT.NS,opm_change_yoy,2024-02-15,2026-04-17,566,84.8,3165
LT.NS,eps_growth_yoy,2024-02-15,2026-04-17,566,84.8,3165
LT.NS,rev_vs_trend,2023-08-15,2026-04-17,698,81.3,3033
LT.NS,profit_vs_trend,2023-08-15,2026-04-17,698,81.3,3033
M&M.NS,rev_growth_yoy,2024-02-15,2026-04-17,566,84.8,3165
M&M.NS,profit_growth_yoy,2024-02-15,2026-04-17,566,84.8,3165
M&M.NS,opm_level,2023-02-15,2026-04-17,827,77.8,2904
M&M.NS,opm_change_yoy,2024-02-15,2026-04-17,566,84.8,3165
M&M.NS,eps_growth_yoy,2024-02-15,2026-04-17,566,84.8,3165
M&M.NS,rev_vs_trend,2023-08-15,2026-04-17,698,81.3,3033
M&M.NS,profit_vs_trend,2023-08-15,2026-04-17,698,81.3,3033
MARICO.NS,rev_growth_yoy,2024-02-15,2026-04-17,566,84.8,3165
MARICO.NS,profit_growth_yoy,2024-02-15,2026-04-17,566,84.8,3165
MARICO.NS,opm_level,2023-02-15,2026-04-17,827,77.8,2904
MARICO.NS,opm_change_yoy,2024-02-15,2026-04-17,566,84.8,3165
MARICO.NS,eps_growth_yoy,2024-02-15,2026-04-17,566,84.8,3165
MARICO.NS,rev_vs_trend,2023-08-15,2026-04-17,698,81.3,3033
MARICO.NS,profit_vs_trend,2023-08-15,2026-04-17,698,81.3,3033
MARUTI.NS,rev_growth_yoy,2024-02-15,2026-04-17,566,84.8,3165
MARUTI.NS,profit_growth_yoy,2024-02-15,2026-04-17,566,84.8,3165
MARUTI.NS,opm_level,2023-02-15,2026-04-17,827,77.8,2904
MARUTI.NS,opm_change_yoy,2024-02-15,2026-04-17,566,84.8,3165
MARUTI.NS,eps_growth_yoy,2024-02-15,2026-04-17,566,84.8,3165
MARUTI.NS,rev_vs_trend,2023-08-15,2026-04-17,698,81.3,3033
MARUTI.NS,profit_vs_trend,2023-08-15,2026-04-17,698,81.3,3033
MAXHEALTH.NS,rev_growth_yoy,2024-02-15,2026-04-17,566,84.8,3165
MAXHEALTH.NS,profit_growth_yoy,2024-02-15,2026-04-17,566,84.8,3165
MAXHEALTH.NS,opm_level,2023-02-15,2026-04-17,827,77.8,2904
MAXHEALTH.NS,opm_change_yoy,2024-02-15,2026-04-17,566,84.8,3165
MAXHEALTH.NS,eps_growth_yoy,2024-02-15,2026-04-17,566,84.8,3165
MAXHEALTH.NS,rev_vs_trend,2023-08-15,2026-04-17,698,81.3,3033
MAXHEALTH.NS,profit_vs_trend,2023-08-15,2026-04-17,698,81.3,3033
METROPOLIS.NS,rev_growth_yoy,2024-02-15,2026-04-17,566,84.8,3165
METROPOLIS.NS,profit_growth_yoy,2024-02-15,2026-04-17,566,84.8,3165
METROPOLIS.NS,opm_level,2023-02-15,2026-04-17,827,77.8,2904
METROPOLIS.NS,opm_change_yoy,2024-02-15,2026-04-17,566,84.8,3165
METROPOLIS.NS,eps_growth_yoy,2024-02-15,2026-04-17,566,84.8,3165
METROPOLIS.NS,rev_vs_trend,2023-08-15,2026-04-17,698,81.3,3033
METROPOLIS.NS,profit_vs_trend,2023-08-15,2026-04-17,698,81.3,3033
MGL.NS,rev_growth_yoy,2024-02-15,2026-04-17,566,84.8,3165
MGL.NS,profit_growth_yoy,2024-02-15,2026-04-17,566,84.8,3165
MGL.NS,opm_level,2023-02-15,2026-04-17,827,77.8,2904
MGL.NS,opm_change_yoy,2024-02-15,2026-04-17,566,84.8,3165
MGL.NS,eps_growth_yoy,2024-02-15,2026-04-17,566,84.8,3165
MGL.NS,rev_vs_trend,2023-08-15,2026-04-17,698,81.3,3033
MGL.NS,profit_vs_trend,2023-08-15,2026-04-17,698,81.3,3033
MPHASIS.NS,rev_growth_yoy,2024-02-15,2026-04-17,566,84.8,3165
MPHASIS.NS,profit_growth_yoy,2024-02-15,2026-04-17,566,84.8,3165
MPHASIS.NS,opm_level,2023-02-15,2026-04-17,827,77.8,2904
MPHASIS.NS,opm_change_yoy,2024-02-15,2026-04-17,566,84.8,3165
MPHASIS.NS,eps_growth_yoy,2024-02-15,2026-04-17,566,84.8,3165
MPHASIS.NS,rev_vs_trend,2023-08-15,2026-04-17,698,81.3,3033
MPHASIS.NS,profit_vs_trend,2023-08-15,2026-04-17,698,81.3,3033
MUTHOOTFIN.NS,rev_growth_yoy,2024-02-15,2026-04-17,566,84.8,3165
MUTHOOTFIN.NS,profit_growth_yoy,2024-02-15,2026-04-17,566,84.8,3165
MUTHOOTFIN.NS,opm_level,2023-02-15,2026-04-17,827,77.8,2904
MUTHOOTFIN.NS,opm_change_yoy,2024-02-15,2026-04-17,566,84.8,3165
MUTHOOTFIN.NS,eps_growth_yoy,2024-02-15,2026-04-17,566,84.8,3165
MUTHOOTFIN.NS,rev_vs_trend,2023-08-15,2026-04-17,698,81.3,3033
MUTHOOTFIN.NS,profit_vs_trend,2023-08-15,2026-04-17,698,81.3,3033
NAVINFLUOR.NS,rev_growth_yoy,2024-02-15,2026-04-17,566,84.8,3165
NAVINFLUOR.NS,profit_growth_yoy,2024-02-15,2026-04-17,566,84.8,3165
NAVINFLUOR.NS,opm_level,2023-02-15,2026-04-17,827,77.8,2904
NAVINFLUOR.NS,opm_change_yoy,2024-02-15,2026-04-17,566,84.8,3165
NAVINFLUOR.NS,eps_growth_yoy,2024-02-15,2026-04-17,566,84.8,3165
NAVINFLUOR.NS,rev_vs_trend,2023-08-15,2026-04-17,698,81.3,3033
NAVINFLUOR.NS,profit_vs_trend,2023-08-15,2026-04-17,698,81.3,3033
NESTLEIND.NS,rev_growth_yoy,2025-06-02,2026-04-17,229,93.9,3502
NESTLEIND.NS,profit_growth_yoy,2025-06-02,2026-04-17,229,93.9,3502
NESTLEIND.NS,opm_level,2024-02-15,2026-04-17,566,84.8,3165
NESTLEIND.NS,opm_change_yoy,2025-06-02,2026-04-17,229,93.9,3502
NESTLEIND.NS,eps_growth_yoy,2025-06-02,2026-04-17,229,93.9,3502
NESTLEIND.NS,rev_vs_trend,2024-11-15,2026-04-17,370,90.1,3361
NESTLEIND.NS,profit_vs_trend,2024-11-15,2026-04-17,370,90.1,3361
NMDC.NS,rev_growth_yoy,2024-02-15,2026-04-17,566,84.8,3165
NMDC.NS,profit_growth_yoy,2024-02-15,2026-04-17,566,84.8,3165
NMDC.NS,opm_level,2023-02-15,2026-04-17,827,77.8,2904
NMDC.NS,opm_change_yoy,2024-02-15,2026-04-17,566,84.8,3165
NMDC.NS,eps_growth_yoy,2024-02-15,2026-04-17,566,84.8,3165
NMDC.NS,rev_vs_trend,2023-08-15,2026-04-17,698,81.3,3033
NMDC.NS,profit_vs_trend,2023-08-15,2026-04-17,698,81.3,3033
NTPC.NS,rev_growth_yoy,2024-02-15,2026-04-17,566,84.8,3165
NTPC.NS,profit_growth_yoy,2024-02-15,2026-04-17,566,84.8,3165
NTPC.NS,opm_level,2023-02-15,2026-04-17,827,77.8,2904
NTPC.NS,opm_change_yoy,2024-02-15,2026-04-17,566,84.8,3165
NTPC.NS,eps_growth_yoy,2024-02-15,2026-04-17,566,84.8,3165
NTPC.NS,rev_vs_trend,2023-08-15,2026-04-17,698,81.3,3033
NTPC.NS,profit_vs_trend,2023-08-15,2026-04-17,698,81.3,3033
OBEROIRLTY.NS,rev_growth_yoy,2024-02-15,2026-04-17,566,84.8,3165
OBEROIRLTY.NS,profit_growth_yoy,2024-02-15,2026-04-17,566,84.8,3165
OBEROIRLTY.NS,opm_level,2023-02-15,2026-04-17,827,77.8,2904
OBEROIRLTY.NS,opm_change_yoy,2024-02-15,2026-04-17,566,84.8,3165
OBEROIRLTY.NS,eps_growth_yoy,2024-02-15,2026-04-17,566,84.8,3165
OBEROIRLTY.NS,rev_vs_trend,2023-08-15,2026-04-17,698,81.3,3033
OBEROIRLTY.NS,profit_vs_trend,2023-08-15,2026-04-17,698,81.3,3033
ONGC.NS,rev_growth_yoy,2024-02-15,2026-04-17,566,84.8,3165
ONGC.NS,profit_growth_yoy,2024-02-15,2026-04-17,566,84.8,3165
ONGC.NS,opm_level,2023-02-15,2026-04-17,827,77.8,2904
ONGC.NS,opm_change_yoy,2024-02-15,2026-04-17,566,84.8,3165
ONGC.NS,eps_growth_yoy,2024-02-15,2026-04-17,566,84.8,3165
ONGC.NS,rev_vs_trend,2023-08-15,2026-04-17,698,81.3,3033
ONGC.NS,profit_vs_trend,2023-08-15,2026-04-17,698,81.3,3033
PERSISTENT.NS,rev_growth_yoy,2024-02-15,2026-04-17,566,84.8,3165
PERSISTENT.NS,profit_growth_yoy,2024-02-15,2026-04-17,566,84.8,3165
PERSISTENT.NS,opm_level,2023-02-15,2026-04-17,827,77.8,2904
PERSISTENT.NS,opm_change_yoy,2024-02-15,2026-04-17,566,84.8,3165
PERSISTENT.NS,eps_growth_yoy,2024-02-15,2026-04-17,566,84.8,3165
PERSISTENT.NS,rev_vs_trend,2023-08-15,2026-04-17,698,81.3,3033
PERSISTENT.NS,profit_vs_trend,2023-08-15,2026-04-17,698,81.3,3033
PETRONET.NS,rev_growth_yoy,2024-02-15,2026-04-17,566,84.8,3165
PETRONET.NS,profit_growth_yoy,2024-02-15,2026-04-17,566,84.8,3165
PETRONET.NS,opm_level,2023-02-15,2026-04-17,827,77.8,2904
PETRONET.NS,opm_change_yoy,2024-02-15,2026-04-17,566,84.8,3165
PETRONET.NS,eps_growth_yoy,2024-02-15,2026-04-17,566,84.8,3165
PETRONET.NS,rev_vs_trend,2023-08-15,2026-04-17,698,81.3,3033
PETRONET.NS,profit_vs_trend,2023-08-15,2026-04-17,698,81.3,3033
PIDILITIND.NS,rev_growth_yoy,2024-02-15,2026-04-17,566,84.8,3165
PIDILITIND.NS,profit_growth_yoy,2024-02-15,2026-04-17,566,84.8,3165
PIDILITIND.NS,opm_level,2023-02-15,2026-04-17,827,77.8,2904
PIDILITIND.NS,opm_change_yoy,2024-02-15,2026-04-17,566,84.8,3165
PIDILITIND.NS,eps_growth_yoy,2024-02-15,2026-04-17,566,84.8,3165
PIDILITIND.NS,rev_vs_trend,2023-08-15,2026-04-17,698,81.3,3033
PIDILITIND.NS,profit_vs_trend,2023-08-15,2026-04-17,698,81.3,3033
PIIND.NS,rev_growth_yoy,2024-02-15,2026-04-17,566,84.8,3165
PIIND.NS,profit_growth_yoy,2024-02-15,2026-04-17,566,84.8,3165
PIIND.NS,opm_level,2023-02-15,2026-04-17,827,77.8,2904
PIIND.NS,opm_change_yoy,2024-02-15,2026-04-17,566,84.8,3165
PIIND.NS,eps_growth_yoy,2024-02-15,2026-04-17,566,84.8,3165
PIIND.NS,rev_vs_trend,2023-08-15,2026-04-17,698,81.3,3033
PIIND.NS,profit_vs_trend,2023-08-15,2026-04-17,698,81.3,3033
POWERGRID.NS,rev_growth_yoy,2024-02-15,2026-04-17,566,84.8,3165
POWERGRID.NS,profit_growth_yoy,2024-02-15,2026-04-17,566,84.8,3165
POWERGRID.NS,opm_level,2023-02-15,2026-04-17,827,77.8,2904
POWERGRID.NS,opm_change_yoy,2024-02-15,2026-04-17,566,84.8,3165
POWERGRID.NS,eps_growth_yoy,2024-02-15,2026-04-17,566,84.8,3165
POWERGRID.NS,rev_vs_trend,2023-08-15,2026-04-17,698,81.3,3033
POWERGRID.NS,profit_vs_trend,2023-08-15,2026-04-17,698,81.3,3033
PRESTIGE.NS,rev_growth_yoy,2024-02-15,2026-04-17,566,84.8,3165
PRESTIGE.NS,profit_growth_yoy,2024-02-15,2026-04-17,566,84.8,3165
PRESTIGE.NS,opm_level,2023-02-15,2026-04-17,827,77.8,2904
PRESTIGE.NS,opm_change_yoy,2024-02-15,2026-04-17,566,84.8,3165
PRESTIGE.NS,eps_growth_yoy,2024-02-15,2026-04-17,566,84.8,3165
PRESTIGE.NS,rev_vs_trend,2023-08-15,2026-04-17,698,81.3,3033
PRESTIGE.NS,profit_vs_trend,2023-08-15,2026-04-17,698,81.3,3033
RELIANCE.NS,rev_growth_yoy,2024-02-15,2026-04-17,566,84.8,3165
RELIANCE.NS,profit_growth_yoy,2024-02-15,2026-04-17,566,84.8,3165
RELIANCE.NS,opm_level,2023-02-15,2026-04-17,827,77.8,2904
RELIANCE.NS,opm_change_yoy,2024-02-15,2026-04-17,566,84.8,3165
RELIANCE.NS,eps_growth_yoy,2024-02-15,2026-04-17,566,84.8,3165
RELIANCE.NS,rev_vs_trend,2023-08-15,2026-04-17,698,81.3,3033
RELIANCE.NS,profit_vs_trend,2023-08-15,2026-04-17,698,81.3,3033
SAIL.NS,rev_growth_yoy,2024-02-15,2026-04-17,566,84.8,3165
SAIL.NS,profit_growth_yoy,2024-02-15,2026-04-17,566,84.8,3165
SAIL.NS,opm_level,2023-02-15,2026-04-17,827,77.8,2904
SAIL.NS,opm_change_yoy,2024-02-15,2026-04-17,566,84.8,3165
SAIL.NS,eps_growth_yoy,2024-02-15,2026-04-17,566,84.8,3165
SAIL.NS,rev_vs_trend,2023-08-15,2026-04-17,698,81.3,3033
SAIL.NS,profit_vs_trend,2023-08-15,2026-04-17,698,81.3,3033
SBILIFE.NS,rev_growth_yoy,2024-02-15,2026-04-17,566,84.8,3165
SBILIFE.NS,profit_growth_yoy,2024-02-15,2026-04-17,566,84.8,3165
SBILIFE.NS,opm_level,2023-02-15,2026-04-17,827,77.8,2904
SBILIFE.NS,opm_change_yoy,2024-02-15,2026-04-17,566,84.8,3165
SBILIFE.NS,eps_growth_yoy,2024-02-15,2026-04-17,566,84.8,3165
SBILIFE.NS,rev_vs_trend,2023-08-15,2026-04-17,698,81.3,3033
SBILIFE.NS,profit_vs_trend,2023-08-15,2026-04-17,698,81.3,3033
SBIN.NS,rev_growth_yoy,2024-02-15,2026-04-17,566,84.8,3165
SBIN.NS,profit_growth_yoy,2024-02-15,2026-04-17,566,84.8,3165
SBIN.NS,opm_level,2023-02-15,2026-04-17,827,77.8,2904
SBIN.NS,opm_change_yoy,2024-02-15,2026-04-17,566,84.8,3165
SBIN.NS,eps_growth_yoy,2024-02-15,2026-04-17,566,84.8,3165
SBIN.NS,rev_vs_trend,2023-08-15,2026-04-17,698,81.3,3033
SBIN.NS,profit_vs_trend,2023-08-15,2026-04-17,698,81.3,3033
SHREECEM.NS,rev_growth_yoy,2024-02-15,2026-04-17,566,84.8,3165
SHREECEM.NS,profit_growth_yoy,2024-02-15,2026-04-17,566,84.8,3165
SHREECEM.NS,opm_level,2023-02-15,2026-04-17,827,77.8,2904
SHREECEM.NS,opm_change_yoy,2024-02-15,2026-04-17,566,84.8,3165
SHREECEM.NS,eps_growth_yoy,2024-02-15,2026-04-17,566,84.8,3165
SHREECEM.NS,rev_vs_trend,2023-08-15,2026-04-17,698,81.3,3033
SHREECEM.NS,profit_vs_trend,2023-08-15,2026-04-17,698,81.3,3033
SIEMENS.NS,rev_growth_yoy,2024-02-15,2026-04-17,566,84.8,3165
SIEMENS.NS,profit_growth_yoy,2024-02-15,2026-04-17,566,84.8,3165
SIEMENS.NS,opm_level,2023-02-15,2026-04-17,827,77.8,2904
SIEMENS.NS,opm_change_yoy,2024-02-15,2026-04-17,566,84.8,3165
SIEMENS.NS,eps_growth_yoy,2024-02-15,2026-04-17,566,84.8,3165
SIEMENS.NS,rev_vs_trend,2023-08-15,2026-04-17,698,81.3,3033
SIEMENS.NS,profit_vs_trend,2023-08-15,2026-04-17,698,81.3,3033
SUNPHARMA.NS,rev_growth_yoy,2024-02-15,2026-04-17,566,84.8,3165
SUNPHARMA.NS,profit_growth_yoy,2024-02-15,2026-04-17,566,84.8,3165
SUNPHARMA.NS,opm_level,2023-02-15,2026-04-17,827,77.8,2904
SUNPHARMA.NS,opm_change_yoy,2024-02-15,2026-04-17,566,84.8,3165
SUNPHARMA.NS,eps_growth_yoy,2024-02-15,2026-04-17,566,84.8,3165
SUNPHARMA.NS,rev_vs_trend,2023-08-15,2026-04-17,698,81.3,3033
SUNPHARMA.NS,profit_vs_trend,2023-08-15,2026-04-17,698,81.3,3033
TATASTEEL.NS,rev_growth_yoy,2024-02-15,2026-04-17,566,84.8,3165
TATASTEEL.NS,profit_growth_yoy,2024-02-15,2026-04-17,566,84.8,3165
TATASTEEL.NS,opm_level,2023-02-15,2026-04-17,827,77.8,2904
TATASTEEL.NS,opm_change_yoy,2024-02-15,2026-04-17,566,84.8,3165
TATASTEEL.NS,eps_growth_yoy,2024-02-15,2026-04-17,566,84.8,3165
TATASTEEL.NS,rev_vs_trend,2023-08-15,2026-04-17,698,81.3,3033
TATASTEEL.NS,profit_vs_trend,2023-08-15,2026-04-17,698,81.3,3033
TCS.NS,rev_growth_yoy,2024-05-31,2026-04-17,490,86.9,3241
TCS.NS,profit_growth_yoy,2024-05-31,2026-04-17,490,86.9,3241
TCS.NS,opm_level,2023-05-31,2026-04-17,752,79.8,2979
TCS.NS,opm_change_yoy,2024-05-31,2026-04-17,490,86.9,3241
TCS.NS,eps_growth_yoy,2024-05-31,2026-04-17,490,86.9,3241
TCS.NS,rev_vs_trend,2023-11-15,2026-04-17,632,83.1,3099
TCS.NS,profit_vs_trend,2023-11-15,2026-04-17,632,83.1,3099
TECHM.NS,rev_growth_yoy,2024-02-15,2026-04-17,566,84.8,3165
TECHM.NS,profit_growth_yoy,2024-02-15,2026-04-17,566,84.8,3165
TECHM.NS,opm_level,2023-02-15,2026-04-17,827,77.8,2904
TECHM.NS,opm_change_yoy,2024-02-15,2026-04-17,566,84.8,3165
TECHM.NS,eps_growth_yoy,2024-02-15,2026-04-17,566,84.8,3165
TECHM.NS,rev_vs_trend,2023-08-15,2026-04-17,698,81.3,3033
TECHM.NS,profit_vs_trend,2023-08-15,2026-04-17,698,81.3,3033
TITAN.NS,rev_growth_yoy,2024-02-15,2026-04-17,566,84.8,3165
TITAN.NS,profit_growth_yoy,2024-02-15,2026-04-17,566,84.8,3165
TITAN.NS,opm_level,2023-02-15,2026-04-17,827,77.8,2904
TITAN.NS,opm_change_yoy,2024-02-15,2026-04-17,566,84.8,3165
TITAN.NS,eps_growth_yoy,2024-02-15,2026-04-17,566,84.8,3165
TITAN.NS,rev_vs_trend,2023-08-15,2026-04-17,698,81.3,3033
TITAN.NS,profit_vs_trend,2023-08-15,2026-04-17,698,81.3,3033
TORNTPHARM.NS,rev_growth_yoy,2024-02-15,2026-04-17,566,84.8,3165
TORNTPHARM.NS,profit_growth_yoy,2024-02-15,2026-04-17,566,84.8,3165
TORNTPHARM.NS,opm_level,2023-02-15,2026-04-17,827,77.8,2904
TORNTPHARM.NS,opm_change_yoy,2024-02-15,2026-04-17,566,84.8,3165
TORNTPHARM.NS,eps_growth_yoy,2024-02-15,2026-04-17,566,84.8,3165
TORNTPHARM.NS,rev_vs_trend,2023-08-15,2026-04-17,698,81.3,3033
TORNTPHARM.NS,profit_vs_trend,2023-08-15,2026-04-17,698,81.3,3033
TVSMOTOR.NS,rev_growth_yoy,2024-02-15,2026-04-17,566,84.8,3165
TVSMOTOR.NS,profit_growth_yoy,2024-02-15,2026-04-17,566,84.8,3165
TVSMOTOR.NS,opm_level,2023-02-15,2026-04-17,827,77.8,2904
TVSMOTOR.NS,opm_change_yoy,2024-02-15,2026-04-17,566,84.8,3165
TVSMOTOR.NS,eps_growth_yoy,2024-02-15,2026-04-17,566,84.8,3165
TVSMOTOR.NS,rev_vs_trend,2023-08-15,2026-04-17,698,81.3,3033
TVSMOTOR.NS,profit_vs_trend,2023-08-15,2026-04-17,698,81.3,3033
ULTRACEMCO.NS,rev_growth_yoy,2024-02-15,2026-04-17,566,84.8,3165
ULTRACEMCO.NS,profit_growth_yoy,2024-02-15,2026-04-17,566,84.8,3165
ULTRACEMCO.NS,opm_level,2023-02-15,2026-04-17,827,77.8,2904
ULTRACEMCO.NS,opm_change_yoy,2024-02-15,2026-04-17,566,84.8,3165
ULTRACEMCO.NS,eps_growth_yoy,2024-02-15,2026-04-17,566,84.8,3165
ULTRACEMCO.NS,rev_vs_trend,2023-08-15,2026-04-17,698,81.3,3033
ULTRACEMCO.NS,profit_vs_trend,2023-08-15,2026-04-17,698,81.3,3033
VEDL.NS,rev_growth_yoy,2024-02-15,2026-04-17,566,84.8,3165
VEDL.NS,profit_growth_yoy,2024-02-15,2026-04-17,566,84.8,3165
VEDL.NS,opm_level,2023-02-15,2026-04-17,827,77.8,2904
VEDL.NS,opm_change_yoy,2024-02-15,2026-04-17,566,84.8,3165
VEDL.NS,eps_growth_yoy,2024-02-15,2026-04-17,566,84.8,3165
VEDL.NS,rev_vs_trend,2023-08-15,2026-04-17,698,81.3,3033
VEDL.NS,profit_vs_trend,2023-08-15,2026-04-17,698,81.3,3033
VOLTAS.NS,rev_growth_yoy,2024-02-15,2026-04-17,566,84.8,3165
VOLTAS.NS,profit_growth_yoy,2024-02-15,2026-04-17,566,84.8,3165
VOLTAS.NS,opm_level,2023-02-15,2026-04-17,827,77.8,2904
VOLTAS.NS,opm_change_yoy,2024-02-15,2026-04-17,566,84.8,3165
VOLTAS.NS,eps_growth_yoy,2024-02-15,2026-04-17,566,84.8,3165
VOLTAS.NS,rev_vs_trend,2023-08-15,2026-04-17,698,81.3,3033
VOLTAS.NS,profit_vs_trend,2023-08-15,2026-04-17,698,81.3,3033
WHIRLPOOL.NS,rev_growth_yoy,2024-02-15,2026-04-17,566,84.8,3165
WHIRLPOOL.NS,profit_growth_yoy,2024-02-15,2026-04-17,566,84.8,3165
WHIRLPOOL.NS,opm_level,2023-02-15,2026-04-17,827,77.8,2904
WHIRLPOOL.NS,opm_change_yoy,2024-02-15,2026-04-17,566,84.8,3165
WHIRLPOOL.NS,eps_growth_yoy,2024-02-15,2026-04-17,566,84.8,3165
WHIRLPOOL.NS,rev_vs_trend,2023-08-15,2026-04-17,698,81.3,3033
WHIRLPOOL.NS,profit_vs_trend,2023-08-15,2026-04-17,698,81.3,3033
WIPRO.NS,rev_growth_yoy,2024-05-31,2026-04-17,490,86.9,3241
WIPRO.NS,profit_growth_yoy,2024-05-31,2026-04-17,490,86.9,3241
WIPRO.NS,opm_level,2023-05-31,2026-04-17,752,79.8,2979
WIPRO.NS,opm_change_yoy,2024-05-31,2026-04-17,490,86.9,3241
WIPRO.NS,eps_growth_yoy,2024-05-31,2026-04-17,490,86.9,3241
WIPRO.NS,rev_vs_trend,2023-11-15,2026-04-17,632,83.1,3099
WIPRO.NS,profit_vs_trend,2023-11-15,2026-04-17,632,83.1,3099
