run_id,run_mode,backtest_start_date,backtest_end_date,report_generated_at_utc,date,mode,pre_nav,post_nav,period_return_pct,cum_return_pct,n_stocks,cash_pct,turnover_pct,cost_inr,n_buys,n_sells,stocks_added,stocks_removed,top5_holdings,rl_overweight,rl_underweight,aggressiveness,emergency,tilt_Automobiles,tilt_Banking,tilt_CapitalGoods,tilt_Cement,tilt_Chemicals,tilt_ConsumerDiscretionary,tilt_Energy,tilt_FMCG,tilt_FinancialServices,tilt_Healthcare,tilt_IT,tilt_Metals,tilt_Pharma,tilt_RealEstate,tilt_Telecom
optimizer_only_2013_01_01_2026_04_17_20260421T171734Z,optimizer_only,2013-01-01,2026-04-17,2026-04-21T17:17:34Z,2015-01-01,RL,500000.0,499439.6,-0.112,-0.112,4,68.0,32.04,400.4,4,0,"HDFCBANK.NS,ITC.NS,MARUTI.NS,ULTRACEMCO.NS",,MARUTI.NS:8.0%|ITC.NS:8.0%|HDFCBANK.NS:8.0%|ULTRACEMCO.NS:8.0%,,,1.0,False,1.0,1.0,1.0,1.0,1.0,1.0,1.0,1.0,1.0,1.0,1.0,1.0,1.0,1.0,1.0
optimizer_only_2013_01_01_2026_04_17_20260421T171734Z,optimizer_only,2013-01-01,2026-04-17,2026-04-21T17:17:34Z,2015-01-29,RL,517460.71,517127.66,-0.064,3.426,2,84.0,18.39,237.83,0,4,,"ITC.NS,ULTRACEMCO.NS",MARUTI.NS:8.0%|HDFCBANK.NS:8.0%,,,1.0,False,1.0,1.0,1.0,1.0,1.0,1.0,1.0,1.0,1.0,1.0,1.0,1.0,1.0,1.0,1.0
optimizer_only_2013_01_01_2026_04_17_20260421T171734Z,optimizer_only,2013-01-01,2026-04-17,2026-04-21T17:17:34Z,2015-02-26,RL,517127.66,512393.4,-0.915,2.479,3,76.0,16.37,307.82,3,1,"ITC.NS,SUNPHARMA.NS",HDFCBANK.NS,MARUTI.NS:8.0%|ITC.NS:8.0%|SUNPHARMA.NS:8.0%,,,1.0,False,1.0,1.0,1.0,1.0,1.0,1.0,1.0,1.0,1.0,1.0,1.0,1.0,1.0,1.0,1.0
optimizer_only_2013_01_01_2026_04_17_20260421T171734Z,optimizer_only,2013-01-01,2026-04-17,2026-04-21T17:17:34Z,2015-03-26,RL,513233.1,512602.08,-0.123,2.52,5,60.0,25.53,450.78,4,2,"INFY.NS,RELIANCE.NS,TCS.NS",MARUTI.NS,TCS.NS:8.0%|INFY.NS:8.0%|ITC.NS:8.0%|SUNPHARMA.NS:8.0%|RELIANCE.NS:8.0%,,,1.0,False,1.0,1.0,1.0,1.0,1.0,1.0,1.0,1.0,1.0,1.0,1.0,1.0,1.0,1.0,1.0
optimizer_only_2013_01_01_2026_04_17_20260421T171734Z,optimizer_only,2013-01-01,2026-04-17,2026-04-21T17:17:34Z,2015-04-23,RL,512672.87,512375.92,-0.058,2.475,3,76.0,16.3,212.04,2,3,,"RELIANCE.NS,SUNPHARMA.NS",ITC.NS:8.0%|TCS.NS:8.0%|INFY.NS:8.0%,,,1.0,False,1.0,1.0,1.0,1.0,1.0,1.0,1.0,1.0,1.0,1.0,1.0,1.0,1.0,1.0,1.0
optimizer_only_2013_01_01_2026_04_17_20260421T171734Z,optimizer_only,2013-01-01,2026-04-17,2026-04-21T17:17:34Z,2015-05-21,RL,512375.92,510815.52,-0.305,2.163,3,76.0,0.57,11.69,2,1,,,ITC.NS:8.0%|TCS.NS:8.0%|INFY.NS:8.0%,,,1.0,False,1.0,1.0,1.0,1.0,1.0,1.0,1.0,1.0,1.0,1.0,1.0,1.0,1.0,1.0,1.0
optimizer_only_2013_01_01_2026_04_17_20260421T171734Z,optimizer_only,2013-01-01,2026-04-17,2026-04-21T17:17:34Z,2015-06-18,RL,510815.52,507383.15,-0.672,1.477,4,68.0,24.47,513.97,4,2,"MARUTI.NS,RELIANCE.NS,TATASTEEL.NS","INFY.NS,TCS.NS",TATASTEEL.NS:8.0%|MARUTI.NS:8.0%|RELIANCE.NS:8.0%|ITC.NS:8.0%,,,1.0,False,1.0,1.0,1.0,1.0,1.0,1.0,1.0,1.0,1.0,1.0,1.0,1.0,1.0,1.0,1.0
optimizer_only_2013_01_01_2026_04_17_20260421T171734Z,optimizer_only,2013-01-01,2026-04-17,2026-04-21T17:17:34Z,2015-07-16,RL,511675.05,511354.04,-0.063,2.271,4,68.0,9.26,229.29,2,3,SUNPHARMA.NS,ITC.NS,RELIANCE.NS:8.0%|SUNPHARMA.NS:8.0%|TATASTEEL.NS:8.0%|MARUTI.NS:8.0%,,,1.0,False,1.0,1.0,1.0,1.0,1.0,1.0,1.0,1.0,1.0,1.0,1.0,1.0,1.0,1.0,1.0
optimizer_only_2013_01_01_2026_04_17_20260421T171734Z,optimizer_only,2013-01-01,2026-04-17,2026-04-21T17:17:34Z,2015-08-13,RL,511354.04,501644.09,-1.899,0.329,4,68.0,17.45,421.95,4,2,"INFY.NS,TCS.NS","MARUTI.NS,RELIANCE.NS",TATASTEEL.NS:8.0%|SUNPHARMA.NS:8.0%|INFY.NS:8.0%|TCS.NS:8.0%,,,1.0,False,1.0,1.0,1.0,1.0,1.0,1.0,1.0,1.0,1.0,1.0,1.0,1.0,1.0,1.0,1.0
optimizer_only_2013_01_01_2026_04_17_20260421T171734Z,optimizer_only,2013-01-01,2026-04-17,2026-04-21T17:17:34Z,2015-09-10,RL,501644.09,496637.81,-0.998,-0.672,2,84.0,15.66,197.87,1,3,,"INFY.NS,TCS.NS",SUNPHARMA.NS:8.0%|TATASTEEL.NS:8.0%,,,1.0,False,1.0,1.0,1.0,1.0,1.0,1.0,1.0,1.0,1.0,1.0,1.0,1.0,1.0,1.0,1.0
optimizer_only_2013_01_01_2026_04_17_20260421T171734Z,optimizer_only,2013-01-01,2026-04-17,2026-04-21T17:17:34Z,2015-10-08,RL,500332.76,500040.14,-0.058,0.008,4,68.0,16.05,209.07,3,1,"MARUTI.NS,RELIANCE.NS",,TATASTEEL.NS:8.0%|SUNPHARMA.NS:8.0%|MARUTI.NS:8.0%|RELIANCE.NS:8.0%,,,1.0,False,1.0,1.0,1.0,1.0,1.0,1.0,1.0,1.0,1.0,1.0,1.0,1.0,1.0,1.0,1.0
optimizer_only_2013_01_01_2026_04_17_20260421T171734Z,optimizer_only,2013-01-01,2026-04-17,2026-04-21T17:17:34Z,2015-11-05,RL,500040.14,496514.1,-0.705,-0.697,5,60.0,17.29,324.6,4,2,"INFY.NS,TCS.NS",RELIANCE.NS,INFY.NS:8.0%|TCS.NS:8.0%|SUNPHARMA.NS:8.0%|MARUTI.NS:8.0%|TATASTEEL.NS:8.0%,,,1.0,False,1.0,1.0,1.0,1.0,1.0,1.0,1.0,1.0,1.0,1.0,1.0,1.0,1.0,1.0,1.0
optimizer_only_2013_01_01_2026_04_17_20260421T171734Z,optimizer_only,2013-01-01,2026-04-17,2026-04-21T17:17:34Z,2015-12-03,RL,496514.1,490676.0,-1.176,-1.865,3,76.0,24.11,402.86,3,3,HDFCBANK.NS,"MARUTI.NS,SUNPHARMA.NS,TATASTEEL.NS",HDFCBANK.NS:8.0%|INFY.NS:8.0%|TCS.NS:8.0%,,,1.0,False,1.0,1.0,1.0,1.0,1.0,1.0,1.0,1.0,1.0,1.0,1.0,1.0,1.0,1.0,1.0
optimizer_only_2013_01_01_2026_04_17_20260421T171734Z,optimizer_only,2013-01-01,2026-04-17,2026-04-21T17:17:34Z,2015-12-31,RL,494082.86,494073.12,-0.002,-1.185,3,76.0,0.56,6.96,1,2,,,HDFCBANK.NS:8.0%|TCS.NS:8.0%|INFY.NS:8.0%,,,1.0,False,1.0,1.0,1.0,1.0,1.0,1.0,1.0,1.0,1.0,1.0,1.0,1.0,1.0,1.0,1.0
optimizer_only_2013_01_01_2026_04_17_20260421T171734Z,optimizer_only,2013-01-01,2026-04-17,2026-04-21T17:17:34Z,2016-01-28,RL,494073.12,490426.51,-0.738,-1.915,14,46.32,45.58,747.94,14,2,"AARTIIND.NS,COFORGE.NS,GRASIM.NS,HCLTECH.NS,HINDUNILVR.NS,MARICO.NS,MPHASIS.NS,NAVINFLUOR.NS,PIIND.NS,RAMCOCEM.NS,TATAELXSI.NS,ULTRACEMCO.NS,VINATIORGA.NS","HDFCBANK.NS,TCS.NS",INFY.NS:8.7%|NAVINFLUOR.NS:4.4%|RAMCOCEM.NS:4.4%|MARICO.NS:4.4%|MPHASIS.NS:4.4%,,,1.0,False,1.0,1.0,1.0,1.0,1.0,1.0,1.0,1.0,1.0,1.0,1.0,1.0,1.0,1.0,1.0
optimizer_only_2013_01_01_2026_04_17_20260421T171734Z,optimizer_only,2013-01-01,2026-04-17,2026-04-21T17:17:34Z,2016-02-25,RL,490426.51,474315.96,-3.285,-5.137,14,35.4,42.38,858.18,14,9,"BAJFINANCE.NS,CHOLAFIN.NS,EICHERMOT.NS,HEROMOTOCO.NS,JSWSTEEL.NS,MUTHOOTFIN.NS,NMDC.NS,TATASTEEL.NS,WIPRO.NS","AARTIIND.NS,COFORGE.NS,GRASIM.NS,HINDUNILVR.NS,MARICO.NS,MPHASIS.NS,NAVINFLUOR.NS,PIIND.NS,VINATIORGA.NS",INFY.NS:9.6%|ULTRACEMCO.NS:5.7%|RAMCOCEM.NS:5.3%|HCLTECH.NS:5.1%|JSWSTEEL.NS:4.5%,,,1.0,False,1.0,1.0,1.0,1.0,1.0,1.0,1.0,1.0,1.0,1.0,1.0,1.0,1.0,1.0,1.0
optimizer_only_2013_01_01_2026_04_17_20260421T171734Z,optimizer_only,2013-01-01,2026-04-17,2026-04-21T17:17:34Z,2016-03-28,RL,503982.3,502421.64,-0.31,0.484,12,33.63,44.47,1114.76,12,9,"ASHOKLEY.NS,BALAMINES.NS,FORTIS.NS,GAIL.NS,PETRONET.NS,RELIANCE.NS,TVSMOTOR.NS","HCLTECH.NS,INFY.NS,JSWSTEEL.NS,NMDC.NS,RAMCOCEM.NS,TATAELXSI.NS,TATASTEEL.NS,ULTRACEMCO.NS,WIPRO.NS",EICHERMOT.NS:7.9%|BAJFINANCE.NS:7.9%|CHOLAFIN.NS:7.9%|HEROMOTOCO.NS:7.7%|MUTHOOTFIN.NS:6.0%,,,1.0,False,1.0,1.0,1.0,1.0,1.0,1.0,1.0,1.0,1.0,1.0,1.0,1.0,1.0,1.0,1.0
optimizer_only_2013_01_01_2026_04_17_20260421T171734Z,optimizer_only,2013-01-01,2026-04-17,2026-04-21T17:17:34Z,2016-04-21,RL,523244.46,522751.35,-0.094,4.55,16,10.04,24.53,352.31,10,6,"AARTIIND.NS,BPCL.NS,M&M.NS,SRF.NS",,ASHOKLEY.NS:8.0%|BALAMINES.NS:8.0%|TVSMOTOR.NS:8.0%|EICHERMOT.NS:8.0%|BAJFINANCE.NS:8.0%,,,1.0,False,1.0,1.0,1.0,1.0,1.0,1.0,1.0,1.0,1.0,1.0,1.0,1.0,1.0,1.0,1.0
optimizer_only_2013_01_01_2026_04_17_20260421T171734Z,optimizer_only,2013-01-01,2026-04-17,2026-04-21T17:17:34Z,2016-05-19,RL,526691.19,524567.7,-0.403,4.914,16,19.65,62.48,1516.74,16,12,"ADANIPORTS.NS,AIAENG.NS,APOLLOHOSP.NS,BAJAJFINSV.NS,BHEL.NS,DIVISLAB.NS,HCLTECH.NS,LT.NS,PERSISTENT.NS,SIEMENS.NS,TORNTPHARM.NS,ZYDUSLIFE.NS","AARTIIND.NS,ASHOKLEY.NS,BALAMINES.NS,BPCL.NS,EICHERMOT.NS,GAIL.NS,HEROMOTOCO.NS,M&M.NS,PETRONET.NS,RELIANCE.NS,SRF.NS,TVSMOTOR.NS",BAJFINANCE.NS:18.2%|CHOLAFIN.NS:15.8%|MUTHOOTFIN.NS:12.0%|FORTIS.NS:8.1%|PERSISTENT.NS:2.5%,,,1.0,False,1.0,1.0,1.0,1.0,1.0,1.0,1.0,1.0,1.0,1.0,1.0,1.0,1.0,1.0,1.0
optimizer_only_2013_01_01_2026_04_17_20260421T171734Z,optimizer_only,2013-01-01,2026-04-17,2026-04-21T17:17:34Z,2016-06-16,RL,546157.07,544000.69,-0.395,8.8,14,31.21,62.73,1540.22,14,10,"ABB.NS,BPCL.NS,CUMMINSIND.NS,MPHASIS.NS,ONGC.NS,PETRONET.NS,RELIANCE.NS,TCS.NS","ADANIPORTS.NS,BAJAJFINSV.NS,BAJFINANCE.NS,CHOLAFIN.NS,DIVISLAB.NS,LT.NS,MUTHOOTFIN.NS,SIEMENS.NS,TORNTPHARM.NS,ZYDUSLIFE.NS",FORTIS.NS:15.9%|AIAENG.NS:7.0%|HCLTECH.NS:7.0%|PERSISTENT.NS:7.0%|APOLLOHOSP.NS:6.7%,,,1.0,False,1.0,1.0,1.0,1.0,1.0,1.0,1.0,1.0,1.0,1.0,1.0,1.0,1.0,1.0,1.0
optimizer_only_2013_01_01_2026_04_17_20260421T171734Z,optimizer_only,2013-01-01,2026-04-17,2026-04-21T17:17:34Z,2016-07-14,RL,547848.35,546496.31,-0.247,9.299,16,13.22,44.19,965.81,13,6,"AXISBANK.NS,HDFCBANK.NS,INDUSINDBK.NS,IOC.NS,KOTAKBANK.NS","APOLLOHOSP.NS,FORTIS.NS,ONGC.NS",AIAENG.NS:8.6%|PERSISTENT.NS:8.6%|HCLTECH.NS:8.2%|RELIANCE.NS:6.9%|MPHASIS.NS:6.9%,,,1.0,False,1.0,1.0,1.0,1.0,1.0,1.0,1.0,1.0,1.0,1.0,1.0,1.0,1.0,1.0,1.0
optimizer_only_2013_01_01_2026_04_17_20260421T171734Z,optimizer_only,2013-01-01,2026-04-17,2026-04-21T17:17:34Z,2016-08-11,RL,569404.98,566880.95,-0.443,13.376,12,35.34,74.76,1802.78,12,14,"ACC.NS,APOLLOHOSP.NS,FORTIS.NS,LT.NS,NTPC.NS,PIIND.NS,RAMCOCEM.NS,SIEMENS.NS,SRF.NS,VINATIORGA.NS","ABB.NS,AXISBANK.NS,BPCL.NS,CUMMINSIND.NS,HCLTECH.NS,HDFCBANK.NS,INDUSINDBK.NS,IOC.NS,KOTAKBANK.NS,MPHASIS.NS,PERSISTENT.NS,PETRONET.NS,RELIANCE.NS,TCS.NS",AIAENG.NS:22.5%|BHEL.NS:10.3%|LT.NS:3.3%|ACC.NS:3.3%|PIIND.NS:3.3%,,,1.0,False,1.0,1.0,1.0,1.0,1.0,1.0,1.0,1.0,1.0,1.0,1.0,1.0,1.0,1.0,1.0
optimizer_only_2013_01_01_2026_04_17_20260421T171734Z,optimizer_only,2013-01-01,2026-04-17,2026-04-21T17:17:34Z,2016-09-08,RL,589359.32,587302.56,-0.349,17.461,14,40.84,53.42,1469.08,14,8,"AARTIIND.NS,COALINDIA.NS,DEEPAKNTR.NS,GODREJCP.NS,GRASIM.NS,HINDALCO.NS,JINDALSTEL.NS,JSWSTEEL.NS,MUTHOOTFIN.NS,NMDC.NS","AIAENG.NS,APOLLOHOSP.NS,BHEL.NS,FORTIS.NS,LT.NS,NTPC.NS,SIEMENS.NS,VINATIORGA.NS",SRF.NS:7.4%|ACC.NS:7.4%|PIIND.NS:7.4%|RAMCOCEM.NS:6.5%|GODREJCP.NS:3.6%,,,1.0,False,1.0,1.0,1.0,1.0,1.0,1.0,1.0,1.0,1.0,1.0,1.0,1.0,1.0,1.0,1.0
optimizer_only_2013_01_01_2026_04_17_20260421T171734Z,optimizer_only,2013-01-01,2026-04-17,2026-04-21T17:17:34Z,2016-10-06,RL,587302.56,586245.92,-0.18,17.249,17,10.05,40.97,750.95,12,8,"BPCL.NS,COFORGE.NS,INFY.NS,IOC.NS,PERSISTENT.NS,TATAELXSI.NS","GODREJCP.NS,MUTHOOTFIN.NS,NMDC.NS",TATAELXSI.NS:8.0%|COFORGE.NS:8.0%|IOC.NS:8.0%|BPCL.NS:7.8%|SRF.NS:7.5%,,,1.0,False,1.0,1.0,1.0,1.0,1.0,1.0,1.0,1.0,1.0,1.0,1.0,1.0,1.0,1.0,1.0
optimizer_only_2013_01_01_2026_04_17_20260421T171734Z,optimizer_only,2013-01-01,2026-04-17,2026-04-21T17:17:34Z,2016-11-03,RL,586245.92,562146.29,-4.111,12.429,16,13.08,58.2,1602.74,16,11,"AMBUJACEM.NS,ASHOKLEY.NS,BAJAJ-AUTO.NS,BALKRISIND.NS,NMDC.NS,PETRONET.NS,SHREECEM.NS,TVSMOTOR.NS,ULTRACEMCO.NS,VEDL.NS","AARTIIND.NS,COALINDIA.NS,COFORGE.NS,DEEPAKNTR.NS,HINDALCO.NS,INFY.NS,PERSISTENT.NS,PIIND.NS,RAMCOCEM.NS,SRF.NS,TATAELXSI.NS",IOC.NS:13.2%|BPCL.NS:13.0%|ACC.NS:12.7%|JSWSTEEL.NS:8.3%|JINDALSTEL.NS:4.9%,,,1.0,False,1.0,1.0,1.0,1.0,1.0,1.0,1.0,1.0,1.0,1.0,1.0,1.0,1.0,1.0,1.0
optimizer_only_2013_01_01_2026_04_17_20260421T171734Z,optimizer_only,2013-01-01,2026-04-17,2026-04-21T17:17:34Z,2016-12-01,RL,562146.29,535386.23,-4.76,7.077,15,16.48,47.88,1245.43,13,12,"ABB.NS,ADANIPORTS.NS,AIAENG.NS,BALAMINES.NS,BHEL.NS,DEEPAKNTR.NS,GAIL.NS,NTPC.NS,SRF.NS","ACC.NS,AMBUJACEM.NS,ASHOKLEY.NS,BAJAJ-AUTO.NS,BALKRISIND.NS,GRASIM.NS,JINDALSTEL.NS,SHREECEM.NS,TVSMOTOR.NS,ULTRACEMCO.NS",JSWSTEEL.NS:11.5%|IOC.NS:11.5%|BPCL.NS:11.5%|NMDC.NS:6.1%|SRF.NS:5.4%,,,1.0,False,1.0,1.0,1.0,1.0,1.0,1.0,1.0,1.0,1.0,1.0,1.0,1.0,1.0,1.0,1.0
optimizer_only_2013_01_01_2026_04_17_20260421T171734Z,optimizer_only,2013-01-01,2026-04-17,2026-04-21T17:17:34Z,2016-12-29,RL,535386.23,532023.22,-0.628,6.405,15,18.35,48.75,1273.63,14,10,"AARTIIND.NS,BAJAJFINSV.NS,BHARTIARTL.NS,DLF.NS,GODREJPROP.NS,INDUSTOWER.NS,PHOENIXLTD.NS,PRESTIGE.NS,TATASTEEL.NS","ABB.NS,ADANIPORTS.NS,AIAENG.NS,BHEL.NS,BPCL.NS,GAIL.NS,IOC.NS,NTPC.NS,PETRONET.NS",JSWSTEEL.NS:11.0%|DEEPAKNTR.NS:9.1%|SRF.NS:9.1%|BALAMINES.NS:9.0%|NMDC.NS:8.4%,,,1.0,False,1.0,1.0,1.0,1.0,1.0,1.0,1.0,1.0,1.0,1.0,1.0,1.0,1.0,1.0,1.0
optimizer_only_2013_01_01_2026_04_17_20260421T171734Z,optimizer_only,2013-01-01,2026-04-17,2026-04-21T17:17:34Z,2017-01-27,RL,592883.09,590610.9,-0.383,18.122,15,22.9,58.09,1622.96,15,10,"ACC.NS,AMBUJACEM.NS,BPCL.NS,NAVINFLUOR.NS,PETRONET.NS,PIIND.NS,RAMCOCEM.NS,SHREECEM.NS,ULTRACEMCO.NS,VINATIORGA.NS","BALAMINES.NS,DEEPAKNTR.NS,DLF.NS,GODREJPROP.NS,JSWSTEEL.NS,NMDC.NS,PHOENIXLTD.NS,PRESTIGE.NS,TATASTEEL.NS,VEDL.NS",SRF.NS:13.7%|BHARTIARTL.NS:10.2%|AARTIIND.NS:10.2%|INDUSTOWER.NS:10.2%|BAJAJFINSV.NS:4.0%,,,1.0,False,1.0,1.0,1.0,1.0,1.0,1.0,1.0,1.0,1.0,1.0,1.0,1.0,1.0,1.0,1.0
optimizer_only_2013_01_01_2026_04_17_20260421T171734Z,optimizer_only,2013-01-01,2026-04-17,2026-04-21T17:17:34Z,2017-02-23,RL,591165.89,589412.05,-0.297,17.882,17,18.74,44.5,1252.76,15,10,"BRITANNIA.NS,COLPAL.NS,DABUR.NS,GAIL.NS,ITC.NS,JSWSTEEL.NS,LICHSGFIN.NS,MARICO.NS,NMDC.NS,SAIL.NS","ACC.NS,AMBUJACEM.NS,BHARTIARTL.NS,INDUSTOWER.NS,RAMCOCEM.NS,SHREECEM.NS,ULTRACEMCO.NS,VINATIORGA.NS",AARTIIND.NS:11.2%|SRF.NS:11.2%|BAJAJFINSV.NS:7.9%|NAVINFLUOR.NS:7.5%|BPCL.NS:5.0%,,,1.0,False,1.0,1.0,1.0,1.0,1.0,1.0,1.0,1.0,1.0,1.0,1.0,1.0,1.0,1.0,1.0
optimizer_only_2013_01_01_2026_04_17_20260421T171734Z,optimizer_only,2013-01-01,2026-04-17,2026-04-21T17:17:34Z,2017-03-23,RL,607733.35,606326.71,-0.231,21.265,17,2.8,40.79,1004.81,13,8,"BRIGADE.NS,DLF.NS,GODREJCP.NS,TATACONSUM.NS","BAJAJFINSV.NS,DABUR.NS,ITC.NS,LICHSGFIN.NS",AARTIIND.NS:8.0%|SRF.NS:8.0%|MARICO.NS:8.0%|GODREJCP.NS:8.0%|TATACONSUM.NS:8.0%,,,1.0,False,1.0,1.0,1.0,1.0,1.0,1.0,1.0,1.0,1.0,1.0,1.0,1.0,1.0,1.0,1.0
optimizer_only_2013_01_01_2026_04_17_20260421T171734Z,optimizer_only,2013-01-01,2026-04-17,2026-04-21T17:17:34Z,2017-04-20,RL,626362.54,623969.17,-0.382,24.794,16,2.34,55.03,1709.55,16,10,"CHOLAFIN.NS,FEDERALBNK.NS,HAVELLS.NS,ICICIBANK.NS,IDFCFIRSTB.NS,LICHSGFIN.NS,PIDILITIND.NS,VOLTAS.NS,WHIRLPOOL.NS","BRIGADE.NS,BRITANNIA.NS,COLPAL.NS,DLF.NS,GODREJCP.NS,JSWSTEEL.NS,MARICO.NS,NMDC.NS,SAIL.NS,TATACONSUM.NS",AARTIIND.NS:12.1%|SRF.NS:12.1%|PIIND.NS:12.0%|NAVINFLUOR.NS:11.8%|BPCL.NS:7.7%,,,1.0,False,1.0,1.0,1.0,1.0,1.0,1.0,1.0,1.0,1.0,1.0,1.0,1.0,1.0,1.0,1.0
optimizer_only_2013_01_01_2026_04_17_20260421T171734Z,optimizer_only,2013-01-01,2026-04-17,2026-04-21T17:17:34Z,2017-05-18,RL,637885.28,635671.77,-0.347,27.134,15,1.86,49.91,1581.08,14,9,"ALKYLAMINE.NS,ASHOKLEY.NS,BALAMINES.NS,BALKRISIND.NS,HEROMOTOCO.NS,M&M.NS,MUTHOOTFIN.NS","BPCL.NS,GAIL.NS,HAVELLS.NS,PETRONET.NS,PIDILITIND.NS,SRF.NS,VOLTAS.NS,WHIRLPOOL.NS",NAVINFLUOR.NS:12.7%|AARTIIND.NS:12.4%|PIIND.NS:12.2%|LICHSGFIN.NS:9.8%|IDFCFIRSTB.NS:8.1%,,,1.0,False,1.0,1.0,1.0,1.0,1.0,1.0,1.0,1.0,1.0,1.0,1.0,1.0,1.0,1.0,1.0
optimizer_only_2013_01_01_2026_04_17_20260421T171734Z,optimizer_only,2013-01-01,2026-04-17,2026-04-21T17:17:34Z,2017-06-15,RL,664407.36,662372.45,-0.306,32.474,17,0.58,44.4,1453.51,13,9,"BPCL.NS,MARUTI.NS,OBEROIRLTY.NS,ONGC.NS,PETRONET.NS,SRF.NS,TVSMOTOR.NS","AARTIIND.NS,FEDERALBNK.NS,HEROMOTOCO.NS,ICICIBANK.NS,IDFCFIRSTB.NS",LICHSGFIN.NS:9.8%|PIIND.NS:9.5%|NAVINFLUOR.NS:9.5%|BALKRISIND.NS:8.4%|MUTHOOTFIN.NS:8.4%,,,1.0,False,1.0,1.0,1.0,1.0,1.0,1.0,1.0,1.0,1.0,1.0,1.0,1.0,1.0,1.0,1.0
optimizer_only_2013_01_01_2026_04_17_20260421T171734Z,optimizer_only,2013-01-01,2026-04-17,2026-04-21T17:17:34Z,2017-07-13,RL,677035.12,673281.63,-0.554,34.656,17,0.89,79.51,2681.06,17,13,"APOLLOHOSP.NS,BAJAJFINSV.NS,BAJFINANCE.NS,BRIGADE.NS,FORTIS.NS,HINDALCO.NS,INFY.NS,JSWSTEEL.NS,LALPATHLAB.NS,MPHASIS.NS,TATASTEEL.NS,TCS.NS,TECHM.NS","ALKYLAMINE.NS,ASHOKLEY.NS,BALAMINES.NS,BALKRISIND.NS,BPCL.NS,M&M.NS,MARUTI.NS,NAVINFLUOR.NS,ONGC.NS,PETRONET.NS,PIIND.NS,SRF.NS,TVSMOTOR.NS",LICHSGFIN.NS:29.0%|MUTHOOTFIN.NS:29.0%|OBEROIRLTY.NS:9.6%|CHOLAFIN.NS:3.0%|TECHM.NS:3.0%,,,1.0,False,1.0,1.0,1.0,1.0,1.0,1.0,1.0,1.0,1.0,1.0,1.0,1.0,1.0,1.0,1.0
optimizer_only_2013_01_01_2026_04_17_20260421T171734Z,optimizer_only,2013-01-01,2026-04-17,2026-04-21T17:17:34Z,2017-08-10,RL,673281.63,639685.3,-4.99,27.937,17,0.18,53.36,1704.09,14,7,"BALKRISIND.NS,LTIM.NS,PERSISTENT.NS,VEDL.NS","BRIGADE.NS,INFY.NS,OBEROIRLTY.NS,TCS.NS",LICHSGFIN.NS:10.5%|MUTHOOTFIN.NS:10.5%|TECHM.NS:7.9%|FORTIS.NS:7.9%|HINDALCO.NS:7.2%,,,1.0,False,1.0,1.0,1.0,1.0,1.0,1.0,1.0,1.0,1.0,1.0,1.0,1.0,1.0,1.0,1.0
optimizer_only_2013_01_01_2026_04_17_20260421T171734Z,optimizer_only,2013-01-01,2026-04-17,2026-04-21T17:17:34Z,2017-09-07,RL,681666.8,679544.32,-0.311,35.909,18,0.0,44.58,1516.05,15,11,"ADANIPORTS.NS,AIAENG.NS,ALKEM.NS,AUROPHARMA.NS,BHEL.NS,BIOCON.NS,PHOENIXLTD.NS,POWERGRID.NS,ZYDUSLIFE.NS","APOLLOHOSP.NS,BALKRISIND.NS,FORTIS.NS,LALPATHLAB.NS,LTIM.NS,MPHASIS.NS,PERSISTENT.NS,TECHM.NS",LICHSGFIN.NS:9.5%|MUTHOOTFIN.NS:9.5%|VEDL.NS:8.8%|HINDALCO.NS:8.5%|TATASTEEL.NS:8.1%,,,1.0,False,1.0,1.0,1.0,1.0,1.0,1.0,1.0,1.0,1.0,1.0,1.0,1.0,1.0,1.0,1.0
optimizer_only_2013_01_01_2026_04_17_20260421T171734Z,optimizer_only,2013-01-01,2026-04-17,2026-04-21T17:17:34Z,2017-10-05,RL,679544.32,668278.68,-1.658,33.656,16,0.0,46.56,1555.77,15,10,"BALAMINES.NS,COALINDIA.NS,MGL.NS,PETRONET.NS,PRESTIGE.NS,RELIANCE.NS,VINATIORGA.NS","ADANIPORTS.NS,AIAENG.NS,ALKEM.NS,AUROPHARMA.NS,BHEL.NS,BIOCON.NS,POWERGRID.NS,VEDL.NS,ZYDUSLIFE.NS",HINDALCO.NS:10.0%|TATASTEEL.NS:10.0%|JSWSTEEL.NS:10.0%|MUTHOOTFIN.NS:9.6%|LICHSGFIN.NS:9.6%,,,1.0,False,1.0,1.0,1.0,1.0,1.0,1.0,1.0,1.0,1.0,1.0,1.0,1.0,1.0,1.0,1.0
optimizer_only_2013_01_01_2026_04_17_20260421T171734Z,optimizer_only,2013-01-01,2026-04-17,2026-04-21T17:17:34Z,2017-11-02,RL,719946.18,717861.08,-0.29,43.572,15,0.0,41.41,1489.36,9,11,"AARTIIND.NS,BHARTIARTL.NS,INDUSTOWER.NS,SAIL.NS","BALAMINES.NS,COALINDIA.NS,MGL.NS,PETRONET.NS,RELIANCE.NS",MUTHOOTFIN.NS:8.0%|BAJFINANCE.NS:8.0%|TATASTEEL.NS:8.0%|HINDALCO.NS:8.0%|JSWSTEEL.NS:8.0%,,,1.0,False,1.0,1.0,1.0,1.0,1.0,1.0,1.0,1.0,1.0,1.0,1.0,1.0,1.0,1.0,1.0
optimizer_only_2013_01_01_2026_04_17_20260421T171734Z,optimizer_only,2013-01-01,2026-04-17,2026-04-21T17:17:34Z,2017-11-30,RL,717861.08,688491.73,-4.091,37.698,15,0.0,40.64,1399.56,12,8,"BIOCON.NS,DIVISLAB.NS,MGL.NS,ONGC.NS,RELIANCE.NS","AARTIIND.NS,PHOENIXLTD.NS,PRESTIGE.NS,SAIL.NS,VINATIORGA.NS",TATASTEEL.NS:8.0%|HINDALCO.NS:8.0%|JSWSTEEL.NS:8.0%|ONGC.NS:8.0%|DIVISLAB.NS:8.0%,,,1.0,False,1.0,1.0,1.0,1.0,1.0,1.0,1.0,1.0,1.0,1.0,1.0,1.0,1.0,1.0,1.0
optimizer_only_2013_01_01_2026_04_17_20260421T171734Z,optimizer_only,2013-01-01,2026-04-17,2026-04-21T17:17:34Z,2017-12-28,RL,730656.96,728296.82,-0.323,45.659,16,0.0,46.29,1685.81,14,7,"FEDERALBNK.NS,IOC.NS,LTTS.NS,PERSISTENT.NS,PETRONET.NS,SBIN.NS","BIOCON.NS,DIVISLAB.NS,HINDALCO.NS,JSWSTEEL.NS,TATASTEEL.NS",BAJFINANCE.NS:9.0%|BHARTIARTL.NS:9.0%|ONGC.NS:9.0%|RELIANCE.NS:8.9%|CHOLAFIN.NS:7.6%,,,1.0,False,1.0,1.0,1.0,1.0,1.0,1.0,1.0,1.0,1.0,1.0,1.0,1.0,1.0,1.0,1.0
optimizer_only_2013_01_01_2026_04_17_20260421T171734Z,optimizer_only,2013-01-01,2026-04-17,2026-04-21T17:17:34Z,2018-01-25,RL,731036.65,726659.71,-0.599,45.332,15,0.0,85.83,3126.38,15,14,"BALAMINES.NS,DABUR.NS,GODREJCP.NS,HINDALCO.NS,HINDUNILVR.NS,MARICO.NS,NAVINFLUOR.NS,NESTLEIND.NS,PRESTIGE.NS,SAIL.NS,TATASTEEL.NS,VEDL.NS,VINATIORGA.NS","BAJAJFINSV.NS,BAJFINANCE.NS,BHARTIARTL.NS,CHOLAFIN.NS,FEDERALBNK.NS,INDUSTOWER.NS,IOC.NS,LICHSGFIN.NS,MGL.NS,MUTHOOTFIN.NS,ONGC.NS,PETRONET.NS,RELIANCE.NS,SBIN.NS",LTTS.NS:33.9%|PERSISTENT.NS:23.3%|DABUR.NS:3.7%|SAIL.NS:3.7%|TATASTEEL.NS:3.7%,,,1.0,False,1.0,1.0,1.0,1.0,1.0,1.0,1.0,1.0,1.0,1.0,1.0,1.0,1.0,1.0,1.0
optimizer_only_2013_01_01_2026_04_17_20260421T171734Z,optimizer_only,2013-01-01,2026-04-17,2026-04-21T17:17:34Z,2018-02-22,RL,726659.71,705452.85,-2.918,41.091,18,0.0,44.82,1582.34,15,4,"ALKYLAMINE.NS,ITC.NS,MPHASIS.NS,OBEROIRLTY.NS",MARICO.NS,LTTS.NS:8.4%|PERSISTENT.NS:8.4%|VINATIORGA.NS:7.8%|HINDALCO.NS:7.8%|HINDUNILVR.NS:7.8%,,,1.0,False,1.0,1.0,1.0,1.0,1.0,1.0,1.0,1.0,1.0,1.0,1.0,1.0,1.0,1.0,1.0
optimizer_only_2013_01_01_2026_04_17_20260421T171734Z,optimizer_only,2013-01-01,2026-04-17,2026-04-21T17:17:34Z,2018-03-22,RL,705452.85,680939.48,-3.475,36.188,17,0.0,47.2,1606.95,15,9,"DEEPAKNTR.NS,HAVELLS.NS,LTIM.NS,PHOENIXLTD.NS,PIDILITIND.NS,RELAXO.NS","ALKYLAMINE.NS,DABUR.NS,GODREJCP.NS,HINDUNILVR.NS,ITC.NS,NESTLEIND.NS,PRESTIGE.NS",LTTS.NS:9.3%|PERSISTENT.NS:9.3%|VINATIORGA.NS:9.3%|HINDALCO.NS:9.1%|OBEROIRLTY.NS:9.1%,,,1.0,False,1.0,1.0,1.0,1.0,1.0,1.0,1.0,1.0,1.0,1.0,1.0,1.0,1.0,1.0,1.0
optimizer_only_2013_01_01_2026_04_17_20260421T171734Z,optimizer_only,2013-01-01,2026-04-17,2026-04-21T17:17:34Z,2018-04-19,RL,725668.09,722688.24,-0.411,44.538,15,0.0,58.87,2128.46,14,11,"ADANIPORTS.NS,BHEL.NS,BRIGADE.NS,CHOLAFIN.NS,DLF.NS,GODREJPROP.NS,NTPC.NS,POWERGRID.NS","BALAMINES.NS,DEEPAKNTR.NS,HINDALCO.NS,NAVINFLUOR.NS,PHOENIXLTD.NS,PIDILITIND.NS,SAIL.NS,TATASTEEL.NS,VEDL.NS,VINATIORGA.NS",LTTS.NS:12.9%|PERSISTENT.NS:12.9%|OBEROIRLTY.NS:12.9%|MPHASIS.NS:11.5%|LTIM.NS:11.1%,,,1.0,False,1.0,1.0,1.0,1.0,1.0,1.0,1.0,1.0,1.0,1.0,1.0,1.0,1.0,1.0,1.0
optimizer_only_2013_01_01_2026_04_17_20260421T171734Z,optimizer_only,2013-01-01,2026-04-17,2026-04-21T17:17:34Z,2018-05-17,RL,778925.46,776424.93,-0.321,55.285,15,0.0,45.88,1786.09,11,12,"BAJFINANCE.NS,BHARTIARTL.NS,DMART.NS,INDUSTOWER.NS,SAIL.NS,VEDL.NS,VOLTAS.NS,WHIRLPOOL.NS","ADANIPORTS.NS,BHEL.NS,BRIGADE.NS,DLF.NS,GODREJPROP.NS,NTPC.NS,OBEROIRLTY.NS,POWERGRID.NS",LTTS.NS:10.6%|LTIM.NS:10.6%|MPHASIS.NS:10.6%|PERSISTENT.NS:10.6%|RELAXO.NS:9.8%,,,1.0,False,1.0,1.0,1.0,1.0,1.0,1.0,1.0,1.0,1.0,1.0,1.0,1.0,1.0,1.0,1.0
optimizer_only_2013_01_01_2026_04_17_20260421T171734Z,optimizer_only,2013-01-01,2026-04-17,2026-04-21T17:17:34Z,2018-06-14,RL,789828.02,787515.4,-0.293,57.503,14,0.0,41.87,1651.87,10,11,"DABUR.NS,HINDUNILVR.NS,NAVINFLUOR.NS,TATAELXSI.NS,TECHM.NS,VINATIORGA.NS","BAJFINANCE.NS,BHARTIARTL.NS,CHOLAFIN.NS,HAVELLS.NS,INDUSTOWER.NS,PERSISTENT.NS,VEDL.NS",LTTS.NS:8.8%|MPHASIS.NS:8.8%|RELAXO.NS:8.8%|LTIM.NS:8.8%|SAIL.NS:8.3%,,,1.0,False,1.0,1.0,1.0,1.0,1.0,1.0,1.0,1.0,1.0,1.0,1.0,1.0,1.0,1.0,1.0
optimizer_only_2013_01_01_2026_04_17_20260421T171734Z,optimizer_only,2013-01-01,2026-04-17,2026-04-21T17:17:34Z,2018-07-12,RL,791525.0,790382.13,-0.144,58.076,15,0.0,20.65,816.33,10,7,"BALAMINES.NS,PIIND.NS,TCS.NS","DMART.NS,LTIM.NS",SAIL.NS:8.3%|WHIRLPOOL.NS:8.2%|NAVINFLUOR.NS:7.9%|BALAMINES.NS:7.9%|MPHASIS.NS:7.9%,,,1.0,False,1.0,1.0,1.0,1.0,1.0,1.0,1.0,1.0,1.0,1.0,1.0,1.0,1.0,1.0,1.0
optimizer_only_2013_01_01_2026_04_17_20260421T171734Z,optimizer_only,2013-01-01,2026-04-17,2026-04-21T17:17:34Z,2018-08-09,RL,852051.99,849836.08,-0.26,69.967,14,0.0,37.21,1582.79,10,9,"COFORGE.NS,LTIM.NS,SRF.NS,TATACONSUM.NS","DABUR.NS,RELAXO.NS,TCS.NS,TECHM.NS,VINATIORGA.NS",WHIRLPOOL.NS:8.3%|SAIL.NS:8.3%|TATACONSUM.NS:8.0%|LTIM.NS:8.0%|SRF.NS:8.0%,,,1.0,False,1.0,1.0,1.0,1.0,1.0,1.0,1.0,1.0,1.0,1.0,1.0,1.0,1.0,1.0,1.0
optimizer_only_2013_01_01_2026_04_17_20260421T171734Z,optimizer_only,2013-01-01,2026-04-17,2026-04-21T17:17:34Z,2018-09-06,RL,871491.84,868727.95,-0.317,73.746,16,0.0,45.41,1974.21,14,8,"BAJFINANCE.NS,BHARTIARTL.NS,BRITANNIA.NS,COLPAL.NS,DEEPAKNTR.NS,INDUSTOWER.NS,ITC.NS,LICHSGFIN.NS","COFORGE.NS,LTIM.NS,LTTS.NS,MPHASIS.NS,SAIL.NS,TATAELXSI.NS",WHIRLPOOL.NS:8.3%|BRITANNIA.NS:8.0%|BAJFINANCE.NS:8.0%|LICHSGFIN.NS:8.0%|COLPAL.NS:8.0%,,,1.0,False,1.0,1.0,1.0,1.0,1.0,1.0,1.0,1.0,1.0,1.0,1.0,1.0,1.0,1.0,1.0
optimizer_only_2013_01_01_2026_04_17_20260421T171734Z,optimizer_only,2013-01-01,2026-04-17,2026-04-21T17:17:34Z,2018-10-04,RL,868727.95,772374.99,-11.091,54.475,14,0.0,58.51,2261.03,14,10,"GODREJPROP.NS,LTIM.NS,LTTS.NS,MPHASIS.NS,OBEROIRLTY.NS,PHOENIXLTD.NS,RELAXO.NS,TATAELXSI.NS","BHARTIARTL.NS,BRITANNIA.NS,COLPAL.NS,DEEPAKNTR.NS,HINDUNILVR.NS,INDUSTOWER.NS,ITC.NS,SRF.NS,TATACONSUM.NS,WHIRLPOOL.NS",PIIND.NS:12.0%|NAVINFLUOR.NS:11.9%|BAJFINANCE.NS:11.9%|LICHSGFIN.NS:11.9%|BALAMINES.NS:11.9%,,,1.0,False,1.0,1.0,1.0,1.0,1.0,1.0,1.0,1.0,1.0,1.0,1.0,1.0,1.0,1.0,1.0
optimizer_only_2013_01_01_2026_04_17_20260421T171734Z,optimizer_only,2013-01-01,2026-04-17,2026-04-21T17:17:34Z,2018-11-01,RL,789301.42,785849.01,-0.437,57.17,17,8.0,66.49,2465.96,17,10,"ACC.NS,AMBUJACEM.NS,BALKRISIND.NS,COFORGE.NS,EICHERMOT.NS,HEROMOTOCO.NS,PERSISTENT.NS,RAMCOCEM.NS,RELIANCE.NS,SHREECEM.NS,TCS.NS,TVSMOTOR.NS,ULTRACEMCO.NS","BALAMINES.NS,GODREJPROP.NS,LTIM.NS,LTTS.NS,NAVINFLUOR.NS,OBEROIRLTY.NS,PHOENIXLTD.NS,PIIND.NS,RELAXO.NS,VOLTAS.NS",BAJFINANCE.NS:20.2%|LICHSGFIN.NS:20.2%|TATAELXSI.NS:13.2%|MPHASIS.NS:13.2%|RELIANCE.NS:2.4%,,,1.0,False,1.0,1.0,1.0,1.0,1.0,1.0,1.0,1.0,1.0,1.0,1.0,1.0,1.0,1.0,1.0
optimizer_only_2013_01_01_2026_04_17_20260421T171734Z,optimizer_only,2013-01-01,2026-04-17,2026-04-21T17:17:34Z,2018-11-29,RL,812514.54,810029.6,-0.306,62.006,16,3.56,45.76,1774.98,12,10,"BALAMINES.NS,GRASIM.NS,LTIM.NS,NAVINFLUOR.NS,PIIND.NS","BALKRISIND.NS,EICHERMOT.NS,HEROMOTOCO.NS,TCS.NS,TVSMOTOR.NS,ULTRACEMCO.NS",BAJFINANCE.NS:9.3%|LICHSGFIN.NS:9.3%|TATAELXSI.NS:9.3%|MPHASIS.NS:9.3%|RAMCOCEM.NS:6.7%,,,1.0,False,1.0,1.0,1.0,1.0,1.0,1.0,1.0,1.0,1.0,1.0,1.0,1.0,1.0,1.0,1.0
optimizer_only_2013_01_01_2026_04_17_20260421T171734Z,optimizer_only,2013-01-01,2026-04-17,2026-04-21T17:17:34Z,2018-12-27,RL,821500.91,817016.3,-0.546,63.403,13,13.7,83.23,3203.23,13,14,"AIAENG.NS,HDFCBANK.NS,HINDALCO.NS,INDUSINDBK.NS,ITC.NS,KOTAKBANK.NS,NESTLEIND.NS,NMDC.NS,TATACONSUM.NS,VEDL.NS,WIPRO.NS","ACC.NS,AMBUJACEM.NS,BAJFINANCE.NS,BALAMINES.NS,COFORGE.NS,GRASIM.NS,LICHSGFIN.NS,LTIM.NS,MPHASIS.NS,NAVINFLUOR.NS,PIIND.NS,RAMCOCEM.NS,RELIANCE.NS,SHREECEM.NS",TATAELXSI.NS:28.7%|PERSISTENT.NS:16.7%|AIAENG.NS:4.2%|TATACONSUM.NS:4.2%|NMDC.NS:4.2%,,,1.0,False,1.0,1.0,1.0,1.0,1.0,1.0,1.0,1.0,1.0,1.0,1.0,1.0,1.0,1.0,1.0
optimizer_only_2013_01_01_2026_04_17_20260421T171734Z,optimizer_only,2013-01-01,2026-04-17,2026-04-21T17:17:34Z,2019-01-24,RL,817016.3,775381.18,-5.096,55.076,16,12.56,52.02,1989.47,14,10,"BALAMINES.NS,BRIGADE.NS,BRITANNIA.NS,DLF.NS,GODREJPROP.NS,LTIM.NS,LTTS.NS,MPHASIS.NS,NAVINFLUOR.NS,OBEROIRLTY.NS,VINATIORGA.NS","AIAENG.NS,HDFCBANK.NS,HINDALCO.NS,INDUSINDBK.NS,KOTAKBANK.NS,NMDC.NS,VEDL.NS,WIPRO.NS",TATAELXSI.NS:11.8%|PERSISTENT.NS:11.8%|TATACONSUM.NS:8.8%|NESTLEIND.NS:8.8%|ITC.NS:6.6%,,,1.0,False,1.0,1.0,1.0,1.0,1.0,1.0,1.0,1.0,1.0,1.0,1.0,1.0,1.0,1.0,1.0
optimizer_only_2013_01_01_2026_04_17_20260421T171734Z,optimizer_only,2013-01-01,2026-04-17,2026-04-21T17:17:34Z,2019-02-21,RL,775381.18,758545.33,-2.171,51.709,15,11.59,49.74,1864.54,15,10,"ASIANPAINT.NS,GLENMARK.NS,HAVELLS.NS,HINDUNILVR.NS,PIDILITIND.NS,RELAXO.NS,TORNTPHARM.NS,VOLTAS.NS,ZYDUSLIFE.NS","BALAMINES.NS,BRIGADE.NS,DLF.NS,GODREJPROP.NS,LTIM.NS,NAVINFLUOR.NS,OBEROIRLTY.NS,PERSISTENT.NS,TATACONSUM.NS,VINATIORGA.NS",NESTLEIND.NS:12.1%|TATAELXSI.NS:11.9%|ITC.NS:10.8%|BRITANNIA.NS:8.2%|MPHASIS.NS:7.6%,,,1.0,False,1.0,1.0,1.0,1.0,1.0,1.0,1.0,1.0,1.0,1.0,1.0,1.0,1.0,1.0,1.0
optimizer_only_2013_01_01_2026_04_17_20260421T171734Z,optimizer_only,2013-01-01,2026-04-17,2026-04-21T17:17:34Z,2019-03-22,RL,788421.49,785263.22,-0.401,57.053,14,20.37,61.99,2255.86,14,11,"BIOCON.NS,BRIGADE.NS,DEEPAKNTR.NS,LUPIN.NS,NAVINFLUOR.NS,OBEROIRLTY.NS,PHOENIXLTD.NS,SRF.NS,VINATIORGA.NS,WIPRO.NS","ASIANPAINT.NS,BRITANNIA.NS,HAVELLS.NS,HINDUNILVR.NS,ITC.NS,LTTS.NS,NESTLEIND.NS,PIDILITIND.NS,RELAXO.NS,VOLTAS.NS,ZYDUSLIFE.NS",TATAELXSI.NS:16.5%|MPHASIS.NS:15.8%|GLENMARK.NS:9.3%|TORNTPHARM.NS:8.1%|SRF.NS:3.6%,,,1.0,False,1.0,1.0,1.0,1.0,1.0,1.0,1.0,1.0,1.0,1.0,1.0,1.0,1.0,1.0,1.0
optimizer_only_2013_01_01_2026_04_17_20260421T171734Z,optimizer_only,2013-01-01,2026-04-17,2026-04-21T17:17:34Z,2019-04-18,RL,790136.73,787543.05,-0.328,57.509,15,17.13,48.53,1852.65,14,7,"ACC.NS,AMBUJACEM.NS,GRASIM.NS,MGL.NS,ONGC.NS,PRESTIGE.NS,ULTRACEMCO.NS","BIOCON.NS,BRIGADE.NS,GLENMARK.NS,LUPIN.NS,MPHASIS.NS,TORNTPHARM.NS",TATAELXSI.NS:11.4%|SRF.NS:7.7%|NAVINFLUOR.NS:7.7%|DEEPAKNTR.NS:7.4%|VINATIORGA.NS:6.4%,,,1.0,False,1.0,1.0,1.0,1.0,1.0,1.0,1.0,1.0,1.0,1.0,1.0,1.0,1.0,1.0,1.0
optimizer_only_2013_01_01_2026_04_17_20260421T171734Z,optimizer_only,2013-01-01,2026-04-17,2026-04-21T17:17:34Z,2019-05-16,RL,787543.05,772761.33,-1.877,54.552,16,17.39,47.16,1823.24,15,7,"AIAENG.NS,GAIL.NS,GODREJPROP.NS,JSWSTEEL.NS,NMDC.NS,RELIANCE.NS,TATASTEEL.NS","DEEPAKNTR.NS,NAVINFLUOR.NS,SRF.NS,TATAELXSI.NS,VINATIORGA.NS,WIPRO.NS",ONGC.NS:8.1%|ULTRACEMCO.NS:8.1%|PHOENIXLTD.NS:7.0%|OBEROIRLTY.NS:6.7%|PRESTIGE.NS:6.6%,,,1.0,False,1.0,1.0,1.0,1.0,1.0,1.0,1.0,1.0,1.0,1.0,1.0,1.0,1.0,1.0,1.0
optimizer_only_2013_01_01_2026_04_17_20260421T171734Z,optimizer_only,2013-01-01,2026-04-17,2026-04-21T17:17:34Z,2019-06-13,RL,805519.37,802659.69,-0.355,60.532,14,20.01,52.51,2042.61,14,10,"COALINDIA.NS,DIVISLAB.NS,GLENMARK.NS,INDUSINDBK.NS,JINDALSTEL.NS,SUNPHARMA.NS,TORNTPHARM.NS,ZYDUSLIFE.NS","ACC.NS,GAIL.NS,GODREJPROP.NS,JSWSTEEL.NS,MGL.NS,OBEROIRLTY.NS,ONGC.NS,PHOENIXLTD.NS,PRESTIGE.NS,RELIANCE.NS",ULTRACEMCO.NS:12.1%|TATASTEEL.NS:9.4%|NMDC.NS:9.4%|GRASIM.NS:9.0%|AIAENG.NS:7.4%,,,1.0,False,1.0,1.0,1.0,1.0,1.0,1.0,1.0,1.0,1.0,1.0,1.0,1.0,1.0,1.0,1.0
optimizer_only_2013_01_01_2026_04_17_20260421T171734Z,optimizer_only,2013-01-01,2026-04-17,2026-04-21T17:17:34Z,2019-07-11,RL,802659.69,791110.87,-1.439,58.222,13,38.24,67.92,2333.75,13,12,"BALAMINES.NS,HCLTECH.NS,LT.NS,NTPC.NS,ONGC.NS,PERSISTENT.NS,RELIANCE.NS,SRF.NS,TATAELXSI.NS,VINATIORGA.NS,WIPRO.NS","AMBUJACEM.NS,COALINDIA.NS,DIVISLAB.NS,GLENMARK.NS,GRASIM.NS,JINDALSTEL.NS,NMDC.NS,SUNPHARMA.NS,TATASTEEL.NS,TORNTPHARM.NS,ULTRACEMCO.NS,ZYDUSLIFE.NS",AIAENG.NS:16.2%|INDUSINDBK.NS:9.6%|TATAELXSI.NS:3.7%|RELIANCE.NS:3.7%|SRF.NS:3.7%,,,1.0,False,1.0,1.0,1.0,1.0,1.0,1.0,1.0,1.0,1.0,1.0,1.0,1.0,1.0,1.0,1.0
optimizer_only_2013_01_01_2026_04_17_20260421T171734Z,optimizer_only,2013-01-01,2026-04-17,2026-04-21T17:17:34Z,2019-08-08,RL,791110.87,754183.24,-4.668,50.837,16,44.13,51.37,1860.09,16,10,"BHARTIARTL.NS,BRITANNIA.NS,CHOLAFIN.NS,COFORGE.NS,FORTIS.NS,GODREJCP.NS,HINDUNILVR.NS,INDUSTOWER.NS,LALPATHLAB.NS,LICHSGFIN.NS,MARICO.NS,TATACONSUM.NS,TECHM.NS","AIAENG.NS,BALAMINES.NS,INDUSINDBK.NS,LT.NS,NTPC.NS,ONGC.NS,RELIANCE.NS,SRF.NS,TATAELXSI.NS,VINATIORGA.NS",HCLTECH.NS:8.0%|WIPRO.NS:6.8%|BRITANNIA.NS:4.2%|MARICO.NS:4.2%|GODREJCP.NS:4.2%,,,1.0,False,1.0,1.0,1.0,1.0,1.0,1.0,1.0,1.0,1.0,1.0,1.0,1.0,1.0,1.0,1.0
optimizer_only_2013_01_01_2026_04_17_20260421T171734Z,optimizer_only,2013-01-01,2026-04-17,2026-04-21T17:17:34Z,2019-09-05,RL,757164.75,755025.02,-0.283,51.005,15,40.14,42.35,1528.4,15,11,"AARTIIND.NS,ALKEM.NS,CIPLA.NS,DEEPAKNTR.NS,GAIL.NS,IOC.NS,RELIANCE.NS,SRF.NS,TCS.NS,VINATIORGA.NS","BRITANNIA.NS,CHOLAFIN.NS,COFORGE.NS,FORTIS.NS,GODREJCP.NS,HCLTECH.NS,HINDUNILVR.NS,LALPATHLAB.NS,LICHSGFIN.NS,MARICO.NS,TATACONSUM.NS",WIPRO.NS:9.4%|PERSISTENT.NS:7.5%|TECHM.NS:7.2%|DEEPAKNTR.NS:4.5%|RELIANCE.NS:4.5%,,,1.0,False,1.0,1.0,1.0,1.0,1.0,1.0,1.0,1.0,1.0,1.0,1.0,1.0,1.0,1.0,1.0
optimizer_only_2013_01_01_2026_04_17_20260421T171734Z,optimizer_only,2013-01-01,2026-04-17,2026-04-21T17:17:34Z,2019-10-03,RL,755025.02,750464.14,-0.604,50.093,14,29.49,42.04,1375.15,14,7,"AIAENG.NS,CUMMINSIND.NS,LT.NS,NTPC.NS,ONGC.NS,TATAELXSI.NS","AARTIIND.NS,DEEPAKNTR.NS,IOC.NS,PERSISTENT.NS,SRF.NS,TECHM.NS,VINATIORGA.NS",WIPRO.NS:9.5%|ALKEM.NS:7.6%|RELIANCE.NS:7.6%|CIPLA.NS:6.2%|CUMMINSIND.NS:5.4%,,,1.0,False,1.0,1.0,1.0,1.0,1.0,1.0,1.0,1.0,1.0,1.0,1.0,1.0,1.0,1.0,1.0
optimizer_only_2013_01_01_2026_04_17_20260421T171734Z,optimizer_only,2013-01-01,2026-04-17,2026-04-21T17:17:34Z,2019-10-31,RL,785927.16,782975.08,-0.376,56.595,14,48.45,63.9,2108.51,14,13,"ADANIGREEN.NS,ASIANPAINT.NS,BPCL.NS,BRIGADE.NS,DEEPAKNTR.NS,DMART.NS,MGL.NS,NAVINFLUOR.NS,PIDILITIND.NS,PIIND.NS,PRESTIGE.NS,TITAN.NS,VINATIORGA.NS","AIAENG.NS,ALKEM.NS,BHARTIARTL.NS,CIPLA.NS,CUMMINSIND.NS,GAIL.NS,INDUSTOWER.NS,LT.NS,NTPC.NS,ONGC.NS,TATAELXSI.NS,TCS.NS,WIPRO.NS",RELIANCE.NS:15.2%|BRIGADE.NS:3.3%|ADANIGREEN.NS:3.3%|PIIND.NS:3.3%|PRESTIGE.NS:3.3%,,,1.0,False,1.0,1.0,1.0,1.0,1.0,1.0,1.0,1.0,1.0,1.0,1.0,1.0,1.0,1.0,1.0
optimizer_only_2013_01_01_2026_04_17_20260421T171734Z,optimizer_only,2013-01-01,2026-04-17,2026-04-21T17:17:34Z,2019-11-28,RL,796745.27,794575.96,-0.272,58.915,16,38.8,43.37,1549.56,16,7,"ALKYLAMINE.NS,BAJAJFINSV.NS,CHOLAFIN.NS,LICHSGFIN.NS,MUTHOOTFIN.NS,OBEROIRLTY.NS,PHOENIXLTD.NS,SRF.NS,WHIRLPOOL.NS","ADANIGREEN.NS,ASIANPAINT.NS,BPCL.NS,DEEPAKNTR.NS,MGL.NS,RELIANCE.NS,VINATIORGA.NS",BRIGADE.NS:6.4%|PRESTIGE.NS:6.4%|PIIND.NS:6.4%|TITAN.NS:5.3%|DMART.NS:5.2%,,,1.0,False,1.0,1.0,1.0,1.0,1.0,1.0,1.0,1.0,1.0,1.0,1.0,1.0,1.0,1.0,1.0
optimizer_only_2013_01_01_2026_04_17_20260421T171734Z,optimizer_only,2013-01-01,2026-04-17,2026-04-21T17:17:34Z,2019-12-26,RL,814967.67,813632.58,-0.164,62.727,18,3.88,40.41,953.84,12,7,"ASIANPAINT.NS,DEEPAKNTR.NS,HAVELLS.NS",DMART.NS,HAVELLS.NS:8.0%|TITAN.NS:8.0%|BRIGADE.NS:8.0%|BAJAJFINSV.NS:8.0%|ALKYLAMINE.NS:8.0%,,,1.0,False,1.0,1.0,1.0,1.0,1.0,1.0,1.0,1.0,1.0,1.0,1.0,1.0,1.0,1.0,1.0
optimizer_only_2013_01_01_2026_04_17_20260421T171734Z,optimizer_only,2013-01-01,2026-04-17,2026-04-21T17:17:34Z,2020-01-23,RL,859784.46,856032.4,-0.436,71.206,14,6.7,63.93,2680.02,14,12,"ACC.NS,AXISBANK.NS,HDFCAMC.NS,IDFCFIRSTB.NS,INDUSINDBK.NS,KOTAKBANK.NS,NAM-INDIA.NS,ULTRACEMCO.NS","ALKYLAMINE.NS,BRIGADE.NS,CHOLAFIN.NS,DEEPAKNTR.NS,MUTHOOTFIN.NS,NAVINFLUOR.NS,OBEROIRLTY.NS,PHOENIXLTD.NS,PIDILITIND.NS,PIIND.NS,PRESTIGE.NS,SRF.NS",BAJAJFINSV.NS:14.4%|TITAN.NS:14.4%|HAVELLS.NS:14.4%|ASIANPAINT.NS:12.8%|WHIRLPOOL.NS:7.3%,,,1.0,False,1.0,1.0,1.0,1.0,1.0,1.0,1.0,1.0,1.0,1.0,1.0,1.0,1.0,1.0,1.0
optimizer_only_2013_01_01_2026_04_17_20260421T171734Z,optimizer_only,2013-01-01,2026-04-17,2026-04-21T17:17:34Z,2020-02-20,RL,870572.8,866245.74,-0.497,73.249,15,24.89,80.37,3090.65,15,10,"ADANIGREEN.NS,BPCL.NS,BRIGADE.NS,GAIL.NS,GODREJPROP.NS,HDFCBANK.NS,MGL.NS,OBEROIRLTY.NS,PHOENIXLTD.NS,PRESTIGE.NS,RELIANCE.NS","ACC.NS,ASIANPAINT.NS,BAJAJFINSV.NS,HAVELLS.NS,HDFCAMC.NS,LICHSGFIN.NS,NAM-INDIA.NS,TITAN.NS,ULTRACEMCO.NS,WHIRLPOOL.NS",KOTAKBANK.NS:17.7%|AXISBANK.NS:16.7%|IDFCFIRSTB.NS:16.7%|INDUSINDBK.NS:4.5%|ADANIGREEN.NS:2.1%,,,1.0,False,1.0,1.0,1.0,1.0,1.0,1.0,1.0,1.0,1.0,1.0,1.0,1.0,1.0,1.0,1.0
optimizer_only_2013_01_01_2026_04_17_20260421T171734Z,optimizer_only,2013-01-01,2026-04-17,2026-04-21T17:17:34Z,2020-03-19,RL,866245.74,606263.09,-30.013,21.253,15,41.93,51.2,1450.44,15,8,"ATGL.NS,BALAMINES.NS,INFY.NS,LT.NS,NTPC.NS,ONGC.NS,PERSISTENT.NS,POWERGRID.NS","AXISBANK.NS,BPCL.NS,GAIL.NS,GODREJPROP.NS,HDFCBANK.NS,IDFCFIRSTB.NS,INDUSINDBK.NS,KOTAKBANK.NS",ADANIGREEN.NS:6.6%|MGL.NS:6.6%|OBEROIRLTY.NS:6.4%|PHOENIXLTD.NS:5.6%|PRESTIGE.NS:3.9%,,,1.0,False,1.0,1.0,1.0,1.0,1.0,1.0,1.0,1.0,1.0,1.0,1.0,1.0,1.0,1.0,1.0
optimizer_only_2013_01_01_2026_04_17_20260421T171734Z,optimizer_only,2013-01-01,2026-04-17,2026-04-21T17:17:34Z,2020-04-16,RL,647537.46,645849.69,-0.261,29.17,11,36.75,38.56,1205.56,11,11,"ALKEM.NS,BPCL.NS,DIVISLAB.NS,HINDALCO.NS,JSWSTEEL.NS,SAIL.NS,VEDL.NS","BALAMINES.NS,BRIGADE.NS,INFY.NS,LT.NS,NTPC.NS,OBEROIRLTY.NS,ONGC.NS,PERSISTENT.NS,PHOENIXLTD.NS,POWERGRID.NS,PRESTIGE.NS",ADANIGREEN.NS:8.9%|MGL.NS:8.9%|ATGL.NS:7.3%|RELIANCE.NS:5.1%|DIVISLAB.NS:5.1%,,,1.0,True,1.0,1.0,1.0,1.0,1.0,1.0,1.0,1.0,1.0,1.0,1.0,1.0,1.0,1.0,1.0
optimizer_only_2013_01_01_2026_04_17_20260421T171734Z,optimizer_only,2013-01-01,2026-04-17,2026-04-21T17:17:34Z,2020-05-14,RL,662703.05,660867.89,-0.277,32.174,12,28.68,43.24,1310.86,12,5,"ABB.NS,AIAENG.NS,CUMMINSIND.NS,JINDALSTEL.NS,SHREECEM.NS,TORNTPHARM.NS","ADANIGREEN.NS,ATGL.NS,BPCL.NS,MGL.NS,RELIANCE.NS",ALKEM.NS:8.0%|DIVISLAB.NS:8.0%|HINDALCO.NS:8.0%|VEDL.NS:8.0%|SAIL.NS:8.0%,,,1.0,True,1.0,1.0,1.0,1.0,1.0,1.0,1.0,1.0,1.0,1.0,1.0,1.0,1.0,1.0,1.0
optimizer_only_2013_01_01_2026_04_17_20260421T171734Z,optimizer_only,2013-01-01,2026-04-17,2026-04-21T17:17:34Z,2020-06-11,RL,695544.68,693460.12,-0.3,38.692,12,30.31,44.44,1488.95,12,8,"APOLLOHOSP.NS,FORTIS.NS,LALPATHLAB.NS,METROPOLIS.NS,OBEROIRLTY.NS,PHOENIXLTD.NS,PRESTIGE.NS,TATASTEEL.NS","ABB.NS,AIAENG.NS,ALKEM.NS,CUMMINSIND.NS,DIVISLAB.NS,SAIL.NS,SHREECEM.NS,TORNTPHARM.NS",HINDALCO.NS:10.1%|VEDL.NS:10.1%|JSWSTEEL.NS:9.7%|METROPOLIS.NS:5.5%|APOLLOHOSP.NS:5.5%,,,1.0,True,1.0,1.0,1.0,1.0,1.0,1.0,1.0,1.0,1.0,1.0,1.0,1.0,1.0,1.0,1.0
optimizer_only_2013_01_01_2026_04_17_20260421T171734Z,optimizer_only,2013-01-01,2026-04-17,2026-04-21T17:17:34Z,2020-07-09,RL,728839.47,726372.75,-0.338,45.275,13,37.44,52.75,1761.89,13,8,"AARTIIND.NS,ABB.NS,AIAENG.NS,BALAMINES.NS,HDFCBANK.NS,NAVINFLUOR.NS,POWERGRID.NS,RAMCOCEM.NS,VINATIORGA.NS","HINDALCO.NS,JINDALSTEL.NS,JSWSTEEL.NS,OBEROIRLTY.NS,PHOENIXLTD.NS,PRESTIGE.NS,TATASTEEL.NS,VEDL.NS",APOLLOHOSP.NS:9.4%|FORTIS.NS:9.4%|METROPOLIS.NS:7.9%|ABB.NS:4.7%|HDFCBANK.NS:4.7%,,,1.0,True,1.0,1.0,1.0,1.0,1.0,1.0,1.0,1.0,1.0,1.0,1.0,1.0,1.0,1.0,1.0
optimizer_only_2013_01_01_2026_04_17_20260421T171734Z,optimizer_only,2013-01-01,2026-04-17,2026-04-21T17:17:34Z,2020-08-06,RL,760918.5,758984.44,-0.254,51.797,15,27.71,40.34,1381.51,11,11,"ALKEM.NS,ALKYLAMINE.NS,AUROPHARMA.NS,BHARTIARTL.NS,BIOCON.NS,COALINDIA.NS,GLENMARK.NS,INDUSTOWER.NS,TORNTPHARM.NS","ABB.NS,AIAENG.NS,BALAMINES.NS,HDFCBANK.NS,NAVINFLUOR.NS,POWERGRID.NS,RAMCOCEM.NS",APOLLOHOSP.NS:9.3%|FORTIS.NS:9.3%|ALKYLAMINE.NS:5.0%|COALINDIA.NS:5.0%|ALKEM.NS:5.0%,,,1.0,False,1.0,1.0,1.0,1.0,1.0,1.0,1.0,1.0,1.0,1.0,1.0,1.0,1.0,1.0,1.0
optimizer_only_2013_01_01_2026_04_17_20260421T171734Z,optimizer_only,2013-01-01,2026-04-17,2026-04-21T17:17:34Z,2020-09-03,RL,777985.64,775775.56,-0.284,55.155,16,22.54,42.94,1578.65,14,9,"ADANIGREEN.NS,BRIGADE.NS,CIPLA.NS,GAIL.NS,GODREJCP.NS,IOC.NS,OBEROIRLTY.NS,PHOENIXLTD.NS","AARTIIND.NS,ALKYLAMINE.NS,BHARTIARTL.NS,COALINDIA.NS,INDUSTOWER.NS,TORNTPHARM.NS,VINATIORGA.NS",FORTIS.NS:9.4%|ALKEM.NS:7.8%|GLENMARK.NS:7.8%|BIOCON.NS:7.8%|APOLLOHOSP.NS:5.2%,,,1.0,False,1.0,1.0,1.0,1.0,1.0,1.0,1.0,1.0,1.0,1.0,1.0,1.0,1.0,1.0,1.0
optimizer_only_2013_01_01_2026_04_17_20260421T171734Z,optimizer_only,2013-01-01,2026-04-17,2026-04-21T17:17:34Z,2020-10-01,RL,802438.08,799690.69,-0.342,59.938,15,29.31,52.78,1962.37,15,11,"ASIANPAINT.NS,BRITANNIA.NS,COLPAL.NS,HAVELLS.NS,ITC.NS,KPITTECH.NS,MARICO.NS,RELAXO.NS,TITAN.NS,VOLTAS.NS","ADANIGREEN.NS,ALKEM.NS,AUROPHARMA.NS,BIOCON.NS,BRIGADE.NS,CIPLA.NS,GAIL.NS,GLENMARK.NS,IOC.NS,OBEROIRLTY.NS,PHOENIXLTD.NS",FORTIS.NS:12.7%|GODREJCP.NS:9.2%|APOLLOHOSP.NS:7.2%|LALPATHLAB.NS:4.9%|BRITANNIA.NS:4.1%,,,1.0,False,1.0,1.0,1.0,1.0,1.0,1.0,1.0,1.0,1.0,1.0,1.0,1.0,1.0,1.0,1.0
optimizer_only_2013_01_01_2026_04_17_20260421T171734Z,optimizer_only,2013-01-01,2026-04-17,2026-04-21T17:17:34Z,2020-10-29,RL,800592.51,798277.28,-0.289,59.655,13,29.69,41.61,1653.73,12,11,"ADANIGREEN.NS,ATGL.NS,AUBANK.NS,GAIL.NS,IOC.NS,PERSISTENT.NS,RELIANCE.NS,TVSMOTOR.NS","ASIANPAINT.NS,BRITANNIA.NS,COLPAL.NS,GODREJCP.NS,HAVELLS.NS,ITC.NS,MARICO.NS,RELAXO.NS,TITAN.NS,VOLTAS.NS",FORTIS.NS:10.3%|METROPOLIS.NS:7.5%|APOLLOHOSP.NS:7.3%|LALPATHLAB.NS:6.3%|ADANIGREEN.NS:5.2%,,,1.0,False,1.0,1.0,1.0,1.0,1.0,1.0,1.0,1.0,1.0,1.0,1.0,1.0,1.0,1.0,1.0
optimizer_only_2013_01_01_2026_04_17_20260421T171734Z,optimizer_only,2013-01-01,2026-04-17,2026-04-21T17:17:34Z,2020-11-26,RL,879787.07,877257.9,-0.287,75.452,17,22.11,43.57,1806.58,15,10,"AARTIIND.NS,ABB.NS,ACC.NS,AIAENG.NS,ALKYLAMINE.NS,ASHOKLEY.NS,CUMMINSIND.NS,HEROMOTOCO.NS,POWERGRID.NS,RAMCOCEM.NS,SIEMENS.NS,VINATIORGA.NS","ADANIGREEN.NS,ATGL.NS,AUBANK.NS,GAIL.NS,IOC.NS,KPITTECH.NS,PERSISTENT.NS,RELIANCE.NS",FORTIS.NS:10.4%|METROPOLIS.NS:9.9%|LALPATHLAB.NS:9.0%|TVSMOTOR.NS:8.1%|APOLLOHOSP.NS:5.5%,,,1.0,False,1.0,1.0,1.0,1.0,1.0,1.0,1.0,1.0,1.0,1.0,1.0,1.0,1.0,1.0,1.0
optimizer_only_2013_01_01_2026_04_17_20260421T171734Z,optimizer_only,2013-01-01,2026-04-17,2026-04-21T17:17:34Z,2020-12-24,RL,887526.52,885141.96,-0.269,77.028,16,17.21,40.76,1703.29,12,13,"ASIANPAINT.NS,HAVELLS.NS,HDFCAMC.NS,LICHSGFIN.NS,SBILIFE.NS,TITAN.NS,VOLTAS.NS,WHIRLPOOL.NS","AARTIIND.NS,ABB.NS,ACC.NS,ALKYLAMINE.NS,ASHOKLEY.NS,HEROMOTOCO.NS,RAMCOCEM.NS,TVSMOTOR.NS,VINATIORGA.NS",METROPOLIS.NS:9.2%|LALPATHLAB.NS:8.4%|VOLTAS.NS:5.3%|HDFCAMC.NS:5.3%|ASIANPAINT.NS:5.3%,,,1.0,False,1.0,1.0,1.0,1.0,1.0,1.0,1.0,1.0,1.0,1.0,1.0,1.0,1.0,1.0,1.0
optimizer_only_2013_01_01_2026_04_17_20260421T171734Z,optimizer_only,2013-01-01,2026-04-17,2026-04-21T17:17:34Z,2021-01-21,RL,948103.7,945740.81,-0.249,89.148,13,9.08,39.18,1687.83,11,9,"ADANIGREEN.NS,ATGL.NS,RELAXO.NS,RELIANCE.NS","AIAENG.NS,CUMMINSIND.NS,FORTIS.NS,POWERGRID.NS,SBILIFE.NS,SIEMENS.NS,TITAN.NS",LALPATHLAB.NS:8.4%|RELIANCE.NS:8.0%|APOLLOHOSP.NS:8.0%|HDFCAMC.NS:8.0%|VOLTAS.NS:8.0%,,,1.0,False,1.0,1.0,1.0,1.0,1.0,1.0,1.0,1.0,1.0,1.0,1.0,1.0,1.0,1.0,1.0
optimizer_only_2013_01_01_2026_04_17_20260421T171734Z,optimizer_only,2013-01-01,2026-04-17,2026-04-21T17:17:34Z,2021-02-18,RL,985692.75,982462.29,-0.328,96.492,14,11.97,48.53,2307.44,13,8,"ABB.NS,BAJAJFINSV.NS,CUMMINSIND.NS,MGL.NS,MUTHOOTFIN.NS,POWERGRID.NS,SBILIFE.NS,SIEMENS.NS","ASIANPAINT.NS,HAVELLS.NS,HDFCAMC.NS,RELAXO.NS,RELIANCE.NS,VOLTAS.NS,WHIRLPOOL.NS",LALPATHLAB.NS:10.8%|METROPOLIS.NS:10.8%|ATGL.NS:9.4%|APOLLOHOSP.NS:8.6%|LICHSGFIN.NS:7.2%,,,1.0,False,1.0,1.0,1.0,1.0,1.0,1.0,1.0,1.0,1.0,1.0,1.0,1.0,1.0,1.0,1.0
optimizer_only_2013_01_01_2026_04_17_20260421T171734Z,optimizer_only,2013-01-01,2026-04-17,2026-04-21T17:17:34Z,2021-03-18,RL,993530.03,988923.07,-0.464,97.785,15,32.68,76.82,3290.54,15,11,"BRIGADE.NS,COALINDIA.NS,DMART.NS,HAVELLS.NS,KOTAKBANK.NS,NAM-INDIA.NS,NMDC.NS,OBEROIRLTY.NS,PHOENIXLTD.NS,PIDILITIND.NS,RELAXO.NS,VOLTAS.NS","ABB.NS,ADANIGREEN.NS,APOLLOHOSP.NS,ATGL.NS,CUMMINSIND.NS,LALPATHLAB.NS,METROPOLIS.NS,MGL.NS,POWERGRID.NS,SBILIFE.NS,SIEMENS.NS",LICHSGFIN.NS:20.8%|MUTHOOTFIN.NS:12.2%|BAJAJFINSV.NS:5.9%|DMART.NS:3.1%|PHOENIXLTD.NS:3.1%,,,1.0,False,1.0,1.0,1.0,1.0,1.0,1.0,1.0,1.0,1.0,1.0,1.0,1.0,1.0,1.0,1.0
optimizer_only_2013_01_01_2026_04_17_20260421T171734Z,optimizer_only,2013-01-01,2026-04-17,2026-04-21T17:17:34Z,2021-04-15,RL,988923.07,970536.34,-1.859,94.107,14,37.73,49.61,2297.11,14,8,"BHARTIARTL.NS,DEEPAKNTR.NS,FLUOROCHEM.NS,GODREJPROP.NS,HDFCBANK.NS,INDUSTOWER.NS,VINATIORGA.NS","BAJAJFINSV.NS,COALINDIA.NS,LICHSGFIN.NS,MUTHOOTFIN.NS,NAM-INDIA.NS,NMDC.NS,OBEROIRLTY.NS,PIDILITIND.NS",DMART.NS:7.2%|RELAXO.NS:7.2%|VOLTAS.NS:6.9%|HAVELLS.NS:5.5%|PHOENIXLTD.NS:4.7%,,,1.0,False,1.0,1.0,1.0,1.0,1.0,1.0,1.0,1.0,1.0,1.0,1.0,1.0,1.0,1.0,1.0
optimizer_only_2013_01_01_2026_04_17_20260421T171734Z,optimizer_only,2013-01-01,2026-04-17,2026-04-21T17:17:34Z,2021-05-14,RL,972770.83,970011.8,-0.284,94.002,16,29.77,44.55,1970.78,16,7,"AXISBANK.NS,COLPAL.NS,DABUR.NS,DLF.NS,FEDERALBNK.NS,GODREJCP.NS,ICICIBANK.NS,MARICO.NS,NESTLEIND.NS","DEEPAKNTR.NS,DMART.NS,FLUOROCHEM.NS,HAVELLS.NS,RELAXO.NS,VINATIORGA.NS,VOLTAS.NS",PHOENIXLTD.NS:7.3%|HDFCBANK.NS:7.1%|BHARTIARTL.NS:7.1%|INDUSTOWER.NS:7.1%|KOTAKBANK.NS:5.4%,,,1.0,False,1.0,1.0,1.0,1.0,1.0,1.0,1.0,1.0,1.0,1.0,1.0,1.0,1.0,1.0,1.0
optimizer_only_2013_01_01_2026_04_17_20260421T171734Z,optimizer_only,2013-01-01,2026-04-17,2026-04-21T17:17:34Z,2021-06-10,RL,1024118.91,1020292.11,-0.374,104.058,15,40.65,59.71,2733.34,15,13,"BPCL.NS,COALINDIA.NS,DEEPAKNTR.NS,FLUOROCHEM.NS,IOC.NS,LTIM.NS,LTTS.NS,MGL.NS,PERSISTENT.NS,RELIANCE.NS,SAIL.NS,TATAELXSI.NS","BHARTIARTL.NS,BRIGADE.NS,COLPAL.NS,DABUR.NS,DLF.NS,FEDERALBNK.NS,GODREJCP.NS,GODREJPROP.NS,INDUSTOWER.NS,KOTAKBANK.NS,MARICO.NS,NESTLEIND.NS,PHOENIXLTD.NS",HDFCBANK.NS:12.6%|ICICIBANK.NS:5.0%|AXISBANK.NS:4.4%|PERSISTENT.NS:4.0%|DEEPAKNTR.NS:4.0%,,,1.0,False,1.0,1.0,1.0,1.0,1.0,1.0,1.0,1.0,1.0,1.0,1.0,1.0,1.0,1.0,1.0
optimizer_only_2013_01_01_2026_04_17_20260421T171734Z,optimizer_only,2013-01-01,2026-04-17,2026-04-21T17:17:34Z,2021-07-08,RL,1032844.47,1030089.17,-0.267,106.018,16,31.68,42.42,1968.13,16,7,"AARTIIND.NS,APOLLOHOSP.NS,DMART.NS,FORTIS.NS,PIDILITIND.NS,RELAXO.NS,VEDL.NS,VOLTAS.NS","AXISBANK.NS,BPCL.NS,HDFCBANK.NS,ICICIBANK.NS,IOC.NS,MGL.NS,RELIANCE.NS",PERSISTENT.NS:7.2%|TATAELXSI.NS:7.2%|DEEPAKNTR.NS:7.2%|SAIL.NS:7.2%|FLUOROCHEM.NS:5.2%,,,1.0,False,1.0,1.0,1.0,1.0,1.0,1.0,1.0,1.0,1.0,1.0,1.0,1.0,1.0,1.0,1.0
optimizer_only_2013_01_01_2026_04_17_20260421T171734Z,optimizer_only,2013-01-01,2026-04-17,2026-04-21T17:17:34Z,2021-08-05,RL,1108201.63,1104765.61,-0.31,120.953,12,27.45,45.43,2454.32,12,11,"ADANIGREEN.NS,ATGL.NS,BPCL.NS,IOC.NS,KPITTECH.NS,LALPATHLAB.NS,TCS.NS","AARTIIND.NS,COALINDIA.NS,DMART.NS,FLUOROCHEM.NS,LTIM.NS,LTTS.NS,PIDILITIND.NS,RELAXO.NS,SAIL.NS,VEDL.NS,VOLTAS.NS",PERSISTENT.NS:9.7%|TATAELXSI.NS:9.7%|DEEPAKNTR.NS:9.7%|FORTIS.NS:8.0%|KPITTECH.NS:4.8%,,,1.0,False,1.0,1.0,1.0,1.0,1.0,1.0,1.0,1.0,1.0,1.0,1.0,1.0,1.0,1.0,1.0
optimizer_only_2013_01_01_2026_04_17_20260421T171734Z,optimizer_only,2013-01-01,2026-04-17,2026-04-21T17:17:34Z,2021-09-02,RL,1231465.63,1228606.62,-0.232,145.721,14,9.86,40.55,2042.28,8,10,"ACC.NS,ALKYLAMINE.NS,AMBUJACEM.NS,GRASIM.NS,RELAXO.NS,ULTRACEMCO.NS","ADANIGREEN.NS,ATGL.NS,BPCL.NS,IOC.NS",AMBUJACEM.NS:8.0%|TATAELXSI.NS:8.0%|PERSISTENT.NS:8.0%|ALKYLAMINE.NS:8.0%|DEEPAKNTR.NS:8.0%,,,1.0,False,1.0,1.0,1.0,1.0,1.0,1.0,1.0,1.0,1.0,1.0,1.0,1.0,1.0,1.0,1.0
optimizer_only_2013_01_01_2026_04_17_20260421T171734Z,optimizer_only,2013-01-01,2026-04-17,2026-04-21T17:17:34Z,2021-09-30,RL,1228606.62,1219621.48,-0.731,143.924,13,3.85,42.27,2394.1,9,9,"GODREJCP.NS,MARICO.NS,METROPOLIS.NS,TATACONSUM.NS","ACC.NS,AMBUJACEM.NS,GRASIM.NS,TCS.NS,ULTRACEMCO.NS",PERSISTENT.NS:8.0%|ALKYLAMINE.NS:8.0%|DEEPAKNTR.NS:8.0%|FORTIS.NS:8.0%|TATACONSUM.NS:8.0%,,,1.0,False,1.0,1.0,1.0,1.0,1.0,1.0,1.0,1.0,1.0,1.0,1.0,1.0,1.0,1.0,1.0
optimizer_only_2013_01_01_2026_04_17_20260421T171734Z,optimizer_only,2013-01-01,2026-04-17,2026-04-21T17:17:34Z,2021-10-28,RL,1223422.3,1218769.1,-0.38,143.754,14,5.77,55.43,3323.69,14,8,"ABB.NS,ADANIGREEN.NS,BAJAJ-AUTO.NS,HAVELLS.NS,HEROMOTOCO.NS,IOC.NS,NTPC.NS,RELIANCE.NS,VOLTAS.NS","ALKYLAMINE.NS,DEEPAKNTR.NS,GODREJCP.NS,KPITTECH.NS,MARICO.NS,PERSISTENT.NS,TATACONSUM.NS,TATAELXSI.NS",RELAXO.NS:12.9%|LALPATHLAB.NS:12.9%|METROPOLIS.NS:12.9%|APOLLOHOSP.NS:12.9%|FORTIS.NS:8.7%,,,1.0,False,1.0,1.0,1.0,1.0,1.0,1.0,1.0,1.0,1.0,1.0,1.0,1.0,1.0,1.0,1.0
optimizer_only_2013_01_01_2026_04_17_20260421T171734Z,optimizer_only,2013-01-01,2026-04-17,2026-04-21T17:17:34Z,2021-11-25,RL,1290457.39,1284344.4,-0.474,156.869,14,21.01,75.63,4366.28,14,11,"ACC.NS,ALKYLAMINE.NS,ASIANPAINT.NS,BALAMINES.NS,BHARTIARTL.NS,GRASIM.NS,INDUSTOWER.NS,PIDILITIND.NS,SHREECEM.NS,SRF.NS,ULTRACEMCO.NS","ABB.NS,ADANIGREEN.NS,APOLLOHOSP.NS,BAJAJ-AUTO.NS,FORTIS.NS,HEROMOTOCO.NS,IOC.NS,LALPATHLAB.NS,METROPOLIS.NS,NTPC.NS,RELIANCE.NS",RELAXO.NS:31.3%|VOLTAS.NS:16.6%|HAVELLS.NS:11.3%|SHREECEM.NS:2.0%|BALAMINES.NS:2.0%,,,1.0,False,1.0,1.0,1.0,1.0,1.0,1.0,1.0,1.0,1.0,1.0,1.0,1.0,1.0,1.0,1.0
optimizer_only_2013_01_01_2026_04_17_20260421T171734Z,optimizer_only,2013-01-01,2026-04-17,2026-04-21T17:17:34Z,2021-12-23,RL,1284344.4,1254056.85,-2.358,150.811,17,36.88,65.54,3626.92,17,7,"ALKEM.NS,BAJAJFINSV.NS,CHOLAFIN.NS,DIVISLAB.NS,FLUOROCHEM.NS,LALPATHLAB.NS,MAXHEALTH.NS,METROPOLIS.NS,SUNPHARMA.NS,ZYDUSLIFE.NS","ASIANPAINT.NS,BHARTIARTL.NS,HAVELLS.NS,INDUSTOWER.NS,PIDILITIND.NS,RELAXO.NS,VOLTAS.NS",GRASIM.NS:6.7%|SRF.NS:6.7%|BALAMINES.NS:5.5%|SHREECEM.NS:4.4%|ACC.NS:4.4%,,,1.0,False,1.0,1.0,1.0,1.0,1.0,1.0,1.0,1.0,1.0,1.0,1.0,1.0,1.0,1.0,1.0
optimizer_only_2013_01_01_2026_04_17_20260421T171734Z,optimizer_only,2013-01-01,2026-04-17,2026-04-21T17:17:34Z,2022-01-20,RL,1295505.04,1292205.38,-0.255,158.441,15,22.41,43.1,2357.01,14,9,"BAJFINANCE.NS,BHARTIARTL.NS,INDUSTOWER.NS,KPITTECH.NS,TATAELXSI.NS,TORNTPHARM.NS","ALKYLAMINE.NS,BALAMINES.NS,DIVISLAB.NS,FLUOROCHEM.NS,LALPATHLAB.NS,MAXHEALTH.NS,METROPOLIS.NS,SRF.NS",GRASIM.NS:8.5%|SHREECEM.NS:7.5%|ULTRACEMCO.NS:7.1%|ZYDUSLIFE.NS:7.0%|BAJAJFINSV.NS:7.0%,,,1.0,False,1.0,1.0,1.0,1.0,1.0,1.0,1.0,1.0,1.0,1.0,1.0,1.0,1.0,1.0,1.0
optimizer_only_2013_01_01_2026_04_17_20260421T171734Z,optimizer_only,2013-01-01,2026-04-17,2026-04-21T17:17:34Z,2022-02-17,RL,1292205.38,1240548.8,-3.998,148.11,16,37.81,64.0,3525.31,16,12,"ABB.NS,AIAENG.NS,APOLLOHOSP.NS,COFORGE.NS,FLUOROCHEM.NS,FORTIS.NS,LT.NS,MAXHEALTH.NS,METROPOLIS.NS,MPHASIS.NS,POWERGRID.NS,SIEMENS.NS,WIPRO.NS","ACC.NS,ALKEM.NS,BAJAJFINSV.NS,BAJFINANCE.NS,CHOLAFIN.NS,GRASIM.NS,SHREECEM.NS,SUNPHARMA.NS,TATAELXSI.NS,TORNTPHARM.NS,ULTRACEMCO.NS,ZYDUSLIFE.NS",KPITTECH.NS:12.2%|BHARTIARTL.NS:11.1%|INDUSTOWER.NS:4.2%|MPHASIS.NS:3.7%|MAXHEALTH.NS:3.7%,,,1.0,False,1.0,1.0,1.0,1.0,1.0,1.0,1.0,1.0,1.0,1.0,1.0,1.0,1.0,1.0,1.0
optimizer_only_2013_01_01_2026_04_17_20260421T171734Z,optimizer_only,2013-01-01,2026-04-17,2026-04-21T17:17:34Z,2022-03-17,RL,1240548.8,1234391.5,-0.496,146.878,15,26.92,42.64,2297.96,13,13,"ASIANPAINT.NS,AUBANK.NS,FEDERALBNK.NS,ICICIBANK.NS,PERSISTENT.NS,SBIN.NS,TCS.NS,TECHM.NS,TITAN.NS,VINATIORGA.NS","ABB.NS,AIAENG.NS,APOLLOHOSP.NS,COFORGE.NS,FORTIS.NS,LT.NS,MAXHEALTH.NS,METROPOLIS.NS,POWERGRID.NS,SIEMENS.NS,WIPRO.NS",KPITTECH.NS:9.5%|BHARTIARTL.NS:9.5%|MPHASIS.NS:7.2%|FLUOROCHEM.NS:7.2%|PERSISTENT.NS:5.2%,,,1.0,False,1.0,1.0,1.0,1.0,1.0,1.0,1.0,1.0,1.0,1.0,1.0,1.0,1.0,1.0,1.0
optimizer_only_2013_01_01_2026_04_17_20260421T171734Z,optimizer_only,2013-01-01,2026-04-17,2026-04-21T17:17:34Z,2022-04-18,RL,1234391.5,1218906.55,-1.254,143.781,15,26.9,43.05,2615.41,14,10,"AUROPHARMA.NS,BIOCON.NS,GLENMARK.NS,HDFCLIFE.NS,LICHSGFIN.NS,LUPIN.NS,RAMCOCEM.NS,SHREECEM.NS,TORNTPHARM.NS","ASIANPAINT.NS,FLUOROCHEM.NS,KPITTECH.NS,MPHASIS.NS,PERSISTENT.NS,TCS.NS,TECHM.NS,TITAN.NS,VINATIORGA.NS",BHARTIARTL.NS:10.9%|AUBANK.NS:7.1%|INDUSTOWER.NS:6.9%|FEDERALBNK.NS:6.1%|LUPIN.NS:4.6%,,,1.0,False,1.0,1.0,1.0,1.0,1.0,1.0,1.0,1.0,1.0,1.0,1.0,1.0,1.0,1.0,1.0
optimizer_only_2013_01_01_2026_04_17_20260421T171734Z,optimizer_only,2013-01-01,2026-04-17,2026-04-21T17:17:34Z,2022-05-12,RL,1218906.55,1132233.89,-7.111,126.447,13,38.62,55.09,2845.38,13,11,"BAJFINANCE.NS,CHOLAFIN.NS,COALINDIA.NS,COFORGE.NS,HINDALCO.NS,JINDALSTEL.NS,KPITTECH.NS,PERSISTENT.NS,VEDL.NS","AUBANK.NS,AUROPHARMA.NS,BHARTIARTL.NS,BIOCON.NS,FEDERALBNK.NS,GLENMARK.NS,ICICIBANK.NS,INDUSTOWER.NS,LUPIN.NS,SBIN.NS,TORNTPHARM.NS",LICHSGFIN.NS:9.3%|HDFCLIFE.NS:7.6%|RAMCOCEM.NS:7.5%|SHREECEM.NS:7.5%|BAJFINANCE.NS:4.1%,,,1.0,False,1.0,1.0,1.0,1.0,1.0,1.0,1.0,1.0,1.0,1.0,1.0,1.0,1.0,1.0,1.0
optimizer_only_2013_01_01_2026_04_17_20260421T171734Z,optimizer_only,2013-01-01,2026-04-17,2026-04-21T17:17:34Z,2022-06-09,RL,1132233.89,1120106.12,-1.071,124.021,16,15.94,43.66,1802.93,14,6,"AUBANK.NS,BRITANNIA.NS,DABUR.NS,MARICO.NS,NESTLEIND.NS,NMDC.NS,TATACONSUM.NS","COFORGE.NS,HDFCLIFE.NS,KPITTECH.NS,PERSISTENT.NS",LICHSGFIN.NS:8.6%|RAMCOCEM.NS:8.4%|SHREECEM.NS:7.6%|VEDL.NS:7.3%|CHOLAFIN.NS:6.9%,,,1.0,False,1.0,1.0,1.0,1.0,1.0,1.0,1.0,1.0,1.0,1.0,1.0,1.0,1.0,1.0,1.0
optimizer_only_2013_01_01_2026_04_17_20260421T171734Z,optimizer_only,2013-01-01,2026-04-17,2026-04-21T17:17:34Z,2022-07-07,RL,1120106.12,1102646.82,-1.559,120.529,15,11.5,48.91,2566.59,15,8,"COFORGE.NS,HDFCLIFE.NS,ICICIBANK.NS,KOTAKBANK.NS,LTIM.NS,LTTS.NS,MPHASIS.NS","BRITANNIA.NS,DABUR.NS,MARICO.NS,NESTLEIND.NS,NMDC.NS,RAMCOCEM.NS,SHREECEM.NS,TATACONSUM.NS",LICHSGFIN.NS:9.7%|CHOLAFIN.NS:9.2%|COALINDIA.NS:9.1%|VEDL.NS:9.0%|BAJFINANCE.NS:7.8%,,,1.0,False,1.0,1.0,1.0,1.0,1.0,1.0,1.0,1.0,1.0,1.0,1.0,1.0,1.0,1.0,1.0
optimizer_only_2013_01_01_2026_04_17_20260421T171734Z,optimizer_only,2013-01-01,2026-04-17,2026-04-21T17:17:34Z,2022-08-04,RL,1230977.59,1225615.88,-0.436,145.123,14,33.95,74.18,3829.58,14,12,"BHARTIARTL.NS,BRIGADE.NS,BRITANNIA.NS,DLF.NS,INDUSTOWER.NS,INFY.NS,OBEROIRLTY.NS,PHOENIXLTD.NS,TATACONSUM.NS,TCS.NS,VOLTAS.NS","AUBANK.NS,BAJFINANCE.NS,CHOLAFIN.NS,COALINDIA.NS,HDFCLIFE.NS,HINDALCO.NS,ICICIBANK.NS,JINDALSTEL.NS,KOTAKBANK.NS,LICHSGFIN.NS,MPHASIS.NS,VEDL.NS",LTTS.NS:17.4%|LTIM.NS:15.5%|COFORGE.NS:15.1%|OBEROIRLTY.NS:2.1%|VOLTAS.NS:2.1%,,,1.0,False,1.0,1.0,1.0,1.0,1.0,1.0,1.0,1.0,1.0,1.0,1.0,1.0,1.0,1.0,1.0
optimizer_only_2013_01_01_2026_04_17_20260421T171734Z,optimizer_only,2013-01-01,2026-04-17,2026-04-21T17:17:34Z,2022-09-01,RL,1225615.88,1200204.78,-2.073,140.041,15,29.94,44.14,2517.95,13,11,"ALKEM.NS,BAJAJFINSV.NS,BIOCON.NS,CIPLA.NS,HDFCAMC.NS,HDFCLIFE.NS,HINDALCO.NS,MUTHOOTFIN.NS,SUNPHARMA.NS,ZYDUSLIFE.NS","BHARTIARTL.NS,BRIGADE.NS,BRITANNIA.NS,COFORGE.NS,DLF.NS,INDUSTOWER.NS,OBEROIRLTY.NS,PHOENIXLTD.NS,TATACONSUM.NS",LTIM.NS:10.6%|LTTS.NS:10.6%|VOLTAS.NS:6.5%|ZYDUSLIFE.NS:5.0%|MUTHOOTFIN.NS:5.0%,,,1.0,False,1.0,1.0,1.0,1.0,1.0,1.0,1.0,1.0,1.0,1.0,1.0,1.0,1.0,1.0,1.0
optimizer_only_2013_01_01_2026_04_17_20260421T171734Z,optimizer_only,2013-01-01,2026-04-17,2026-04-21T17:17:34Z,2022-09-29,RL,1200204.78,1179052.23,-1.762,135.81,13,31.91,42.59,2467.03,13,12,"AARTIIND.NS,BRIGADE.NS,DEEPAKNTR.NS,DLF.NS,GODREJPROP.NS,PHOENIXLTD.NS,PRESTIGE.NS,SHREECEM.NS,TITAN.NS,VINATIORGA.NS","ALKEM.NS,BAJAJFINSV.NS,BIOCON.NS,CIPLA.NS,HDFCAMC.NS,HDFCLIFE.NS,HINDALCO.NS,INFY.NS,MUTHOOTFIN.NS,SUNPHARMA.NS,TCS.NS,ZYDUSLIFE.NS",LTTS.NS:10.7%|LTIM.NS:10.7%|VOLTAS.NS:9.6%|DLF.NS:4.9%|BRIGADE.NS:4.9%,,,1.0,False,1.0,1.0,1.0,1.0,1.0,1.0,1.0,1.0,1.0,1.0,1.0,1.0,1.0,1.0,1.0
optimizer_only_2013_01_01_2026_04_17_20260421T171734Z,optimizer_only,2013-01-01,2026-04-17,2026-04-21T17:17:34Z,2022-10-27,RL,1197183.58,1192726.29,-0.372,138.545,15,43.95,59.55,3183.67,15,12,"APOLLOHOSP.NS,ASIANPAINT.NS,BAJFINANCE.NS,BHARTIARTL.NS,CIPLA.NS,FORTIS.NS,HAVELLS.NS,HDFCAMC.NS,INDUSTOWER.NS,LALPATHLAB.NS,MUTHOOTFIN.NS,PIDILITIND.NS,SUNPHARMA.NS,TORNTPHARM.NS","AARTIIND.NS,BRIGADE.NS,DEEPAKNTR.NS,DLF.NS,GODREJPROP.NS,LTIM.NS,LTTS.NS,PHOENIXLTD.NS,PRESTIGE.NS,SHREECEM.NS,TITAN.NS,VINATIORGA.NS",VOLTAS.NS:14.7%|APOLLOHOSP.NS:3.6%|PIDILITIND.NS:3.6%|HAVELLS.NS:3.6%|BHARTIARTL.NS:3.6%,,,1.0,False,1.0,1.0,1.0,1.0,1.0,1.0,1.0,1.0,1.0,1.0,1.0,1.0,1.0,1.0,1.0
optimizer_only_2013_01_01_2026_04_17_20260421T171734Z,optimizer_only,2013-01-01,2026-04-17,2026-04-21T17:17:34Z,2022-11-24,RL,1192726.29,1189587.53,-0.263,137.918,15,29.99,42.94,2142.04,14,10,"ATGL.NS,BALAMINES.NS,BIOCON.NS,GLENMARK.NS,KPITTECH.NS,NAVINFLUOR.NS,SRF.NS,VINATIORGA.NS,ZYDUSLIFE.NS","APOLLOHOSP.NS,BAJFINANCE.NS,BHARTIARTL.NS,FORTIS.NS,HDFCAMC.NS,INDUSTOWER.NS,LALPATHLAB.NS,MUTHOOTFIN.NS,SUNPHARMA.NS",VOLTAS.NS:9.3%|HAVELLS.NS:6.9%|ASIANPAINT.NS:6.9%|TORNTPHARM.NS:6.9%|ZYDUSLIFE.NS:5.0%,,,1.0,False,1.0,1.0,1.0,1.0,1.0,1.0,1.0,1.0,1.0,1.0,1.0,1.0,1.0,1.0,1.0
optimizer_only_2013_01_01_2026_04_17_20260421T171734Z,optimizer_only,2013-01-01,2026-04-17,2026-04-21T17:17:34Z,2022-12-22,RL,1189587.53,1172691.55,-1.42,134.538,15,10.0,37.46,1600.0,12,7,"ASHOKLEY.NS,BAJAJ-AUTO.NS,HEROMOTOCO.NS,SUNPHARMA.NS","ASIANPAINT.NS,ATGL.NS,GLENMARK.NS,KPITTECH.NS",VOLTAS.NS:8.0%|SRF.NS:8.0%|ZYDUSLIFE.NS:8.0%|ASHOKLEY.NS:8.0%|HEROMOTOCO.NS:8.0%,,,1.0,False,1.0,1.0,1.0,1.0,1.0,1.0,1.0,1.0,1.0,1.0,1.0,1.0,1.0,1.0,1.0
optimizer_only_2013_01_01_2026_04_17_20260421T171734Z,optimizer_only,2013-01-01,2026-04-17,2026-04-21T17:17:34Z,2023-01-19,RL,1172691.55,1159006.06,-1.167,131.801,13,27.31,73.63,3779.2,13,13,"ABB.NS,ADANIGREEN.NS,AIAENG.NS,BHARTIARTL.NS,BHEL.NS,COALINDIA.NS,CUMMINSIND.NS,EICHERMOT.NS,INDUSTOWER.NS,SIEMENS.NS,TVSMOTOR.NS","BAJAJ-AUTO.NS,BALAMINES.NS,BIOCON.NS,CIPLA.NS,HAVELLS.NS,NAVINFLUOR.NS,PIDILITIND.NS,SRF.NS,SUNPHARMA.NS,TORNTPHARM.NS,VINATIORGA.NS,VOLTAS.NS,ZYDUSLIFE.NS",ASHOKLEY.NS:24.5%|HEROMOTOCO.NS:24.5%|EICHERMOT.NS:2.3%|TVSMOTOR.NS:2.3%|ABB.NS:2.3%,,,1.0,False,1.0,1.0,1.0,1.0,1.0,1.0,1.0,1.0,1.0,1.0,1.0,1.0,1.0,1.0,1.0
optimizer_only_2013_01_01_2026_04_17_20260421T171734Z,optimizer_only,2013-01-01,2026-04-17,2026-04-21T17:17:34Z,2023-02-16,RL,1159006.06,1135002.9,-2.071,127.001,15,20.73,49.6,2621.45,13,8,"ATGL.NS,GRASIM.NS,HCLTECH.NS,INFY.NS,MPHASIS.NS,RELIANCE.NS,TCS.NS,ULTRACEMCO.NS","ABB.NS,AIAENG.NS,BHEL.NS,COALINDIA.NS,CUMMINSIND.NS,SIEMENS.NS",HEROMOTOCO.NS:9.9%|ASHOKLEY.NS:9.9%|ADANIGREEN.NS:7.0%|EICHERMOT.NS:6.6%|ULTRACEMCO.NS:5.9%,,,1.0,False,1.0,1.0,1.0,1.0,1.0,1.0,1.0,1.0,1.0,1.0,1.0,1.0,1.0,1.0,1.0
optimizer_only_2013_01_01_2026_04_17_20260421T171734Z,optimizer_only,2013-01-01,2026-04-17,2026-04-21T17:17:34Z,2023-03-16,RL,1135002.9,1091489.38,-3.834,118.298,15,15.03,40.65,2044.92,13,9,"ACC.NS,AIAENG.NS,BAJAJFINSV.NS,BAJFINANCE.NS,BHEL.NS,HDFCLIFE.NS,SBILIFE.NS","ADANIGREEN.NS,ATGL.NS,HCLTECH.NS,INFY.NS,MPHASIS.NS,RELIANCE.NS,TCS.NS",BAJAJFINSV.NS:8.0%|HEROMOTOCO.NS:8.0%|HDFCLIFE.NS:8.0%|ULTRACEMCO.NS:8.0%|ACC.NS:8.0%,,,1.0,False,1.0,1.0,1.0,1.0,1.0,1.0,1.0,1.0,1.0,1.0,1.0,1.0,1.0,1.0,1.0
optimizer_only_2013_01_01_2026_04_17_20260421T171734Z,optimizer_only,2013-01-01,2026-04-17,2026-04-21T17:17:34Z,2023-04-13,RL,1139759.97,1134804.35,-0.435,126.961,13,52.45,81.26,3539.42,13,13,"BRITANNIA.NS,COFORGE.NS,HCLTECH.NS,ITC.NS,KPITTECH.NS,MARICO.NS,MPHASIS.NS,NAVINFLUOR.NS,PIIND.NS,SRF.NS,TATACONSUM.NS","ACC.NS,AIAENG.NS,ASHOKLEY.NS,BAJAJFINSV.NS,BAJFINANCE.NS,BHEL.NS,EICHERMOT.NS,GRASIM.NS,HDFCLIFE.NS,HEROMOTOCO.NS,SBILIFE.NS,TVSMOTOR.NS,ULTRACEMCO.NS",BHARTIARTL.NS:10.8%|INDUSTOWER.NS:7.6%|COFORGE.NS:2.7%|ITC.NS:2.7%|TATACONSUM.NS:2.7%,,,1.0,False,1.0,1.0,1.0,1.0,1.0,1.0,1.0,1.0,1.0,1.0,1.0,1.0,1.0,1.0,1.0
optimizer_only_2013_01_01_2026_04_17_20260421T171734Z,optimizer_only,2013-01-01,2026-04-17,2026-04-21T17:17:34Z,2023-05-11,RL,1169912.87,1167178.41,-0.234,133.436,15,36.4,40.65,1953.31,14,10,"ADANIGREEN.NS,ATGL.NS,AUBANK.NS,AXISBANK.NS,BANDHANBNK.NS,GODREJCP.NS,HDFCBANK.NS,HINDUNILVR.NS,MGL.NS,NESTLEIND.NS,RELIANCE.NS","COFORGE.NS,HCLTECH.NS,KPITTECH.NS,MARICO.NS,MPHASIS.NS,NAVINFLUOR.NS,PIIND.NS,SRF.NS,TATACONSUM.NS",BHARTIARTL.NS:9.4%|INDUSTOWER.NS:8.9%|ITC.NS:6.0%|BRITANNIA.NS:6.0%|ATGL.NS:4.2%,,,1.0,False,1.0,1.0,1.0,1.0,1.0,1.0,1.0,1.0,1.0,1.0,1.0,1.0,1.0,1.0,1.0
optimizer_only_2013_01_01_2026_04_17_20260421T171734Z,optimizer_only,2013-01-01,2026-04-17,2026-04-21T17:17:34Z,2023-06-08,RL,1185791.24,1183474.6,-0.195,136.695,15,9.82,40.95,1654.96,9,10,"DEEPAKNTR.NS,NAVINFLUOR.NS,SRF.NS,TITAN.NS","AUBANK.NS,AXISBANK.NS,BANDHANBNK.NS,HDFCBANK.NS",INDUSTOWER.NS:8.0%|ADANIGREEN.NS:8.0%|TITAN.NS:8.0%|BHARTIARTL.NS:8.0%|SRF.NS:8.0%,,,1.0,False,1.0,1.0,1.0,1.0,1.0,1.0,1.0,1.0,1.0,1.0,1.0,1.0,1.0,1.0,1.0
optimizer_only_2013_01_01_2026_04_17_20260421T171734Z,optimizer_only,2013-01-01,2026-04-17,2026-04-21T17:17:34Z,2023-07-06,RL,1207649.06,1203280.6,-0.362,140.656,13,7.75,52.86,3120.34,13,10,"AIAENG.NS,AUBANK.NS,BANDHANBNK.NS,CHOLAFIN.NS,FLUOROCHEM.NS,ICICIBANK.NS,INDUSINDBK.NS,SIEMENS.NS","ADANIGREEN.NS,ATGL.NS,BRITANNIA.NS,GODREJCP.NS,HINDUNILVR.NS,ITC.NS,MGL.NS,NESTLEIND.NS,RELIANCE.NS,TITAN.NS",SRF.NS:11.2%|NAVINFLUOR.NS:11.2%|DEEPAKNTR.NS:11.2%|BHARTIARTL.NS:11.2%|INDUSTOWER.NS:11.2%,,,1.0,False,1.0,1.0,1.0,1.0,1.0,1.0,1.0,1.0,1.0,1.0,1.0,1.0,1.0,1.0,1.0
optimizer_only_2013_01_01_2026_04_17_20260421T171734Z,optimizer_only,2013-01-01,2026-04-17,2026-04-21T17:17:34Z,2023-08-03,RL,1203280.6,1183469.7,-1.646,136.694,15,13.53,66.04,3745.48,15,7,"ADANIGREEN.NS,ADANIPORTS.NS,BAJFINANCE.NS,BIOCON.NS,CIPLA.NS,DIVISLAB.NS,DRREDDY.NS,ONGC.NS,ZYDUSLIFE.NS","BHARTIARTL.NS,DEEPAKNTR.NS,FLUOROCHEM.NS,INDUSINDBK.NS,INDUSTOWER.NS,NAVINFLUOR.NS,SRF.NS",AIAENG.NS:11.9%|CHOLAFIN.NS:11.9%|ICICIBANK.NS:11.9%|BANDHANBNK.NS:10.7%|AUBANK.NS:9.1%,,,1.0,False,1.0,1.0,1.0,1.0,1.0,1.0,1.0,1.0,1.0,1.0,1.0,1.0,1.0,1.0,1.0
optimizer_only_2013_01_01_2026_04_17_20260421T171734Z,optimizer_only,2013-01-01,2026-04-17,2026-04-21T17:17:34Z,2023-08-31,RL,1204413.13,1200829.68,-0.298,140.166,16,11.77,43.24,2559.62,12,10,"ALKEM.NS,COALINDIA.NS,EICHERMOT.NS,HDFCBANK.NS,M&M.NS,NMDC.NS,SAIL.NS","ADANIGREEN.NS,AUBANK.NS,BAJFINANCE.NS,CHOLAFIN.NS,ONGC.NS,ZYDUSLIFE.NS",BANDHANBNK.NS:10.0%|ICICIBANK.NS:10.0%|AIAENG.NS:10.0%|DIVISLAB.NS:7.2%|CIPLA.NS:5.8%,,,1.0,False,1.0,1.0,1.0,1.0,1.0,1.0,1.0,1.0,1.0,1.0,1.0,1.0,1.0,1.0,1.0
optimizer_only_2013_01_01_2026_04_17_20260421T171734Z,optimizer_only,2013-01-01,2026-04-17,2026-04-21T17:17:34Z,2023-09-28,RL,1225432.88,1221296.45,-0.338,144.259,18,10.67,48.81,2954.6,17,10,"ABB.NS,BRIGADE.NS,DLF.NS,KPITTECH.NS,LTTS.NS,MPHASIS.NS,OBEROIRLTY.NS,PHOENIXLTD.NS,PRESTIGE.NS,TORNTPHARM.NS,ZYDUSLIFE.NS","BANDHANBNK.NS,BIOCON.NS,COALINDIA.NS,DRREDDY.NS,EICHERMOT.NS,HDFCBANK.NS,ICICIBANK.NS,M&M.NS,NMDC.NS",AIAENG.NS:11.5%|DIVISLAB.NS:10.7%|ALKEM.NS:9.1%|CIPLA.NS:8.3%|SAIL.NS:6.6%,,,1.0,False,1.0,1.0,1.0,1.0,1.0,1.0,1.0,1.0,1.0,1.0,1.0,1.0,1.0,1.0,1.0
optimizer_only_2013_01_01_2026_04_17_20260421T171734Z,optimizer_only,2013-01-01,2026-04-17,2026-04-21T17:17:34Z,2023-10-26,RL,1221296.45,1193570.63,-2.27,138.714,14,6.34,47.76,2716.81,13,11,"BIOCON.NS,DEEPAKNTR.NS,JSWSTEEL.NS,PIIND.NS,RELIANCE.NS,VEDL.NS","ADANIPORTS.NS,BRIGADE.NS,DIVISLAB.NS,DLF.NS,KPITTECH.NS,LTTS.NS,MPHASIS.NS,OBEROIRLTY.NS,PHOENIXLTD.NS,PRESTIGE.NS",AIAENG.NS:10.3%|ALKEM.NS:10.3%|CIPLA.NS:10.3%|SAIL.NS:9.5%|TORNTPHARM.NS:7.0%,,,1.0,False,1.0,1.0,1.0,1.0,1.0,1.0,1.0,1.0,1.0,1.0,1.0,1.0,1.0,1.0,1.0
optimizer_only_2013_01_01_2026_04_17_20260421T171734Z,optimizer_only,2013-01-01,2026-04-17,2026-04-21T17:17:34Z,2023-11-23,RL,1298458.92,1292137.49,-0.487,158.427,14,24.47,79.02,4515.14,14,12,"ADANIPORTS.NS,ASHOKLEY.NS,BHARTIARTL.NS,COFORGE.NS,HDFCAMC.NS,INDUSTOWER.NS,LICHSGFIN.NS,LTTS.NS,MPHASIS.NS,SONACOMS.NS,TATAELXSI.NS,TECHM.NS","ALKEM.NS,BIOCON.NS,CIPLA.NS,DEEPAKNTR.NS,JSWSTEEL.NS,PIIND.NS,RELIANCE.NS,SAIL.NS,SIEMENS.NS,TORNTPHARM.NS,VEDL.NS,ZYDUSLIFE.NS",AIAENG.NS:32.4%|ABB.NS:24.0%|TATAELXSI.NS:2.0%|LICHSGFIN.NS:2.0%|LTTS.NS:2.0%,,,1.0,False,1.0,1.0,1.0,1.0,1.0,1.0,1.0,1.0,1.0,1.0,1.0,1.0,1.0,1.0,1.0
optimizer_only_2013_01_01_2026_04_17_20260421T171734Z,optimizer_only,2013-01-01,2026-04-17,2026-04-21T17:17:34Z,2023-12-21,RL,1342158.88,1336265.05,-0.439,167.253,15,51.31,76.79,4209.61,15,14,"ALKEM.NS,BIOCON.NS,CIPLA.NS,DEEPAKNTR.NS,DMART.NS,HAVELLS.NS,LALPATHLAB.NS,LUPIN.NS,METROPOLIS.NS,NAVINFLUOR.NS,RAMCOCEM.NS,SRF.NS,TITAN.NS,ULTRACEMCO.NS,ZYDUSLIFE.NS","ABB.NS,ADANIPORTS.NS,AIAENG.NS,ASHOKLEY.NS,BHARTIARTL.NS,COFORGE.NS,HDFCAMC.NS,INDUSTOWER.NS,LICHSGFIN.NS,LTTS.NS,MPHASIS.NS,SONACOMS.NS,TATAELXSI.NS,TECHM.NS",NAVINFLUOR.NS:3.9%|LALPATHLAB.NS:3.9%|METROPOLIS.NS:3.9%|RAMCOCEM.NS:3.9%|TITAN.NS:3.9%,,,1.0,False,1.0,1.0,1.0,1.0,1.0,1.0,1.0,1.0,1.0,1.0,1.0,1.0,1.0,1.0,1.0
optimizer_only_2013_01_01_2026_04_17_20260421T171734Z,optimizer_only,2013-01-01,2026-04-17,2026-04-21T17:17:34Z,2024-01-18,RL,1340151.18,1336449.23,-0.276,167.29,14,42.67,43.75,2644.33,13,12,"ABB.NS,AUBANK.NS,BHARTIARTL.NS,BHEL.NS,CUMMINSIND.NS,LTTS.NS,MPHASIS.NS,NTPC.NS,SIEMENS.NS,TATAELXSI.NS","DEEPAKNTR.NS,DMART.NS,HAVELLS.NS,LALPATHLAB.NS,LUPIN.NS,METROPOLIS.NS,NAVINFLUOR.NS,RAMCOCEM.NS,SRF.NS,TITAN.NS,ULTRACEMCO.NS",ALKEM.NS:7.2%|CIPLA.NS:7.2%|ZYDUSLIFE.NS:4.7%|CUMMINSIND.NS:4.3%|NTPC.NS:4.3%,,,1.0,False,1.0,1.0,1.0,1.0,1.0,1.0,1.0,1.0,1.0,1.0,1.0,1.0,1.0,1.0,1.0
optimizer_only_2013_01_01_2026_04_17_20260421T171734Z,optimizer_only,2013-01-01,2026-04-17,2026-04-21T17:17:34Z,2024-02-15,RL,1384090.7,1379207.95,-0.353,175.842,14,44.93,52.34,3487.64,14,12,"ASIANPAINT.NS,BAJFINANCE.NS,BANDHANBNK.NS,HDFCBANK.NS,IDFCFIRSTB.NS,INDUSTOWER.NS,JINDALSTEL.NS,NAM-INDIA.NS,RELAXO.NS,SBIN.NS,TITAN.NS,VOLTAS.NS","ABB.NS,ALKEM.NS,BHEL.NS,BIOCON.NS,CIPLA.NS,CUMMINSIND.NS,LTTS.NS,MPHASIS.NS,NTPC.NS,SIEMENS.NS,TATAELXSI.NS,ZYDUSLIFE.NS",AUBANK.NS:8.3%|BHARTIARTL.NS:7.3%|TITAN.NS:3.8%|VOLTAS.NS:3.8%|NAM-INDIA.NS:3.8%,,,1.0,False,1.0,1.0,1.0,1.0,1.0,1.0,1.0,1.0,1.0,1.0,1.0,1.0,1.0,1.0,1.0
optimizer_only_2013_01_01_2026_04_17_20260421T171734Z,optimizer_only,2013-01-01,2026-04-17,2026-04-21T17:17:34Z,2024-03-14,RL,1379207.95,1373593.23,-0.407,174.719,14,42.75,45.38,3044.42,14,12,"ADANIPORTS.NS,AIAENG.NS,ALKEM.NS,AXISBANK.NS,BALKRISIND.NS,BHEL.NS,CIPLA.NS,DRREDDY.NS,ICICIBANK.NS,INDUSINDBK.NS,NTPC.NS,TVSMOTOR.NS","ASIANPAINT.NS,BAJFINANCE.NS,BANDHANBNK.NS,BHARTIARTL.NS,HDFCBANK.NS,INDUSTOWER.NS,JINDALSTEL.NS,NAM-INDIA.NS,RELAXO.NS,SBIN.NS,TITAN.NS,VOLTAS.NS",AUBANK.NS:10.9%|IDFCFIRSTB.NS:7.4%|BHEL.NS:4.2%|NTPC.NS:4.2%|TVSMOTOR.NS:4.2%,,,1.0,False,1.0,1.0,1.0,1.0,1.0,1.0,1.0,1.0,1.0,1.0,1.0,1.0,1.0,1.0,1.0
optimizer_only_2013_01_01_2026_04_17_20260421T171734Z,optimizer_only,2013-01-01,2026-04-17,2026-04-21T17:17:34Z,2024-04-12,RL,1416526.86,1413088.3,-0.243,182.618,14,26.66,42.17,2456.26,14,6,"ABB.NS,ASHOKLEY.NS,LICHSGFIN.NS,M&M.NS,NMDC.NS,TORNTPHARM.NS","AUBANK.NS,AXISBANK.NS,CIPLA.NS,ICICIBANK.NS,IDFCFIRSTB.NS,INDUSINDBK.NS",BHEL.NS:7.2%|TVSMOTOR.NS:7.2%|ADANIPORTS.NS:7.2%|AIAENG.NS:6.4%|DRREDDY.NS:5.8%,,,1.0,False,1.0,1.0,1.0,1.0,1.0,1.0,1.0,1.0,1.0,1.0,1.0,1.0,1.0,1.0,1.0
optimizer_only_2013_01_01_2026_04_17_20260421T171734Z,optimizer_only,2013-01-01,2026-04-17,2026-04-21T17:17:34Z,2024-05-09,RL,1419098.53,1414452.77,-0.327,182.891,15,25.82,47.29,3318.4,15,9,"BRIGADE.NS,CIPLA.NS,DLF.NS,FORTIS.NS,GODREJPROP.NS,HEROMOTOCO.NS,LALPATHLAB.NS,MARUTI.NS,METROPOLIS.NS,SUNPHARMA.NS","ABB.NS,ADANIPORTS.NS,AIAENG.NS,ASHOKLEY.NS,BHEL.NS,DRREDDY.NS,LICHSGFIN.NS,NMDC.NS,NTPC.NS",TVSMOTOR.NS:10.9%|TORNTPHARM.NS:9.0%|ALKEM.NS:8.0%|BALKRISIND.NS:7.8%|M&M.NS:4.7%,,,1.0,False,1.0,1.0,1.0,1.0,1.0,1.0,1.0,1.0,1.0,1.0,1.0,1.0,1.0,1.0,1.0
optimizer_only_2013_01_01_2026_04_17_20260421T171734Z,optimizer_only,2013-01-01,2026-04-17,2026-04-21T17:17:34Z,2024-06-06,RL,1538990.96,1532870.44,-0.398,206.574,15,39.67,64.9,4371.62,15,12,"ABB.NS,ADANIPORTS.NS,BHARTIARTL.NS,BHEL.NS,CUMMINSIND.NS,HINDALCO.NS,INDUSTOWER.NS,IOC.NS,JINDALSTEL.NS,PHOENIXLTD.NS,PRESTIGE.NS,SIEMENS.NS","ALKEM.NS,BALKRISIND.NS,CIPLA.NS,FORTIS.NS,HEROMOTOCO.NS,LALPATHLAB.NS,M&M.NS,MARUTI.NS,METROPOLIS.NS,SUNPHARMA.NS,TORNTPHARM.NS,TVSMOTOR.NS",DLF.NS:9.4%|BRIGADE.NS:8.6%|GODREJPROP.NS:7.7%|PRESTIGE.NS:3.4%|HINDALCO.NS:3.4%,,,1.0,False,1.0,1.0,1.0,1.0,1.0,1.0,1.0,1.0,1.0,1.0,1.0,1.0,1.0,1.0,1.0
optimizer_only_2013_01_01_2026_04_17_20260421T171734Z,optimizer_only,2013-01-01,2026-04-17,2026-04-21T17:17:34Z,2024-07-04,RL,1606687.92,1603654.44,-0.189,220.731,14,13.73,39.02,2167.05,10,8,"LT.NS,OBEROIRLTY.NS,RELIANCE.NS","ADANIPORTS.NS,HINDALCO.NS,IOC.NS,PHOENIXLTD.NS",BRIGADE.NS:8.6%|DLF.NS:8.1%|GODREJPROP.NS:7.7%|ABB.NS:7.6%|CUMMINSIND.NS:7.6%,,,1.0,False,1.0,1.0,1.0,1.0,1.0,1.0,1.0,1.0,1.0,1.0,1.0,1.0,1.0,1.0,1.0
optimizer_only_2013_01_01_2026_04_17_20260421T171734Z,optimizer_only,2013-01-01,2026-04-17,2026-04-21T17:17:34Z,2024-08-01,RL,1603654.44,1567764.52,-2.238,213.553,15,0.0,22.07,1188.19,9,8,"ADANIPORTS.NS,NMDC.NS,TATASTEEL.NS","JINDALSTEL.NS,LT.NS",DLF.NS:8.2%|SIEMENS.NS:8.1%|PRESTIGE.NS:8.1%|TATASTEEL.NS:8.1%|GODREJPROP.NS:7.8%,,,1.0,False,1.0,1.0,1.0,1.0,1.0,1.0,1.0,1.0,1.0,1.0,1.0,1.0,1.0,1.0,1.0
optimizer_only_2013_01_01_2026_04_17_20260421T171734Z,optimizer_only,2013-01-01,2026-04-17,2026-04-21T17:17:34Z,2024-08-29,RL,1567764.52,1520439.67,-3.019,204.088,15,0.0,75.17,5725.02,15,11,"BIOCON.NS,BRITANNIA.NS,CHOLAFIN.NS,COLPAL.NS,GLENMARK.NS,JINDALSTEL.NS,JSWSTEEL.NS,MARICO.NS,MUTHOOTFIN.NS,SAIL.NS,ZYDUSLIFE.NS","ABB.NS,ADANIPORTS.NS,BHEL.NS,BRIGADE.NS,CUMMINSIND.NS,DLF.NS,GODREJPROP.NS,OBEROIRLTY.NS,PRESTIGE.NS,RELIANCE.NS,SIEMENS.NS",TATASTEEL.NS:24.2%|BHARTIARTL.NS:23.3%|INDUSTOWER.NS:22.8%|NMDC.NS:5.1%|SAIL.NS:2.9%,,,1.0,False,1.0,1.0,1.0,1.0,1.0,1.0,1.0,1.0,1.0,1.0,1.0,1.0,1.0,1.0,1.0
optimizer_only_2013_01_01_2026_04_17_20260421T171734Z,optimizer_only,2013-01-01,2026-04-17,2026-04-21T17:17:34Z,2024-09-26,RL,1573481.37,1567153.56,-0.402,213.431,18,0.0,57.57,4519.86,17,12,"ASHOKLEY.NS,ATGL.NS,BAJAJ-AUTO.NS,DLF.NS,EICHERMOT.NS,GAIL.NS,GODREJPROP.NS,HEROMOTOCO.NS,LICHSGFIN.NS,NAM-INDIA.NS,ONGC.NS,PHOENIXLTD.NS,PRESTIGE.NS,SONACOMS.NS","BIOCON.NS,BRITANNIA.NS,COLPAL.NS,GLENMARK.NS,JINDALSTEL.NS,JSWSTEEL.NS,MARICO.NS,NMDC.NS,SAIL.NS,TATASTEEL.NS,ZYDUSLIFE.NS",BHARTIARTL.NS:20.5%|INDUSTOWER.NS:20.5%|PRESTIGE.NS:5.2%|PHOENIXLTD.NS:5.2%|BAJAJ-AUTO.NS:5.2%,,,1.0,False,1.0,1.0,1.0,1.0,1.0,1.0,1.0,1.0,1.0,1.0,1.0,1.0,1.0,1.0,1.0
optimizer_only_2013_01_01_2026_04_17_20260421T171734Z,optimizer_only,2013-01-01,2026-04-17,2026-04-21T17:17:34Z,2024-10-24,RL,1567153.56,1414088.58,-9.767,182.818,16,0.0,82.76,5865.01,16,13,"ABB.NS,ALKEM.NS,BHEL.NS,BIOCON.NS,BRIGADE.NS,COALINDIA.NS,GLENMARK.NS,JINDALSTEL.NS,NMDC.NS,TATASTEEL.NS,TORNTPHARM.NS","ASHOKLEY.NS,BAJAJ-AUTO.NS,BHARTIARTL.NS,CHOLAFIN.NS,DLF.NS,EICHERMOT.NS,HEROMOTOCO.NS,INDUSTOWER.NS,LICHSGFIN.NS,MUTHOOTFIN.NS,NAM-INDIA.NS,ONGC.NS,SONACOMS.NS",PRESTIGE.NS:21.5%|PHOENIXLTD.NS:21.5%|ATGL.NS:15.0%|GAIL.NS:9.8%|GLENMARK.NS:3.2%,,,1.0,False,1.0,1.0,1.0,1.0,1.0,1.0,1.0,1.0,1.0,1.0,1.0,1.0,1.0,1.0,1.0
optimizer_only_2013_01_01_2026_04_17_20260421T171734Z,optimizer_only,2013-01-01,2026-04-17,2026-04-21T17:17:34Z,2024-11-21,RL,1414088.58,1321020.72,-6.581,164.204,16,0.0,71.84,4752.08,16,10,"AIAENG.NS,CUMMINSIND.NS,HCLTECH.NS,ITC.NS,KPITTECH.NS,PERSISTENT.NS,RELIANCE.NS,SIEMENS.NS,TATAELXSI.NS,ZYDUSLIFE.NS","BRIGADE.NS,COALINDIA.NS,GAIL.NS,GLENMARK.NS,GODREJPROP.NS,JINDALSTEL.NS,NMDC.NS,PHOENIXLTD.NS,PRESTIGE.NS,TATASTEEL.NS",ATGL.NS:24.6%|BHEL.NS:11.6%|BIOCON.NS:10.4%|ALKEM.NS:9.8%|TORNTPHARM.NS:9.7%,,,1.0,False,1.0,1.0,1.0,1.0,1.0,1.0,1.0,1.0,1.0,1.0,1.0,1.0,1.0,1.0,1.0
optimizer_only_2013_01_01_2026_04_17_20260421T171734Z,optimizer_only,2013-01-01,2026-04-17,2026-04-21T17:17:34Z,2024-12-19,RL,1444998.66,1439234.53,-0.399,187.847,15,10.0,61.93,4117.13,14,12,"AUROPHARMA.NS,BAJAJFINSV.NS,BAJFINANCE.NS,BHARTIARTL.NS,CHOLAFIN.NS,FORTIS.NS,HDFCLIFE.NS,LUPIN.NS,METROPOLIS.NS,ONGC.NS","ABB.NS,AIAENG.NS,BHEL.NS,CUMMINSIND.NS,HCLTECH.NS,ITC.NS,KPITTECH.NS,PERSISTENT.NS,SIEMENS.NS,TATAELXSI.NS,TORNTPHARM.NS",ATGL.NS:14.5%|BIOCON.NS:14.5%|ALKEM.NS:14.5%|ZYDUSLIFE.NS:8.2%|RELIANCE.NS:6.5%,,,1.0,False,1.0,1.0,1.0,1.0,1.0,1.0,1.0,1.0,1.0,1.0,1.0,1.0,1.0,1.0,1.0
optimizer_only_2013_01_01_2026_04_17_20260421T171734Z,optimizer_only,2013-01-01,2026-04-17,2026-04-21T17:17:34Z,2025-01-16,RL,1453186.4,1447151.78,-0.415,189.43,13,23.1,66.1,4310.3,13,12,"ABB.NS,ASIANPAINT.NS,CUMMINSIND.NS,DMART.NS,JINDALSTEL.NS,JSWSTEEL.NS,PIDILITIND.NS,RELAXO.NS,SIEMENS.NS,ULTRACEMCO.NS","ALKEM.NS,AUROPHARMA.NS,BAJAJFINSV.NS,BAJFINANCE.NS,BHARTIARTL.NS,BIOCON.NS,CHOLAFIN.NS,FORTIS.NS,HDFCLIFE.NS,LUPIN.NS,METROPOLIS.NS,ZYDUSLIFE.NS",ATGL.NS:20.7%|RELIANCE.NS:17.6%|ONGC.NS:8.9%|RELAXO.NS:3.0%|ASIANPAINT.NS:3.0%,,,1.0,False,1.0,1.0,1.0,1.0,1.0,1.0,1.0,1.0,1.0,1.0,1.0,1.0,1.0,1.0,1.0
optimizer_only_2013_01_01_2026_04_17_20260421T171734Z,optimizer_only,2013-01-01,2026-04-17,2026-04-21T17:17:34Z,2025-02-13,RL,1447151.78,1370534.19,-5.294,174.107,14,36.88,61.23,3767.14,14,8,"AUROPHARMA.NS,BANDHANBNK.NS,BIOCON.NS,BRITANNIA.NS,COLPAL.NS,DABUR.NS,GLENMARK.NS,NESTLEIND.NS,ZYDUSLIFE.NS","ATGL.NS,JINDALSTEL.NS,JSWSTEEL.NS,ONGC.NS,PIDILITIND.NS,RELAXO.NS,RELIANCE.NS,ULTRACEMCO.NS",ABB.NS:8.0%|SIEMENS.NS:8.0%|CUMMINSIND.NS:5.6%|ASIANPAINT.NS:5.6%|DMART.NS:5.6%,,,1.0,False,1.0,1.0,1.0,1.0,1.0,1.0,1.0,1.0,1.0,1.0,1.0,1.0,1.0,1.0,1.0
optimizer_only_2013_01_01_2026_04_17_20260421T171734Z,optimizer_only,2013-01-01,2026-04-17,2026-04-21T17:17:34Z,2025-03-13,RL,1370534.19,1343625.52,-1.963,168.725,15,24.67,43.31,2481.3,13,9,"AIAENG.NS,ASHOKLEY.NS,BALKRISIND.NS,EICHERMOT.NS,HINDUNILVR.NS,M&M.NS,RELIANCE.NS,SONACOMS.NS","AUROPHARMA.NS,BANDHANBNK.NS,BIOCON.NS,CUMMINSIND.NS,GLENMARK.NS,NESTLEIND.NS,ZYDUSLIFE.NS",SIEMENS.NS:9.2%|ABB.NS:9.2%|DABUR.NS:6.7%|COLPAL.NS:6.6%|BRITANNIA.NS:6.2%,,,1.0,False,1.0,1.0,1.0,1.0,1.0,1.0,1.0,1.0,1.0,1.0,1.0,1.0,1.0,1.0,1.0
optimizer_only_2013_01_01_2026_04_17_20260421T171734Z,optimizer_only,2013-01-01,2026-04-17,2026-04-21T17:17:34Z,2025-04-11,RL,1348438.35,1344426.67,-0.298,168.885,16,21.76,44.0,2865.51,13,10,"ALKEM.NS,AUROPHARMA.NS,BIOCON.NS,GLENMARK.NS,HCLTECH.NS,LUPIN.NS,MPHASIS.NS,TATAELXSI.NS","ASIANPAINT.NS,BRITANNIA.NS,COLPAL.NS,DABUR.NS,DMART.NS,EICHERMOT.NS,HINDUNILVR.NS",RELIANCE.NS:7.5%|BALKRISIND.NS:7.5%|M&M.NS:7.5%|SONACOMS.NS:7.5%|SIEMENS.NS:6.8%,,,1.0,False,1.0,1.0,1.0,1.0,1.0,1.0,1.0,1.0,1.0,1.0,1.0,1.0,1.0,1.0,1.0
optimizer_only_2013_01_01_2026_04_17_20260421T171734Z,optimizer_only,2013-01-01,2026-04-17,2026-04-21T17:17:34Z,2025-05-08,RL,1455089.91,1448903.61,-0.425,189.781,13,58.61,80.11,4418.38,13,16,"ACC.NS,AMBUJACEM.NS,APOLLOHOSP.NS,BHARTIARTL.NS,FORTIS.NS,HDFCAMC.NS,HDFCBANK.NS,ICICIBANK.NS,INDUSTOWER.NS,KOTAKBANK.NS,LALPATHLAB.NS,LICHSGFIN.NS,NAM-INDIA.NS","ABB.NS,AIAENG.NS,ALKEM.NS,ASHOKLEY.NS,AUROPHARMA.NS,BALKRISIND.NS,BIOCON.NS,GLENMARK.NS,HCLTECH.NS,LUPIN.NS,M&M.NS,MPHASIS.NS,RELIANCE.NS,SIEMENS.NS,SONACOMS.NS,TATAELXSI.NS",FORTIS.NS:3.9%|LALPATHLAB.NS:3.9%|NAM-INDIA.NS:3.9%|AMBUJACEM.NS:3.9%|APOLLOHOSP.NS:3.9%,,,1.0,False,1.0,1.0,1.0,1.0,1.0,1.0,1.0,1.0,1.0,1.0,1.0,1.0,1.0,1.0,1.0
optimizer_only_2013_01_01_2026_04_17_20260421T171734Z,optimizer_only,2013-01-01,2026-04-17,2026-04-21T17:17:34Z,2025-06-05,RL,1483274.3,1480723.27,-0.172,196.145,16,26.42,40.0,1822.49,14,5,"COLPAL.NS,DABUR.NS,GRASIM.NS,HINDUNILVR.NS,MAXHEALTH.NS,SHREECEM.NS","HDFCBANK.NS,ICICIBANK.NS,KOTAKBANK.NS",LALPATHLAB.NS:6.9%|LICHSGFIN.NS:6.9%|FORTIS.NS:6.9%|ACC.NS:6.4%|AMBUJACEM.NS:6.1%,,,1.0,False,1.0,1.0,1.0,1.0,1.0,1.0,1.0,1.0,1.0,1.0,1.0,1.0,1.0,1.0,1.0
optimizer_only_2013_01_01_2026_04_17_20260421T171734Z,optimizer_only,2013-01-01,2026-04-17,2026-04-21T17:17:34Z,2025-07-03,RL,1524698.15,1521243.46,-0.227,204.249,15,9.82,40.4,2467.8,11,8,"BALKRISIND.NS,ITC.NS,ULTRACEMCO.NS","APOLLOHOSP.NS,FORTIS.NS,LALPATHLAB.NS,MAXHEALTH.NS",ULTRACEMCO.NS:8.0%|GRASIM.NS:8.0%|ACC.NS:8.0%|LICHSGFIN.NS:8.0%|BALKRISIND.NS:8.0%,,,1.0,False,1.0,1.0,1.0,1.0,1.0,1.0,1.0,1.0,1.0,1.0,1.0,1.0,1.0,1.0,1.0
optimizer_only_2013_01_01_2026_04_17_20260421T171734Z,optimizer_only,2013-01-01,2026-04-17,2026-04-21T17:17:34Z,2025-07-31,RL,1521243.46,1504794.4,-1.081,200.959,14,13.03,55.84,4091.16,14,9,"AARTIIND.NS,BAJAJ-AUTO.NS,DEEPAKNTR.NS,EICHERMOT.NS,FLUOROCHEM.NS,MAXHEALTH.NS,PIIND.NS,TVSMOTOR.NS","ACC.NS,AMBUJACEM.NS,COLPAL.NS,DABUR.NS,GRASIM.NS,HINDUNILVR.NS,ITC.NS,SHREECEM.NS,ULTRACEMCO.NS",LICHSGFIN.NS:12.1%|BALKRISIND.NS:12.1%|BHARTIARTL.NS:10.6%|INDUSTOWER.NS:9.3%|NAM-INDIA.NS:5.9%,,,1.0,False,1.0,1.0,1.0,1.0,1.0,1.0,1.0,1.0,1.0,1.0,1.0,1.0,1.0,1.0,1.0
optimizer_only_2013_01_01_2026_04_17_20260421T171734Z,optimizer_only,2013-01-01,2026-04-17,2026-04-21T17:17:34Z,2025-08-28,RL,1504794.4,1449590.3,-3.669,189.918,16,20.24,59.72,4086.59,16,10,"AUROPHARMA.NS,COALINDIA.NS,COFORGE.NS,INFY.NS,JINDALSTEL.NS,KPITTECH.NS,LTTS.NS,LUPIN.NS,NMDC.NS,SAIL.NS,TCS.NS,VEDL.NS","AARTIIND.NS,BAJAJ-AUTO.NS,BALKRISIND.NS,BHARTIARTL.NS,DEEPAKNTR.NS,EICHERMOT.NS,FLUOROCHEM.NS,INDUSTOWER.NS,PIIND.NS,TVSMOTOR.NS",LICHSGFIN.NS:16.2%|NAM-INDIA.NS:13.0%|MAXHEALTH.NS:9.9%|HDFCAMC.NS:8.9%|JINDALSTEL.NS:3.5%,,,1.0,False,1.0,1.0,1.0,1.0,1.0,1.0,1.0,1.0,1.0,1.0,1.0,1.0,1.0,1.0,1.0
optimizer_only_2013_01_01_2026_04_17_20260421T171734Z,optimizer_only,2013-01-01,2026-04-17,2026-04-21T17:17:34Z,2025-09-25,RL,1494676.9,1490645.87,-0.27,198.129,15,8.05,44.34,2879.43,12,10,"BRIGADE.NS,CHOLAFIN.NS,GODREJPROP.NS,LTIM.NS,MUTHOOTFIN.NS,SUNPHARMA.NS","COALINDIA.NS,INFY.NS,JINDALSTEL.NS,LUPIN.NS,NMDC.NS,SAIL.NS,VEDL.NS",MAXHEALTH.NS:9.2%|NAM-INDIA.NS:9.2%|LICHSGFIN.NS:9.2%|HDFCAMC.NS:8.9%|TCS.NS:7.4%,,,1.0,False,1.0,1.0,1.0,1.0,1.0,1.0,1.0,1.0,1.0,1.0,1.0,1.0,1.0,1.0,1.0
optimizer_only_2013_01_01_2026_04_17_20260421T171734Z,optimizer_only,2013-01-01,2026-04-17,2026-04-21T17:17:34Z,2025-10-23,RL,1560594.35,1553777.84,-0.437,210.756,15,15.7,66.53,4868.84,15,11,"BRITANNIA.NS,COLPAL.NS,DMART.NS,GLENMARK.NS,HAVELLS.NS,HINDUNILVR.NS,OBEROIRLTY.NS,PRESTIGE.NS,TATACONSUM.NS,TORNTPHARM.NS,VOLTAS.NS","CHOLAFIN.NS,COFORGE.NS,HDFCAMC.NS,KPITTECH.NS,LICHSGFIN.NS,LTIM.NS,LTTS.NS,MUTHOOTFIN.NS,NAM-INDIA.NS,SUNPHARMA.NS,TCS.NS",MAXHEALTH.NS:19.0%|GODREJPROP.NS:14.9%|BRIGADE.NS:14.2%|AUROPHARMA.NS:9.6%|HINDUNILVR.NS:2.9%,,,1.0,False,1.0,1.0,1.0,1.0,1.0,1.0,1.0,1.0,1.0,1.0,1.0,1.0,1.0,1.0,1.0
optimizer_only_2013_01_01_2026_04_17_20260421T171734Z,optimizer_only,2013-01-01,2026-04-17,2026-04-21T17:17:34Z,2025-11-20,RL,1553777.84,1514686.1,-2.516,202.937,14,13.73,47.16,3497.1,11,14,"APOLLOHOSP.NS,BALAMINES.NS,BHARTIARTL.NS,FLUOROCHEM.NS,FORTIS.NS,INDUSTOWER.NS,JINDALSTEL.NS,PIIND.NS,SAIL.NS,VEDL.NS","AUROPHARMA.NS,BRITANNIA.NS,COLPAL.NS,DMART.NS,GLENMARK.NS,HAVELLS.NS,HINDUNILVR.NS,PRESTIGE.NS,TATACONSUM.NS,TORNTPHARM.NS,VOLTAS.NS",MAXHEALTH.NS:12.2%|GODREJPROP.NS:12.2%|BRIGADE.NS:12.2%|OBEROIRLTY.NS:7.4%|SAIL.NS:5.0%,,,1.0,False,1.0,1.0,1.0,1.0,1.0,1.0,1.0,1.0,1.0,1.0,1.0,1.0,1.0,1.0,1.0
optimizer_only_2013_01_01_2026_04_17_20260421T171734Z,optimizer_only,2013-01-01,2026-04-17,2026-04-21T17:17:34Z,2025-12-18,RL,1514686.1,1440650.35,-4.888,188.13,15,16.26,46.35,3275.76,13,11,"ABB.NS,BAJAJFINSV.NS,BPCL.NS,DLF.NS,IOC.NS,LICHSGFIN.NS,LT.NS,MGL.NS,NAM-INDIA.NS,POWERGRID.NS","APOLLOHOSP.NS,BALAMINES.NS,FLUOROCHEM.NS,FORTIS.NS,JINDALSTEL.NS,MAXHEALTH.NS,PIIND.NS,SAIL.NS,VEDL.NS",GODREJPROP.NS:11.3%|OBEROIRLTY.NS:10.8%|BRIGADE.NS:10.2%|BHARTIARTL.NS:7.1%|INDUSTOWER.NS:7.1%,,,1.0,False,1.0,1.0,1.0,1.0,1.0,1.0,1.0,1.0,1.0,1.0,1.0,1.0,1.0,1.0,1.0
optimizer_only_2013_01_01_2026_04_17_20260421T171734Z,optimizer_only,2013-01-01,2026-04-17,2026-04-21T17:17:34Z,2026-01-15,RL,1440650.35,1408762.81,-2.213,181.753,13,51.9,83.72,4662.81,13,15,"ACC.NS,ALKEM.NS,BAJAJ-AUTO.NS,BANDHANBNK.NS,COALINDIA.NS,FEDERALBNK.NS,INDUSINDBK.NS,M&M.NS,MARUTI.NS,RAMCOCEM.NS,SAIL.NS,ULTRACEMCO.NS,ZYDUSLIFE.NS","ABB.NS,BAJAJFINSV.NS,BHARTIARTL.NS,BPCL.NS,BRIGADE.NS,DLF.NS,GODREJPROP.NS,INDUSTOWER.NS,IOC.NS,LICHSGFIN.NS,LT.NS,MGL.NS,NAM-INDIA.NS,OBEROIRLTY.NS,POWERGRID.NS",ALKEM.NS:4.3%|ZYDUSLIFE.NS:4.3%|FEDERALBNK.NS:4.3%|ACC.NS:4.3%|BAJAJ-AUTO.NS:4.3%,,,1.0,False,1.0,1.0,1.0,1.0,1.0,1.0,1.0,1.0,1.0,1.0,1.0,1.0,1.0,1.0,1.0
optimizer_only_2013_01_01_2026_04_17_20260421T171734Z,optimizer_only,2013-01-01,2026-04-17,2026-04-21T17:17:34Z,2026-02-12,RL,1436178.32,1432144.17,-0.281,186.429,14,47.86,41.69,2881.57,14,10,"ABB.NS,AUBANK.NS,BAJAJFINSV.NS,BHEL.NS,DLF.NS,GODREJPROP.NS,HDFCLIFE.NS,LT.NS,MUTHOOTFIN.NS,PRESTIGE.NS,SIEMENS.NS","ACC.NS,ALKEM.NS,BAJAJ-AUTO.NS,COALINDIA.NS,M&M.NS,MARUTI.NS,RAMCOCEM.NS,SAIL.NS,ULTRACEMCO.NS,ZYDUSLIFE.NS",FEDERALBNK.NS:7.5%|BANDHANBNK.NS:6.4%|SIEMENS.NS:3.7%|BHEL.NS:3.7%|DLF.NS:3.7%,,,1.0,False,1.0,1.0,1.0,1.0,1.0,1.0,1.0,1.0,1.0,1.0,1.0,1.0,1.0,1.0,1.0
optimizer_only_2013_01_01_2026_04_17_20260421T171734Z,optimizer_only,2013-01-01,2026-04-17,2026-04-21T17:17:34Z,2026-03-12,RL,1432144.17,1385000.01,-3.292,177.0,16,40.77,45.97,2888.53,16,9,"AARTIIND.NS,ACC.NS,EICHERMOT.NS,GRASIM.NS,HDFCAMC.NS,RAMCOCEM.NS,SBILIFE.NS,SHREECEM.NS,TVSMOTOR.NS,ULTRACEMCO.NS,VINATIORGA.NS","ABB.NS,AUBANK.NS,BANDHANBNK.NS,BHEL.NS,FEDERALBNK.NS,INDUSINDBK.NS,LT.NS,MUTHOOTFIN.NS,SIEMENS.NS",DLF.NS:6.9%|HDFCLIFE.NS:4.9%|GODREJPROP.NS:4.9%|PRESTIGE.NS:3.8%|ULTRACEMCO.NS:3.7%,,,1.0,False,1.0,1.0,1.0,1.0,1.0,1.0,1.0,1.0,1.0,1.0,1.0,1.0,1.0,1.0,1.0
