date,mode,pre_nav,post_nav,period_return_pct,cum_return_pct,n_stocks,cash_pct,turnover_pct,cost_inr,n_buys,n_sells,stocks_added,stocks_removed,top5_holdings,rl_overweight,rl_underweight,aggressiveness,emergency,tilt_Banking,tilt_RealEstate,tilt_Healthcare,tilt_Chemicals,tilt_Cement,tilt_Metals,tilt_FinancialServices,tilt_ConsumerDiscretionary,tilt_FMCG,tilt_CapitalGoods,tilt_IT,tilt_Energy,tilt_Telecom,tilt_Pharma,tilt_Automobiles
2015-01-01,RL,500000.0,498248.75,-0.35,-0.35,17,0.0,100.35,1251.25,17,0,"ASHOKLEY.NS,ASIANPAINT.NS,BAJAJFINSV.NS,DABUR.NS,HAVELLS.NS,ICICIBANK.NS,INDUSINDBK.NS,IOC.NS,JSWSTEEL.NS,LT.NS,MARICO.NS,SHREECEM.NS,TECHM.NS,TORNTPHARM.NS,VEDL.NS,WHIRLPOOL.NS,WIPRO.NS",,TECHM.NS:8.0%|SHREECEM.NS:8.0%|HAVELLS.NS:8.0%|JSWSTEEL.NS:8.0%|LT.NS:8.0%,CementĂ—1.4|BankingĂ—1.3|FinancialServicesĂ—1.3,MetalsĂ—0.8|EnergyĂ—0.8|RealEstateĂ—0.8,1.0,False,1.317,0.842,0.845,1.252,1.4,0.757,1.295,1.166,0.941,1.118,0.928,0.837,0.993,0.981,1.201
2015-01-29,RL,539276.75,538464.23,-0.151,7.693,17,0.0,24.4,580.34,7,13,"FEDERALBNK.NS,PIIND.NS,RELIANCE.NS","ASHOKLEY.NS,LT.NS,WIPRO.NS",TECHM.NS:8.0%|SHREECEM.NS:8.0%|HAVELLS.NS:8.0%|JSWSTEEL.NS:8.0%|BAJAJFINSV.NS:8.0%,ConsumerDiscretionaryĂ—1.5|BankingĂ—1.4|CementĂ—1.3,ITĂ—0.8|HealthcareĂ—0.9|PharmaĂ—0.9,1.0,False,1.353,0.942,0.856,1.179,1.287,0.9,1.163,1.478,0.953,1.173,0.826,0.875,0.909,0.868,1.111
2015-02-26,RL,538464.23,522606.76,-2.945,4.521,18,0.0,15.18,289.52,12,7,"MPHASIS.NS,PIDILITIND.NS",PIIND.NS,TECHM.NS:8.0%|MPHASIS.NS:8.0%|SHREECEM.NS:7.4%|JSWSTEEL.NS:7.4%|BAJAJFINSV.NS:7.4%,ConsumerDiscretionaryĂ—1.4|CementĂ—1.3|BankingĂ—1.3,TelecomĂ—0.8|EnergyĂ—0.8|MetalsĂ—0.8,1.0,False,1.266,1.202,0.913,1.261,1.268,0.845,1.07,1.368,0.979,1.242,0.899,0.835,0.802,0.88,1.02
2015-03-26,RL,539760.0,539283.54,-0.088,7.857,16,14.93,22.49,340.26,8,11,ABB.NS,"DABUR.NS,HAVELLS.NS,IOC.NS",TECHM.NS:8.2%|MPHASIS.NS:8.2%|JSWSTEEL.NS:7.6%|BAJAJFINSV.NS:7.6%|ASIANPAINT.NS:7.6%,ConsumerDiscretionaryĂ—1.5|ChemicalsĂ—1.3|FinancialServicesĂ—1.2,HealthcareĂ—0.7|EnergyĂ—0.9|RealEstateĂ—0.9,0.5,False,0.926,0.894,0.717,1.346,1.021,0.906,1.204,1.459,1.103,1.048,1.129,0.877,0.907,1.138,1.096
2015-04-23,RL,545542.8,544956.31,-0.108,8.991,15,6.23,19.44,418.96,9,8,EICHERMOT.NS,"TECHM.NS,VEDL.NS",INDUSINDBK.NS:8.0%|WHIRLPOOL.NS:8.0%|ABB.NS:8.0%|MPHASIS.NS:8.0%|JSWSTEEL.NS:7.4%,ChemicalsĂ—1.3|ConsumerDiscretionaryĂ—1.2|RealEstateĂ—1.2,ITĂ—0.8|EnergyĂ—0.9,1.2,False,1.072,1.164,1.086,1.322,0.989,0.933,1.014,1.224,0.969,1.104,0.801,0.881,0.968,1.02,0.957
2015-05-21,RL,561436.4,560710.86,-0.129,12.142,17,0.0,19.4,518.26,8,10,"CUMMINSIND.NS,HINDUNILVR.NS,SUNPHARMA.NS",INDUSINDBK.NS,HINDUNILVR.NS:8.0%|WHIRLPOOL.NS:7.9%|ABB.NS:7.9%|MPHASIS.NS:7.9%|JSWSTEEL.NS:7.3%,CementĂ—1.2|ChemicalsĂ—1.2|ConsumerDiscretionaryĂ—1.2,ITĂ—0.9|EnergyĂ—0.9,1.0,False,1.038,0.975,1.027,1.213,1.227,0.924,0.935,1.173,0.969,1.068,0.868,0.889,1.04,1.043,1.05
2015-06-18,RL,560710.86,556857.02,-0.687,11.371,17,0.0,20.65,565.11,10,10,"ITC.NS,ONGC.NS,SAIL.NS","CUMMINSIND.NS,ICICIBANK.NS,SHREECEM.NS",ITC.NS:8.0%|HINDUNILVR.NS:7.8%|WHIRLPOOL.NS:7.7%|ABB.NS:7.7%|MPHASIS.NS:7.7%,ChemicalsĂ—1.3|CapitalGoodsĂ—1.1|CementĂ—1.1,EnergyĂ—0.9,1.0,False,1.045,0.959,0.921,1.325,1.108,1.056,0.996,0.926,1.039,1.128,0.995,0.87,0.906,1.075,1.078
2015-07-16,RL,591453.41,590826.94,-0.106,18.165,17,0.0,17.46,447.45,7,12,"AUROPHARMA.NS,HINDALCO.NS","EICHERMOT.NS,RELIANCE.NS",ITC.NS:8.1%|ONGC.NS:8.0%|HINDUNILVR.NS:7.8%|WHIRLPOOL.NS:7.8%|ABB.NS:7.8%,CapitalGoodsĂ—1.2|PharmaĂ—1.2|AutomobilesĂ—1.1,TelecomĂ—0.9,1.2,False,1.084,0.91,0.933,1.043,0.987,0.993,1.087,1.033,1.008,1.203,0.911,1.061,0.855,1.167,1.137
2015-08-13,RL,590826.94,568278.42,-3.816,13.656,17,4.75,23.76,643.06,13,8,"EICHERMOT.NS,OBEROIRLTY.NS,POWERGRID.NS,VEDL.NS","ASIANPAINT.NS,BAJAJFINSV.NS,JSWSTEEL.NS,MARICO.NS",HINDALCO.NS:8.0%|ITC.NS:7.6%|ONGC.NS:7.6%|HINDUNILVR.NS:7.4%|WHIRLPOOL.NS:7.4%,CapitalGoodsĂ—1.1|HealthcareĂ—1.1,,1.0,False,1.027,0.993,1.102,0.99,0.993,1.051,1.046,1.047,1.03,1.147,0.963,0.91,0.968,0.916,1.087
2015-09-10,RL,568278.42,523558.97,-7.869,4.712,16,15.0,19.48,411.91,14,4,GAIL.NS,"EICHERMOT.NS,SUNPHARMA.NS",ITC.NS:7.9%|ONGC.NS:7.9%|HINDUNILVR.NS:7.7%|WHIRLPOOL.NS:7.7%|ABB.NS:7.7%,MetalsĂ—1.3|EnergyĂ—1.2|ChemicalsĂ—1.1,FMCGĂ—0.9,0.5,False,0.98,1.011,0.948,1.122,0.923,1.335,0.995,0.979,0.893,1.087,0.959,1.168,0.939,1.042,1.002
2015-10-08,RL,550863.24,550195.12,-0.121,10.039,16,9.9,19.57,477.2,5,14,"AMBUJACEM.NS,BPCL.NS,TATASTEEL.NS","AUROPHARMA.NS,FEDERALBNK.NS,ITC.NS",HINDUNILVR.NS:8.3%|WHIRLPOOL.NS:8.2%|ABB.NS:8.2%|MPHASIS.NS:8.2%|ONGC.NS:7.9%,EnergyĂ—1.3|PharmaĂ—1.2|MetalsĂ—1.2,,0.7,False,0.987,0.944,0.944,1.082,0.969,1.186,1.038,0.925,0.93,0.957,0.965,1.279,0.919,1.188,1.146
2015-11-05,RL,553247.88,552466.51,-0.141,10.493,18,10.0,19.78,558.13,14,6,"BHEL.NS,NESTLEIND.NS,TCS.NS,TECHM.NS","ABB.NS,MPHASIS.NS",HINDALCO.NS:8.0%|HINDUNILVR.NS:7.9%|WHIRLPOOL.NS:7.8%|ONGC.NS:7.5%|VEDL.NS:7.5%,MetalsĂ—1.3|PharmaĂ—1.3|AutomobilesĂ—1.2,TelecomĂ—0.8|ConsumerDiscretionaryĂ—0.9,0.7,False,1.007,0.945,0.98,1.107,0.952,1.313,0.969,0.879,0.931,1.09,0.984,1.115,0.818,1.289,1.167
2015-12-03,RL,552466.51,547226.93,-0.948,9.445,18,0.0,18.76,421.29,11,8,CUMMINSIND.NS,TECHM.NS,NESTLEIND.NS:8.0%|BHEL.NS:8.0%|HINDALCO.NS:8.0%|HINDUNILVR.NS:7.9%|WHIRLPOOL.NS:7.8%,FMCGĂ—1.2|ConsumerDiscretionaryĂ—1.2|FinancialServicesĂ—1.1,HealthcareĂ—0.9|RealEstateĂ—0.9,1.0,False,0.913,0.886,0.879,0.998,0.993,1.044,1.12,1.151,1.217,1.069,1.064,1.055,0.906,1.071,1.06
2015-12-31,RL,566599.65,566455.84,-0.025,13.291,16,0.0,5.87,102.71,6,12,,"TATASTEEL.NS,TORNTPHARM.NS",NESTLEIND.NS:8.1%|BHEL.NS:8.1%|HINDALCO.NS:8.1%|HINDUNILVR.NS:7.9%|WHIRLPOOL.NS:7.9%,ITĂ—1.2|CapitalGoodsĂ—1.1,RealEstateĂ—0.9|ChemicalsĂ—0.9,1.2,False,0.965,0.889,0.935,0.894,1.015,1.001,1.098,1.064,1.089,1.101,1.177,1.072,0.927,1.079,1.084
2016-01-28,RL,566455.84,510445.46,-9.888,2.089,16,10.0,8.53,192.21,12,4,,,NESTLEIND.NS:7.8%|BHEL.NS:7.8%|HINDALCO.NS:7.8%|HINDUNILVR.NS:7.7%|ONGC.NS:7.3%,MetalsĂ—1.3|AutomobilesĂ—1.2|RealEstateĂ—1.1,,0.7,False,1.069,1.125,0.976,0.929,1.099,1.317,0.935,0.963,0.963,1.048,1.02,1.008,0.902,0.912,1.153
2016-02-25,RL,510445.46,478039.59,-6.349,-4.392,16,14.96,27.65,621.16,12,8,"COLPAL.NS,MPHASIS.NS,SBIN.NS,WIPRO.NS","CUMMINSIND.NS,HINDUNILVR.NS,POWERGRID.NS,WHIRLPOOL.NS",ONGC.NS:8.1%|AMBUJACEM.NS:8.1%|NESTLEIND.NS:8.0%|BHEL.NS:8.0%|TCS.NS:8.0%,MetalsĂ—1.3|BankingĂ—1.2,PharmaĂ—0.9,0.5,False,1.203,1.03,0.957,0.954,0.955,1.312,0.918,1.035,0.909,1.096,1.066,1.084,0.974,0.87,1.099
2016-03-28,RL,542513.63,541774.59,-0.136,8.355,15,15.0,26.45,527.82,4,14,"BRITANNIA.NS,HCLTECH.NS","AMBUJACEM.NS,MPHASIS.NS,OBEROIRLTY.NS",NESTLEIND.NS:7.9%|TCS.NS:7.9%|ONGC.NS:7.9%|BHEL.NS:7.9%|HCLTECH.NS:7.9%,MetalsĂ—1.2|ITĂ—1.1|RealEstateĂ—1.1,,0.5,True,1.071,1.126,0.963,0.96,0.957,1.156,0.937,0.997,1.065,1.111,1.134,1.01,0.948,0.921,0.98
2016-04-21,RL,571124.46,570516.3,-0.106,14.103,15,5.09,21.04,434.46,6,11,"ADANIPORTS.NS,TECHM.NS","BPCL.NS,WIPRO.NS",ONGC.NS:8.0%|TCS.NS:8.0%|TECHM.NS:8.0%|COLPAL.NS:8.0%|ADANIPORTS.NS:8.0%,BankingĂ—1.2|CapitalGoodsĂ—1.2|PharmaĂ—1.2,,1.2,False,1.234,0.918,0.942,0.917,0.971,1.027,0.981,1.026,1.12,1.192,1.046,0.987,0.908,1.177,0.965
2016-05-19,RL,570516.3,539405.56,-5.453,7.881,16,0.0,36.53,808.23,15,4,"FEDERALBNK.NS,MPHASIS.NS,MUTHOOTFIN.NS,WIPRO.NS","HCLTECH.NS,NESTLEIND.NS,TCS.NS",PIDILITIND.NS:8.1%|SBIN.NS:8.1%|MUTHOOTFIN.NS:8.1%|MPHASIS.NS:8.0%|ONGC.NS:7.7%,AutomobilesĂ—1.1,FMCGĂ—0.9,1.2,False,1.09,0.988,0.988,1.046,1.047,0.989,1.045,1.014,0.882,1.002,1.051,1.062,0.944,0.979,1.101
2016-06-16,RL,646786.23,646099.88,-0.106,29.22,14,14.85,35.15,490.12,2,15,TITAN.NS,"HINDALCO.NS,TECHM.NS,VEDL.NS",MPHASIS.NS:8.4%|ONGC.NS:8.1%|COLPAL.NS:8.1%|ADANIPORTS.NS:8.1%|PIDILITIND.NS:7.9%,CapitalGoodsĂ—1.2|AutomobilesĂ—1.1,,0.5,False,1.037,1.001,0.964,1.024,0.984,0.98,1.016,1.002,0.9,1.188,1.017,1.011,0.96,0.996,1.133
2016-07-14,RL,678027.82,677039.73,-0.146,35.408,17,8.01,28.4,705.86,9,11,"BAJAJFINSV.NS,BPCL.NS,HCLTECH.NS,NMDC.NS,PETRONET.NS,SUNPHARMA.NS","BRITANNIA.NS,MPHASIS.NS,TITAN.NS",PIDILITIND.NS:8.0%|ADANIPORTS.NS:8.0%|HCLTECH.NS:8.0%|ONGC.NS:6.8%|COLPAL.NS:6.8%,CapitalGoodsĂ—1.3,,1.2,False,1.041,1.013,0.96,1.091,1.02,0.902,0.959,0.994,1.065,1.255,1.007,1.064,0.971,0.916,1.04
2016-08-11,RL,711060.99,709348.79,-0.241,41.87,17,7.54,32.83,1223.0,10,12,"BRIGADE.NS,DABUR.NS,ICICIBANK.NS,KOTAKBANK.NS,MPHASIS.NS","ADANIPORTS.NS,COLPAL.NS,GAIL.NS,MUTHOOTFIN.NS,SBIN.NS",WIPRO.NS:8.1%|ICICIBANK.NS:8.1%|SAIL.NS:8.1%|DABUR.NS:8.1%|PIDILITIND.NS:7.8%,ChemicalsĂ—1.2|CapitalGoodsĂ—1.1,PharmaĂ—0.9,1.2,False,0.994,0.944,1.024,1.242,0.982,0.959,0.957,1.039,0.994,1.145,1.034,1.035,0.967,0.896,1.093
2016-09-08,RL,744400.84,743368.68,-0.139,48.674,19,5.32,19.08,737.27,9,14,"ASIANPAINT.NS,AUROPHARMA.NS,BIOCON.NS,COALINDIA.NS,GRASIM.NS,RELIANCE.NS","BHEL.NS,MPHASIS.NS,PETRONET.NS,SUNPHARMA.NS",GRASIM.NS:8.0%|ASIANPAINT.NS:8.0%|WIPRO.NS:7.8%|ICICIBANK.NS:7.8%|SAIL.NS:7.8%,EnergyĂ—1.4,TelecomĂ—0.9,1.2,False,0.982,1.085,0.936,0.942,1.015,0.956,0.961,1.038,1.099,1.054,0.976,1.387,0.872,1.048,1.026
2016-10-06,RL,745681.89,744775.2,-0.122,48.955,22,0.0,19.93,647.68,12,12,"COFORGE.NS,DRREDDY.NS,NTPC.NS,PIIND.NS,TCS.NS","BIOCON.NS,FEDERALBNK.NS",ICICIBANK.NS:8.0%|WIPRO.NS:8.0%|ASIANPAINT.NS:7.6%|SAIL.NS:7.4%|DABUR.NS:7.4%,EnergyĂ—1.3|FMCGĂ—1.2|CapitalGoodsĂ—1.2,TelecomĂ—0.8|FinancialServicesĂ—0.8,1.2,False,1.125,1.0,0.915,1.08,1.007,0.909,0.849,1.035,1.224,1.161,0.997,1.272,0.845,1.075,0.995
2016-11-03,RL,744775.2,737130.13,-1.026,47.426,19,0.0,26.63,1034.82,13,12,"ACC.NS,MARICO.NS,OBEROIRLTY.NS","BAJAJFINSV.NS,BRIGADE.NS,DABUR.NS,HCLTECH.NS,KOTAKBANK.NS,NMDC.NS",ACC.NS:8.0%|COALINDIA.NS:8.0%|ICICIBANK.NS:8.0%|WIPRO.NS:8.0%|ASIANPAINT.NS:7.6%,EnergyĂ—1.3|RealEstateĂ—1.2|MetalsĂ—1.2,ITĂ—0.8|TelecomĂ—0.8,1.2,False,1.029,1.2,0.938,0.907,1.097,1.191,1.156,1.13,0.96,1.007,0.774,1.328,0.848,0.992,1.024
2016-12-01,RL,737130.13,717233.74,-2.699,43.447,18,0.0,24.45,893.8,15,7,"AMBUJACEM.NS,DEEPAKNTR.NS,INFY.NS","MARICO.NS,ONGC.NS,PIDILITIND.NS,TCS.NS",ACC.NS:8.1%|COALINDIA.NS:8.1%|WIPRO.NS:8.1%|INFY.NS:8.0%|AMBUJACEM.NS:8.0%,EnergyĂ—1.3|ConsumerDiscretionaryĂ—1.2|CementĂ—1.2,MetalsĂ—0.8|FinancialServicesĂ—0.8,1.0,False,1.08,0.922,0.994,1.045,1.163,0.836,0.841,1.2,1.161,0.993,0.945,1.28,0.925,1.035,1.123
2016-12-29,RL,722223.12,720670.35,-0.215,44.134,19,0.0,32.01,1109.12,14,10,"ASHOKLEY.NS,DIVISLAB.NS,HAVELLS.NS,NAVINFLUOR.NS,SHREECEM.NS,TITAN.NS","COALINDIA.NS,DRREDDY.NS,INFY.NS,NTPC.NS,RELIANCE.NS",ACC.NS:8.3%|WIPRO.NS:8.2%|AMBUJACEM.NS:8.1%|TITAN.NS:7.9%|ASHOKLEY.NS:7.9%,RealEstateĂ—1.4|AutomobilesĂ—1.2|FinancialServicesĂ—1.2,MetalsĂ—0.9,1.0,False,0.97,1.363,1.047,0.956,0.957,0.853,1.213,0.924,0.951,0.994,0.967,0.996,1.108,0.957,1.22
2017-01-27,RL,788929.74,787391.17,-0.195,57.478,19,0.48,31.08,1098.93,6,18,"ABB.NS,CUMMINSIND.NS,DABUR.NS,MARICO.NS,NESTLEIND.NS","AUROPHARMA.NS,BPCL.NS,HAVELLS.NS,ICICIBANK.NS,WIPRO.NS",ACC.NS:8.2%|AMBUJACEM.NS:8.1%|DIVISLAB.NS:8.0%|ABB.NS:8.0%|TITAN.NS:7.9%,EnergyĂ—1.3|CementĂ—1.2|AutomobilesĂ—1.1,MetalsĂ—0.8|PharmaĂ—0.9|ITĂ—0.9,1.2,False,1.033,0.988,1.076,1.141,1.172,0.812,1.118,1.107,0.931,0.963,0.895,1.277,0.988,0.889,1.145
2017-02-23,RL,811528.93,810417.44,-0.137,62.083,20,7.12,19.64,793.91,15,8,"AARTIIND.NS,HINDUNILVR.NS,RELIANCE.NS,ULTRACEMCO.NS","MARICO.NS,NESTLEIND.NS,TITAN.NS",ASIANPAINT.NS:8.0%|DIVISLAB.NS:8.0%|ABB.NS:8.0%|ACC.NS:7.5%|AMBUJACEM.NS:7.4%,EnergyĂ—1.4|FinancialServicesĂ—1.1|CementĂ—1.1,TelecomĂ—0.9|MetalsĂ—0.9,1.2,False,1.092,1.023,1.012,0.97,1.12,0.898,1.14,1.062,0.957,0.981,0.938,1.435,0.891,0.913,1.021
2017-03-23,RL,820529.04,819727.79,-0.098,63.946,22,0.0,16.03,572.36,12,12,"ALKEM.NS,CHOLAFIN.NS,PIDILITIND.NS,POWERGRID.NS","CUMMINSIND.NS,OBEROIRLTY.NS",COFORGE.NS:8.0%|AARTIIND.NS:7.9%|ASIANPAINT.NS:7.8%|DIVISLAB.NS:7.8%|ABB.NS:7.8%,EnergyĂ—1.4|CementĂ—1.1|AutomobilesĂ—1.1,,1.2,False,0.991,1.097,0.911,1.065,1.125,0.913,1.032,1.059,0.942,0.976,0.964,1.398,0.912,0.945,1.113
2017-04-20,RL,858038.74,857337.43,-0.082,71.467,22,0.0,12.7,500.92,6,18,"IDFCFIRSTB.NS,TECHM.NS","HINDUNILVR.NS,PIIND.NS",COFORGE.NS:8.0%|AARTIIND.NS:7.8%|ASIANPAINT.NS:7.8%|DIVISLAB.NS:7.8%|ABB.NS:7.8%,EnergyĂ—1.5|ChemicalsĂ—1.2|RealEstateĂ—1.2,ITĂ—0.9|HealthcareĂ—0.9,1.2,False,0.937,1.155,0.897,1.179,1.079,0.914,1.054,1.096,0.944,1.124,0.863,1.501,0.964,0.912,0.975
2017-05-18,RL,899629.89,898780.03,-0.094,79.756,22,0.0,12.2,607.04,9,15,"IOC.NS,LICHSGFIN.NS","POWERGRID.NS,RELIANCE.NS",IDFCFIRSTB.NS:8.0%|DIVISLAB.NS:8.0%|COFORGE.NS:7.6%|AARTIIND.NS:7.5%|ASIANPAINT.NS:7.4%,EnergyĂ—1.3|AutomobilesĂ—1.2|MetalsĂ—1.1,PharmaĂ—0.8|ITĂ—0.9,1.2,False,0.964,1.031,0.956,1.0,1.002,1.135,0.975,1.13,0.968,1.131,0.857,1.27,1.036,0.834,1.159
2017-06-15,RL,913349.45,912066.32,-0.14,82.413,22,0.0,19.5,916.55,14,10,"AUROPHARMA.NS,OBEROIRLTY.NS","ASHOKLEY.NS,COFORGE.NS",ALKEM.NS:8.0%|OBEROIRLTY.NS:8.0%|IDFCFIRSTB.NS:7.6%|DIVISLAB.NS:7.6%|AARTIIND.NS:7.1%,EnergyĂ—1.3,PharmaĂ—0.9,1.2,False,0.955,0.99,0.958,0.971,0.932,0.988,1.1,1.075,1.077,0.972,1.049,1.343,1.008,0.861,1.093
2017-07-13,RL,941889.17,941051.38,-0.089,88.21,21,0.0,12.44,598.41,7,17,"CUMMINSIND.NS,SUNPHARMA.NS","ABB.NS,ACC.NS,GRASIM.NS",TECHM.NS:8.0%|ALKEM.NS:7.9%|OBEROIRLTY.NS:7.9%|IDFCFIRSTB.NS:7.5%|DIVISLAB.NS:7.5%,TelecomĂ—1.2|EnergyĂ—1.1|CementĂ—1.1,HealthcareĂ—0.9,1.2,False,0.936,1.037,0.894,1.011,1.129,1.0,1.046,0.981,1.121,0.955,0.999,1.137,1.154,0.923,0.996
2017-08-10,RL,941051.38,903041.66,-4.039,80.608,21,0.0,18.39,745.22,18,5,"DRREDDY.NS,WHIRLPOOL.NS","AMBUJACEM.NS,DABUR.NS",TECHM.NS:7.7%|ALKEM.NS:7.6%|OBEROIRLTY.NS:7.6%|IDFCFIRSTB.NS:7.3%|DIVISLAB.NS:7.3%,EnergyĂ—1.4|AutomobilesĂ—1.2|MetalsĂ—1.1,PharmaĂ—0.9,1.0,False,0.973,0.951,0.915,0.935,1.027,1.121,1.072,1.058,1.048,0.974,0.978,1.409,0.973,0.851,1.165
2017-09-07,RL,999784.76,998523.36,-0.126,99.705,21,15.0,33.41,900.84,4,20,"BAJAJ-AUTO.NS,HAVELLS.NS,PERSISTENT.NS","AUROPHARMA.NS,DIVISLAB.NS,TECHM.NS",IDFCFIRSTB.NS:7.6%|DRREDDY.NS:7.5%|AARTIIND.NS:7.1%|ASIANPAINT.NS:7.1%|OBEROIRLTY.NS:6.4%,RealEstateĂ—1.2|EnergyĂ—1.2|AutomobilesĂ—1.1,PharmaĂ—0.9|ITĂ—0.9,0.5,False,0.977,1.24,1.001,1.025,1.022,1.021,0.959,1.035,1.055,0.96,0.9,1.236,0.938,0.886,1.127
2017-10-05,RL,1005097.73,1004140.7,-0.095,100.828,23,7.56,19.86,683.7,12,12,"NTPC.NS,ONGC.NS,SIEMENS.NS",IOC.NS,PERSISTENT.NS:8.0%|IDFCFIRSTB.NS:6.9%|DRREDDY.NS:6.8%|AARTIIND.NS:6.4%|ASIANPAINT.NS:6.4%,EnergyĂ—1.3|HealthcareĂ—1.1|PharmaĂ—1.1,ITĂ—0.9,1.2,False,0.954,1.027,1.116,1.1,0.957,0.989,0.99,1.038,0.952,1.011,0.899,1.251,0.973,1.112,0.958
2017-11-02,RL,1054921.44,1054150.26,-0.073,110.83,23,0.0,11.13,550.86,7,17,ITC.NS,SUNPHARMA.NS,DRREDDY.NS:8.0%|PERSISTENT.NS:8.0%|PIDILITIND.NS:7.3%|IDFCFIRSTB.NS:6.9%|AARTIIND.NS:6.4%,MetalsĂ—1.2|RealEstateĂ—1.2|ChemicalsĂ—1.1,ITĂ—0.9,1.2,False,0.963,1.166,0.961,1.102,1.075,1.175,1.027,1.007,0.945,0.959,0.899,1.096,0.95,1.089,0.953
2017-11-30,RL,1054150.26,1041337.04,-1.216,108.267,22,0.0,9.33,406.4,16,7,,CUMMINSIND.NS,ASIANPAINT.NS:8.0%|NTPC.NS:8.0%|AARTIIND.NS:8.0%|DRREDDY.NS:7.7%|PERSISTENT.NS:7.6%,ConsumerDiscretionaryĂ—1.3|RealEstateĂ—1.3|ChemicalsĂ—1.1,FMCGĂ—0.9,1.2,False,0.965,1.277,0.915,1.125,0.944,0.969,1.051,1.291,0.869,1.014,0.982,0.984,0.946,1.124,0.985
2017-12-28,RL,1096862.78,1096378.05,-0.044,119.276,22,0.0,9.32,346.2,7,15,,,ASIANPAINT.NS:8.1%|NTPC.NS:8.1%|AARTIIND.NS:8.1%|CHOLAFIN.NS:8.0%|DRREDDY.NS:7.7%,RealEstateĂ—1.3|AutomobilesĂ—1.2|FinancialServicesĂ—1.1,TelecomĂ—0.8,1.2,False,0.945,1.34,0.91,1.059,0.953,1.083,1.14,1.11,0.952,0.989,0.979,0.967,0.807,1.054,1.212
2018-01-25,RL,1132599.62,1130140.28,-0.217,126.028,23,0.0,31.17,1756.68,16,12,"ABB.NS,BAJAJFINSV.NS,BRIGADE.NS,MARICO.NS,NESTLEIND.NS,PIIND.NS","DRREDDY.NS,IDFCFIRSTB.NS,ONGC.NS,PERSISTENT.NS,SIEMENS.NS",NAVINFLUOR.NS:8.1%|MARICO.NS:8.1%|ULTRACEMCO.NS:8.1%|ASIANPAINT.NS:7.8%|NTPC.NS:7.8%,RealEstateĂ—1.4|ITĂ—1.3|ChemicalsĂ—1.2,HealthcareĂ—0.9|TelecomĂ—0.9,1.2,False,1.02,1.379,0.856,1.208,0.937,1.009,0.928,1.052,0.908,1.151,1.333,0.937,0.887,1.105,0.919
2018-02-22,RL,1130140.28,1088874.95,-3.651,117.775,22,0.0,10.49,431.54,17,7,MGL.NS,"HAVELLS.NS,SHREECEM.NS",NAVINFLUOR.NS:7.8%|MARICO.NS:7.8%|ULTRACEMCO.NS:7.8%|ASIANPAINT.NS:7.5%|NTPC.NS:7.5%,CementĂ—1.2|RealEstateĂ—1.1|FinancialServicesĂ—1.1,FMCGĂ—0.9,1.0,False,1.018,1.105,0.989,0.989,1.232,0.963,1.1,0.974,0.863,0.99,1.087,1.02,0.949,1.072,0.966
2018-03-22,RL,1125180.99,1124229.15,-0.085,124.846,23,0.0,15.0,679.86,13,12,"CUMMINSIND.NS,HAVELLS.NS,IOC.NS","NTPC.NS,PIIND.NS",NAVINFLUOR.NS:8.1%|ULTRACEMCO.NS:8.1%|ASIANPAINT.NS:7.8%|AARTIIND.NS:7.8%|CHOLAFIN.NS:7.7%,CementĂ—1.4|CapitalGoodsĂ—1.2,FMCGĂ—0.9,1.0,False,0.959,0.968,0.999,0.971,1.359,0.972,1.02,1.01,0.864,1.181,0.964,0.998,1.073,0.988,0.997
2018-04-19,RL,1164354.99,1163720.2,-0.055,132.744,22,0.0,6.08,453.42,9,14,,NESTLEIND.NS,CUMMINSIND.NS:8.0%|NAVINFLUOR.NS:7.9%|ULTRACEMCO.NS:7.9%|ASIANPAINT.NS:7.6%|AARTIIND.NS:7.6%,CementĂ—1.2|HealthcareĂ—1.1,,1.0,False,0.986,1.078,1.115,0.998,1.175,0.977,1.033,1.023,0.924,1.059,0.95,0.964,0.941,1.017,1.02
2018-05-17,RL,1168579.23,1167392.07,-0.102,133.478,22,0.0,14.6,848.0,12,12,"AMBUJACEM.NS,IDFCFIRSTB.NS","IOC.NS,PIDILITIND.NS",IDFCFIRSTB.NS:8.0%|CUMMINSIND.NS:7.8%|NAVINFLUOR.NS:7.6%|ULTRACEMCO.NS:7.6%|ASIANPAINT.NS:7.3%,ITĂ—1.2|HealthcareĂ—1.2|FMCGĂ—1.2,,1.0,False,0.958,1.01,1.241,0.962,1.09,0.913,0.964,1.008,1.168,0.967,1.25,0.972,0.935,1.032,0.929
2018-06-14,RL,1167392.07,1155575.5,-1.012,131.115,23,0.0,4.71,318.97,13,10,HCLTECH.NS,,IDFCFIRSTB.NS:7.9%|CUMMINSIND.NS:7.7%|NAVINFLUOR.NS:7.6%|ULTRACEMCO.NS:7.6%|ASIANPAINT.NS:7.3%,ITĂ—1.2|FMCGĂ—1.2|HealthcareĂ—1.1,,1.0,False,0.987,0.962,1.12,0.942,1.074,0.969,1.027,1.032,1.155,1.011,1.158,0.968,0.91,0.976,0.998
2018-07-12,RL,1155575.5,1151996.23,-0.31,130.399,23,0.0,16.51,1038.37,16,10,"COLPAL.NS,FEDERALBNK.NS,TVSMOTOR.NS","ASIANPAINT.NS,CUMMINSIND.NS,HAVELLS.NS",IDFCFIRSTB.NS:8.0%|TVSMOTOR.NS:8.0%|NAVINFLUOR.NS:7.7%|ULTRACEMCO.NS:7.7%|AARTIIND.NS:7.4%,ITĂ—1.2|CementĂ—1.1,,1.0,False,1.004,0.93,0.999,1.03,1.121,0.916,1.064,0.966,1.088,0.973,1.194,0.98,0.972,1.031,0.999
2018-08-09,RL,1226300.83,1225751.7,-0.045,145.15,24,0.0,8.21,392.18,9,16,"BIOCON.NS,CUMMINSIND.NS",BAJAJFINSV.NS,IDFCFIRSTB.NS:8.1%|TVSMOTOR.NS:8.0%|NAVINFLUOR.NS:7.7%|ULTRACEMCO.NS:7.7%|AARTIIND.NS:7.4%,ITĂ—1.3|FinancialServicesĂ—1.2|EnergyĂ—1.1,HealthcareĂ—0.9|CapitalGoodsĂ—0.9|TelecomĂ—0.9,1.0,False,1.131,0.901,0.862,1.059,0.989,1.062,1.2,1.104,1.048,0.894,1.3,1.144,0.896,1.053,0.907
2018-09-06,RL,1230244.73,1229542.64,-0.057,145.909,24,0.0,8.35,501.54,14,11,GAIL.NS,BAJAJ-AUTO.NS,FEDERALBNK.NS:8.0%|ALKEM.NS:8.0%|IDFCFIRSTB.NS:7.6%|TVSMOTOR.NS:7.6%|NAVINFLUOR.NS:7.3%,ITĂ—1.4|MetalsĂ—1.2|PharmaĂ—1.1,,1.2,False,0.993,0.931,0.999,0.959,1.071,1.184,0.977,0.952,1.063,0.948,1.369,0.933,0.932,1.139,0.963
2018-10-04,RL,1229542.64,1119492.63,-8.95,123.899,23,0.31,19.7,886.79,22,3,DLF.NS,"ABB.NS,ITC.NS",FEDERALBNK.NS:8.1%|ALKEM.NS:8.1%|LICHSGFIN.NS:8.1%|IDFCFIRSTB.NS:7.6%|TVSMOTOR.NS:7.6%,BankingĂ—1.2|ConsumerDiscretionaryĂ—1.1|AutomobilesĂ—1.1,,1.0,False,1.155,0.989,0.967,0.924,0.971,0.954,0.994,1.145,1.04,0.941,1.042,0.961,1.031,1.055,1.13
2018-11-01,RL,1249710.34,1248549.06,-0.093,149.71,20,14.86,33.15,829.28,7,16,,"CHOLAFIN.NS,DLF.NS,GAIL.NS",IDFCFIRSTB.NS:8.3%|TVSMOTOR.NS:8.3%|ULTRACEMCO.NS:7.9%|LICHSGFIN.NS:7.9%|ALKEM.NS:7.9%,RealEstateĂ—1.3|ConsumerDiscretionaryĂ—1.2|TelecomĂ—1.1,CapitalGoodsĂ—0.9,0.5,False,0.983,1.269,0.941,1.037,0.999,0.94,1.022,1.212,1.041,0.893,0.971,1.129,1.137,0.9,0.949
2018-11-29,RL,1312153.4,1310140.43,-0.153,162.028,19,8.0,26.34,1437.92,11,12,"ASHOKLEY.NS,ASIANPAINT.NS,GRASIM.NS","COLPAL.NS,CUMMINSIND.NS,HCLTECH.NS,LICHSGFIN.NS",GRASIM.NS:8.0%|WHIRLPOOL.NS:8.0%|TVSMOTOR.NS:8.0%|FEDERALBNK.NS:8.0%|ASHOKLEY.NS:8.0%,BankingĂ—1.3|ConsumerDiscretionaryĂ—1.3|CementĂ—1.2,ITĂ—0.8|MetalsĂ—0.9|HealthcareĂ—0.9,1.2,False,1.323,1.001,0.891,0.958,1.233,0.889,1.209,1.289,0.935,0.973,0.804,1.083,1.032,0.897,1.138
2018-12-27,RL,1318574.46,1313036.55,-0.42,162.607,15,12.34,59.46,3955.64,12,14,"DIVISLAB.NS,HINDALCO.NS,INDUSTOWER.NS,ITC.NS,LICHSGFIN.NS,TORNTPHARM.NS,VEDL.NS","ALKEM.NS,AMBUJACEM.NS,ASHOKLEY.NS,BRIGADE.NS,FEDERALBNK.NS,GRASIM.NS,IDFCFIRSTB.NS,MGL.NS,OBEROIRLTY.NS,TVSMOTOR.NS,ULTRACEMCO.NS",TORNTPHARM.NS:8.0%|VEDL.NS:8.0%|LICHSGFIN.NS:8.0%|ITC.NS:8.0%|HINDALCO.NS:8.0%,FinancialServicesĂ—2.0|PharmaĂ—2.0|MetalsĂ—2.0,ITĂ—0.3|BankingĂ—0.3|AutomobilesĂ—0.3,0.5,False,0.3,0.3,0.3,1.896,0.3,2.0,2.0,0.695,1.664,0.3,0.3,0.3,1.34,2.0,0.3
2019-01-24,RL,1333225.15,1331828.18,-0.105,166.366,15,25.0,20.95,997.7,9,8,"BAJFINANCE.NS,DMART.NS","HINDALCO.NS,WHIRLPOOL.NS",TORNTPHARM.NS:8.0%|VEDL.NS:8.0%|LICHSGFIN.NS:8.0%|ITC.NS:8.0%|NAVINFLUOR.NS:8.0%,FMCGĂ—2.0|PharmaĂ—2.0|MetalsĂ—2.0,ITĂ—0.3|BankingĂ—0.3|AutomobilesĂ—0.3,0.5,False,0.3,0.3,0.3,2.0,0.344,2.0,1.665,2.0,2.0,0.3,0.3,0.3,1.569,2.0,0.3
2019-02-21,RL,1331828.18,1292046.24,-2.987,158.409,18,5.01,44.65,2201.84,16,5,"BAJAJFINSV.NS,BHARTIARTL.NS,COLPAL.NS,GODREJCP.NS,HDFCLIFE.NS,HINDALCO.NS","ASIANPAINT.NS,DMART.NS,ITC.NS",INDUSTOWER.NS:8.0%|BAJAJFINSV.NS:8.0%|GODREJCP.NS:8.0%|TORNTPHARM.NS:7.9%|VEDL.NS:7.9%,FinancialServicesĂ—2.0|MetalsĂ—2.0|PharmaĂ—1.9,ITĂ—0.3|BankingĂ—0.3|AutomobilesĂ—0.3,0.5,False,0.3,0.3,0.3,1.029,0.3,2.0,2.0,0.3,1.281,0.3,0.3,0.3,1.101,1.922,0.3
2019-03-22,RL,1397607.04,1396219.62,-0.099,179.244,14,24.62,28.16,990.73,0,18,,"AARTIIND.NS,BIOCON.NS,HDFCLIFE.NS,HINDALCO.NS",INDUSTOWER.NS:8.1%|BAJAJFINSV.NS:8.1%|GODREJCP.NS:8.1%|TORNTPHARM.NS:8.0%|VEDL.NS:8.0%,PharmaĂ—2.0|MetalsĂ—2.0|ConsumerDiscretionaryĂ—2.0,ITĂ—0.3|BankingĂ—0.3|AutomobilesĂ—0.3,0.5,False,0.3,0.3,0.3,2.0,0.3,2.0,1.826,2.0,1.95,0.3,0.3,0.3,1.568,2.0,0.3
2019-04-18,RL,1414610.57,1414456.15,-0.011,182.891,14,29.67,0.8,110.3,7,7,,,VEDL.NS:8.0%|INDUSTOWER.NS:7.5%|BAJAJFINSV.NS:7.5%|GODREJCP.NS:7.5%|TORNTPHARM.NS:7.4%,FMCGĂ—2.0|PharmaĂ—2.0|MetalsĂ—2.0,ITĂ—0.3|BankingĂ—0.3|AutomobilesĂ—0.3,0.5,False,0.3,0.3,0.3,2.0,0.321,2.0,1.659,2.0,2.0,0.3,0.3,0.3,1.558,2.0,0.3
2019-05-16,RL,1414456.15,1354133.13,-4.265,170.827,17,5.02,37.22,1568.82,15,3,"ASIANPAINT.NS,BRITANNIA.NS,DMART.NS,SUNPHARMA.NS",GODREJCP.NS,COLPAL.NS:8.0%|TORNTPHARM.NS:8.0%|BAJAJFINSV.NS:8.0%|NAVINFLUOR.NS:8.0%|LICHSGFIN.NS:8.0%,FinancialServicesĂ—2.0|PharmaĂ—2.0|MetalsĂ—2.0,ITĂ—0.3|BankingĂ—0.3|AutomobilesĂ—0.3,0.5,False,0.3,0.3,0.3,2.0,0.3,2.0,2.0,1.324,1.763,0.3,0.3,0.3,1.462,2.0,0.3
2019-06-13,RL,1417103.43,1415724.15,-0.097,183.145,13,24.35,26.85,984.93,2,15,,"ASIANPAINT.NS,BAJFINANCE.NS,BRITANNIA.NS,DEEPAKNTR.NS",COLPAL.NS:8.2%|TORNTPHARM.NS:8.2%|BAJAJFINSV.NS:8.2%|LICHSGFIN.NS:8.2%|SAIL.NS:8.2%,PharmaĂ—2.0|MetalsĂ—2.0|ConsumerDiscretionaryĂ—2.0,ITĂ—0.3|BankingĂ—0.3|AutomobilesĂ—0.3,0.5,False,0.3,0.3,0.3,2.0,0.3,2.0,1.705,2.0,1.983,0.3,0.3,0.3,1.561,2.0,0.3
2019-07-11,RL,1415724.15,1380066.4,-2.519,176.013,15,5.03,36.81,1727.05,14,4,"AARTIIND.NS,ALKEM.NS,BRITANNIA.NS,CHOLAFIN.NS,HDFCLIFE.NS","DIVISLAB.NS,DMART.NS,LICHSGFIN.NS",HDFCLIFE.NS:8.1%|AARTIIND.NS:8.1%|SUNPHARMA.NS:8.1%|INDUSTOWER.NS:8.1%|COLPAL.NS:7.9%,FinancialServicesĂ—2.0|PharmaĂ—2.0|MetalsĂ—2.0,ITĂ—0.3|BankingĂ—0.3|AutomobilesĂ—0.3,0.5,False,0.3,0.3,0.3,1.369,0.3,2.0,2.0,0.3,1.446,0.3,0.3,0.3,1.176,2.0,0.3
2019-08-08,RL,1382957.82,1379430.62,-0.255,175.886,16,2.57,32.82,2519.43,13,7,"AUROPHARMA.NS,BIOCON.NS,GODREJCP.NS,JSWSTEEL.NS,SBILIFE.NS","COLPAL.NS,HDFCLIFE.NS,SUNPHARMA.NS,TORNTPHARM.NS",AARTIIND.NS:8.2%|INDUSTOWER.NS:8.2%|BAJAJFINSV.NS:8.0%|SAIL.NS:8.0%|AUROPHARMA.NS:8.0%,FinancialServicesĂ—2.0|PharmaĂ—2.0|MetalsĂ—2.0,ITĂ—0.3|BankingĂ—0.3|AutomobilesĂ—0.3,0.5,False,0.3,0.3,0.3,1.484,0.3,2.0,2.0,0.3,1.473,0.3,0.3,0.3,1.186,2.0,0.3
2019-09-05,RL,1379430.62,1356391.06,-1.67,171.278,17,2.52,11.4,826.28,9,10,"CIPLA.NS,HDFCLIFE.NS,NMDC.NS","AUROPHARMA.NS,JSWSTEEL.NS",AARTIIND.NS:8.2%|INDUSTOWER.NS:8.2%|SAIL.NS:8.0%|CIPLA.NS:8.0%|BRITANNIA.NS:8.0%,FinancialServicesĂ—2.0|MetalsĂ—2.0|PharmaĂ—1.7,ITĂ—0.3|BankingĂ—0.3|AutomobilesĂ—0.3,0.5,False,0.3,0.3,0.459,0.685,0.3,2.0,2.0,0.3,1.199,0.3,0.3,0.3,0.954,1.685,0.3
2019-10-03,RL,1381000.55,1378525.64,-0.179,175.705,19,0.85,24.75,1767.78,11,13,"COALINDIA.NS,DABUR.NS,HINDUNILVR.NS,JSWSTEEL.NS,LICHSGFIN.NS,PIDILITIND.NS,TATASTEEL.NS","BRITANNIA.NS,CHOLAFIN.NS,GODREJCP.NS,HDFCLIFE.NS,SAIL.NS",AARTIIND.NS:8.3%|INDUSTOWER.NS:8.3%|CIPLA.NS:8.0%|VEDL.NS:8.0%|NAVINFLUOR.NS:7.9%,FinancialServicesĂ—2.0|PharmaĂ—2.0|MetalsĂ—2.0,ITĂ—0.3|BankingĂ—0.3|AutomobilesĂ—0.3,0.5,False,0.3,0.3,0.3,1.804,0.3,2.0,2.0,0.418,1.619,0.3,0.3,0.3,1.296,2.0,0.3
2019-10-31,RL,1462178.06,1460546.86,-0.112,192.109,15,25.03,26.8,1164.86,3,16,,"CIPLA.NS,COALINDIA.NS,NMDC.NS,SBILIFE.NS",AARTIIND.NS:8.1%|INDUSTOWER.NS:8.1%|VEDL.NS:7.9%|MARICO.NS:7.8%|DABUR.NS:7.8%,PharmaĂ—2.0|MetalsĂ—2.0|ConsumerDiscretionaryĂ—2.0,ITĂ—0.3|BankingĂ—0.3|AutomobilesĂ—0.3,0.5,False,0.3,0.3,0.3,2.0,0.3,2.0,1.857,2.0,1.954,0.3,0.3,0.3,1.541,2.0,0.3
2019-11-28,RL,1543730.99,1542925.09,-0.052,208.585,14,25.11,5.71,575.62,7,9,TITAN.NS,"LICHSGFIN.NS,TATASTEEL.NS",MARICO.NS:8.0%|AARTIIND.NS:7.7%|INDUSTOWER.NS:7.7%|VEDL.NS:7.4%|DABUR.NS:7.4%,FMCGĂ—2.0|PharmaĂ—2.0|MetalsĂ—2.0,ITĂ—0.3|BankingĂ—0.3|AutomobilesĂ—0.3,0.5,False,0.3,0.3,0.3,2.0,0.558,2.0,1.484,2.0,2.0,0.3,0.3,0.3,1.539,2.0,0.3
2019-12-26,RL,1552352.4,1551354.54,-0.064,210.271,14,25.1,10.06,712.79,5,11,"ALKYLAMINE.NS,GODREJCP.NS","HINDUNILVR.NS,NAVINFLUOR.NS",MARICO.NS:7.6%|ALKYLAMINE.NS:7.6%|AARTIIND.NS:7.3%|INDUSTOWER.NS:7.3%|VEDL.NS:7.1%,PharmaĂ—2.0|MetalsĂ—2.0|ConsumerDiscretionaryĂ—2.0,ITĂ—0.3|BankingĂ—0.3|AutomobilesĂ—0.3,0.5,False,0.3,0.3,0.3,2.0,0.3,2.0,1.827,2.0,1.98,0.3,0.3,0.3,1.553,2.0,0.3
2020-01-23,RL,1613618.2,1611543.35,-0.129,222.309,15,25.0,18.34,1482.0,8,10,"BAJFINANCE.NS,BRITANNIA.NS,COALINDIA.NS,HINDUNILVR.NS","BIOCON.NS,DABUR.NS,GODREJCP.NS",BAJAJFINSV.NS:8.0%|MARICO.NS:7.6%|INDUSTOWER.NS:7.3%|VEDL.NS:7.0%|ALKYLAMINE.NS:5.6%,FMCGĂ—2.0|PharmaĂ—2.0|MetalsĂ—2.0,ITĂ—0.3|BankingĂ—0.3|AutomobilesĂ—0.3,0.5,False,0.3,0.3,0.3,2.0,0.405,2.0,1.591,2.0,2.0,0.3,0.3,0.3,1.527,2.0,0.3
2020-02-20,RL,1655999.41,1654749.65,-0.075,230.95,16,27.8,9.51,892.65,7,10,"GODREJCP.NS,NMDC.NS",HINDUNILVR.NS,BAJAJFINSV.NS:7.7%|MARICO.NS:7.3%|INDUSTOWER.NS:7.0%|VEDL.NS:6.8%|TITAN.NS:5.3%,FMCGĂ—2.0|PharmaĂ—2.0|MetalsĂ—2.0,ITĂ—0.3|BankingĂ—0.3|AutomobilesĂ—0.3,0.5,False,0.3,0.3,0.3,2.0,0.357,2.0,1.635,2.0,2.0,0.3,0.3,0.3,1.532,2.0,0.3
2020-03-19,RL,1654749.65,1288065.71,-22.159,157.613,16,17.08,49.28,2233.45,16,4,"AUROPHARMA.NS,CHOLAFIN.NS,CIPLA.NS,SBILIFE.NS","ALKEM.NS,NMDC.NS,PIDILITIND.NS,TITAN.NS",AUROPHARMA.NS:8.0%|BAJAJFINSV.NS:7.5%|MARICO.NS:7.2%|INDUSTOWER.NS:6.9%|VEDL.NS:6.6%,FinancialServicesĂ—2.0|MetalsĂ—2.0|PharmaĂ—1.6,ITĂ—0.3|BankingĂ—0.3|AutomobilesĂ—0.3,0.5,False,0.3,0.3,0.618,0.566,0.3,2.0,2.0,0.3,1.144,0.3,0.3,0.3,0.89,1.557,0.3
2020-04-16,RL,1655073.1,1652365.5,-0.164,230.473,17,15.0,46.45,1933.6,4,15,"BIOCON.NS,SAIL.NS,TORNTPHARM.NS","BAJFINANCE.NS,JSWSTEEL.NS",VEDL.NS:7.6%|INDUSTOWER.NS:7.6%|SBILIFE.NS:6.8%|COALINDIA.NS:6.4%|MARICO.NS:6.4%,FinancialServicesĂ—2.0|MetalsĂ—2.0|PharmaĂ—1.7,ITĂ—0.3|BankingĂ—0.3|AutomobilesĂ—0.3,0.5,True,0.3,0.3,0.496,0.643,0.3,2.0,2.0,0.3,1.176,0.3,0.3,0.3,0.945,1.658,0.3
2020-05-14,RL,1711878.19,1709691.29,-0.128,241.938,18,16.98,23.37,1562.22,8,12,"ALKEM.NS,COLPAL.NS,MUTHOOTFIN.NS","BRITANNIA.NS,CIPLA.NS",COALINDIA.NS:8.0%|COLPAL.NS:7.9%|ALKEM.NS:7.0%|VEDL.NS:5.9%|INDUSTOWER.NS:5.9%,FinancialServicesĂ—2.0|MetalsĂ—2.0|PharmaĂ—1.7,ITĂ—0.3|BankingĂ—0.3|AutomobilesĂ—0.3,0.5,False,0.3,0.3,0.372,0.743,0.3,2.0,2.0,0.3,1.215,0.3,0.3,0.3,0.989,1.728,0.3
2020-06-11,RL,1773518.85,1771827.08,-0.095,254.365,20,5.04,18.1,1208.55,9,12,"DEEPAKNTR.NS,HDFCLIFE.NS,PIIND.NS",SBILIFE.NS,BHARTIARTL.NS:8.1%|AARTIIND.NS:8.1%|INDUSTOWER.NS:8.1%|COALINDIA.NS:7.8%|COLPAL.NS:7.7%,FinancialServicesĂ—2.0|PharmaĂ—2.0|MetalsĂ—2.0,ITĂ—0.3|BankingĂ—0.3|AutomobilesĂ—0.3,0.5,False,0.3,0.3,0.3,1.328,0.3,2.0,2.0,0.3,1.399,0.3,0.3,0.3,1.175,2.0,0.3
2020-07-09,RL,1889004.45,1887325.41,-0.089,277.465,17,25.08,22.55,1199.02,3,18,VOLTAS.NS,"ALKYLAMINE.NS,AUROPHARMA.NS,CHOLAFIN.NS,VEDL.NS",BHARTIARTL.NS:7.8%|AARTIIND.NS:7.8%|INDUSTOWER.NS:7.8%|COALINDIA.NS:7.5%|ALKEM.NS:6.6%,FMCGĂ—2.0|PharmaĂ—2.0|MetalsĂ—2.0,ITĂ—0.3|BankingĂ—0.3|AutomobilesĂ—0.3,0.5,False,0.3,0.3,0.3,2.0,0.657,2.0,1.388,2.0,2.0,0.3,0.3,0.3,1.531,2.0,0.3
2020-08-06,RL,1953841.74,1952539.51,-0.067,290.508,14,29.67,9.92,930.12,7,11,ASIANPAINT.NS,"BAJAJFINSV.NS,DEEPAKNTR.NS,PIIND.NS,VOLTAS.NS",ALKEM.NS:8.0%|COALINDIA.NS:8.0%|HDFCLIFE.NS:7.5%|BHARTIARTL.NS:7.3%|INDUSTOWER.NS:7.3%,FMCGĂ—2.0|PharmaĂ—2.0|MetalsĂ—2.0,ITĂ—0.3|BankingĂ—0.3|AutomobilesĂ—0.3,0.5,False,0.3,0.3,0.3,2.0,0.599,2.0,1.436,2.0,2.0,0.3,0.3,0.3,1.519,2.0,0.3
2020-09-03,RL,1973927.86,1973087.96,-0.043,294.618,14,29.97,5.41,599.94,7,8,SBILIFE.NS,ASIANPAINT.NS,ALKEM.NS:7.7%|COALINDIA.NS:7.7%|HDFCLIFE.NS:7.3%|BHARTIARTL.NS:7.1%|INDUSTOWER.NS:7.1%,FMCGĂ—2.0|PharmaĂ—2.0|MetalsĂ—2.0,ITĂ—0.3|BankingĂ—0.3|AutomobilesĂ—0.3,0.5,False,0.3,0.3,0.3,2.0,0.468,2.0,1.55,2.0,2.0,0.3,0.3,0.3,1.556,2.0,0.3
2020-10-01,RL,1973087.96,1893962.85,-4.01,278.793,18,5.04,36.72,2239.72,16,4,"ASIANPAINT.NS,BAJFINANCE.NS,DMART.NS,NESTLEIND.NS,NMDC.NS,PIDILITIND.NS","GODREJCP.NS,MUTHOOTFIN.NS",DMART.NS:8.1%|MARICO.NS:8.1%|ALKEM.NS:7.7%|COALINDIA.NS:7.7%|HDFCLIFE.NS:7.2%,FinancialServicesĂ—2.0|PharmaĂ—2.0|MetalsĂ—2.0,ITĂ—0.3|BankingĂ—0.3|AutomobilesĂ—0.3,0.5,False,0.3,0.3,0.3,2.0,0.3,2.0,2.0,1.03,1.778,0.3,0.3,0.3,1.372,2.0,0.3
2020-10-29,RL,1900906.67,1899838.41,-0.056,279.968,18,12.0,13.18,762.89,4,15,GODREJCP.NS,COLPAL.NS,MARICO.NS:7.8%|ALKEM.NS:7.5%|COALINDIA.NS:7.5%|DMART.NS:7.0%|HDFCLIFE.NS:7.0%,FinancialServicesĂ—2.0|PharmaĂ—2.0|MetalsĂ—2.0,ITĂ—0.3|BankingĂ—0.3|AutomobilesĂ—0.3,0.5,False,0.3,0.3,0.3,2.0,0.3,2.0,2.0,1.518,1.82,0.3,0.3,0.3,1.477,2.0,0.3
2020-11-26,RL,2044926.93,2043542.53,-0.068,308.709,16,24.91,17.92,988.58,2,16,,"AARTIIND.NS,BAJFINANCE.NS",MARICO.NS:7.8%|ALKEM.NS:7.4%|COALINDIA.NS:7.4%|DMART.NS:7.0%|HDFCLIFE.NS:7.0%,FMCGĂ—2.0|PharmaĂ—2.0|MetalsĂ—2.0,ITĂ—0.3|BankingĂ—0.3|AutomobilesĂ—0.3,0.5,False,0.3,0.3,0.3,2.0,0.373,2.0,1.625,2.0,2.0,0.3,0.3,0.3,1.555,2.0,0.3
2020-12-24,RL,2167754.29,2162699.78,-0.233,332.54,20,5.0,42.77,3610.64,11,13,"AARTIIND.NS,COLPAL.NS,DIVISLAB.NS,HAVELLS.NS,HINDALCO.NS,JSWSTEEL.NS,NAVINFLUOR.NS,TITAN.NS","ALKEM.NS,COALINDIA.NS,DMART.NS,SAIL.NS",HAVELLS.NS:8.0%|HINDALCO.NS:8.0%|DIVISLAB.NS:8.0%|BHARTIARTL.NS:7.7%|MARICO.NS:7.2%,FMCGĂ—2.0|PharmaĂ—2.0|MetalsĂ—2.0,ITĂ—0.3|BankingĂ—0.3|AutomobilesĂ—0.3,0.5,False,0.3,0.3,0.3,0.522,2.0,2.0,0.621,1.599,2.0,0.3,0.3,0.3,1.225,2.0,0.3
2021-01-21,RL,2246655.77,2242969.04,-0.164,348.594,19,5.09,23.01,2633.4,12,11,"DABUR.NS,DMART.NS,MUTHOOTFIN.NS","GODREJCP.NS,HAVELLS.NS,MARICO.NS,SBILIFE.NS",COLPAL.NS:8.1%|BHARTIARTL.NS:8.1%|DMART.NS:7.8%|HINDALCO.NS:7.7%|DIVISLAB.NS:7.7%,FMCGĂ—2.0|PharmaĂ—2.0|MetalsĂ—2.0,ITĂ—0.3|BankingĂ—0.3|AutomobilesĂ—0.3,0.5,False,0.3,0.3,0.3,0.521,2.0,2.0,0.617,1.631,2.0,0.3,0.3,0.3,1.213,2.0,0.3
2021-02-18,RL,2315289.68,2312924.4,-0.102,362.585,18,5.0,13.41,1689.49,10,11,"ALKEM.NS,HINDUNILVR.NS","DMART.NS,MUTHOOTFIN.NS,NESTLEIND.NS",ASIANPAINT.NS:8.0%|COLPAL.NS:7.8%|BHARTIARTL.NS:7.8%|HINDALCO.NS:7.4%|DIVISLAB.NS:7.4%,FMCGĂ—2.0|PharmaĂ—2.0|MetalsĂ—2.0,ITĂ—0.3|BankingĂ—0.3|AutomobilesĂ—0.3,0.5,False,0.3,0.3,0.3,0.512,2.0,2.0,0.639,1.439,2.0,0.3,0.3,0.3,1.213,2.0,0.3
2021-03-18,RL,2312924.4,2257821.01,-2.382,351.564,8,0.0,72.69,7770.8,8,13,"BAJFINANCE.NS,DRREDDY.NS,LICHSGFIN.NS","AARTIIND.NS,ALKEM.NS,ASIANPAINT.NS,COLPAL.NS,DABUR.NS,HDFCLIFE.NS,HINDALCO.NS,HINDUNILVR.NS,JSWSTEEL.NS,NMDC.NS,PIDILITIND.NS,TITAN.NS,TORNTPHARM.NS",NAVINFLUOR.NS:13.9%|BAJFINANCE.NS:13.9%|LICHSGFIN.NS:13.9%|INDUSTOWER.NS:13.9%|BHARTIARTL.NS:13.9%,MetalsĂ—2.0|PharmaĂ—1.2|TelecomĂ—1.2,BankingĂ—0.3|FMCGĂ—0.3|AutomobilesĂ—0.3,0.5,False,0.3,0.3,0.3,0.626,0.3,2.0,0.718,0.3,0.3,0.3,0.33,0.3,1.2,1.236,0.3
2021-04-15,RL,2400103.96,2393010.25,-0.296,378.602,8,0.0,46.86,5066.83,6,5,"HDFCLIFE.NS,SBILIFE.NS,VEDL.NS","BIOCON.NS,DRREDDY.NS,NAVINFLUOR.NS",VEDL.NS:16.2%|DIVISLAB.NS:16.2%|BHARTIARTL.NS:16.2%|INDUSTOWER.NS:16.2%|LICHSGFIN.NS:8.8%,MetalsĂ—2.0,BankingĂ—0.3|FMCGĂ—0.3|AutomobilesĂ—0.3,0.5,False,0.3,0.3,0.3,0.809,0.3,2.0,0.612,0.3,0.3,0.3,0.305,0.3,1.099,0.586,0.3
2021-05-14,RL,2553655.94,2546125.9,-0.295,409.225,8,0.0,40.07,5378.58,6,5,"ALKEM.NS,CHOLAFIN.NS,MUTHOOTFIN.NS","BAJFINANCE.NS,DIVISLAB.NS,VEDL.NS",ALKEM.NS:19.3%|INDUSTOWER.NS:19.3%|BHARTIARTL.NS:19.3%|SBILIFE.NS:8.4%|HDFCLIFE.NS:8.4%,MetalsĂ—2.0,ITĂ—0.3|BankingĂ—0.3|FMCGĂ—0.3,0.5,False,0.3,0.3,0.3,0.681,0.3,2.0,0.634,0.3,0.3,0.3,0.3,0.3,1.018,0.963,0.3
2021-06-10,RL,2698064.63,2688088.25,-0.37,437.618,18,5.0,54.68,7125.89,12,8,"AARTIIND.NS,AUROPHARMA.NS,BRITANNIA.NS,DEEPAKNTR.NS,HINDUNILVR.NS,NAVINFLUOR.NS,NESTLEIND.NS,NMDC.NS,PIIND.NS,SHREECEM.NS,TORNTPHARM.NS,VEDL.NS","CHOLAFIN.NS,LICHSGFIN.NS",BHARTIARTL.NS:8.0%|INDUSTOWER.NS:8.0%|ALKEM.NS:8.0%|NMDC.NS:8.0%|TORNTPHARM.NS:8.0%,MetalsĂ—2.0|CementĂ—2.0|PharmaĂ—1.7,ITĂ—0.3|BankingĂ—0.3|AutomobilesĂ—0.3,0.5,False,0.3,0.3,0.3,0.546,2.0,2.0,0.638,0.3,0.53,0.3,0.3,0.3,0.976,1.694,0.3
2021-07-08,RL,2694225.01,2690421.69,-0.141,438.084,19,5.09,21.42,2716.75,12,10,"ACC.NS,ALKYLAMINE.NS,CIPLA.NS,ULTRACEMCO.NS","BRITANNIA.NS,HINDUNILVR.NS,NESTLEIND.NS",VEDL.NS:8.1%|BHARTIARTL.NS:7.7%|INDUSTOWER.NS:7.7%|ALKEM.NS:7.7%|NMDC.NS:7.7%,MetalsĂ—2.0|PharmaĂ—1.4,ITĂ—0.3|BankingĂ—0.3|FMCGĂ—0.3,0.5,False,0.3,0.3,0.3,0.677,0.924,2.0,0.614,0.3,0.3,0.3,0.3,0.3,0.981,1.367,0.3
2021-08-05,RL,2838468.32,2834946.63,-0.124,466.989,20,0.0,16.54,2515.49,9,14,"BRITANNIA.NS,COLPAL.NS,DABUR.NS,HINDUNILVR.NS","ACC.NS,MUTHOOTFIN.NS,SHREECEM.NS",VEDL.NS:8.1%|HINDUNILVR.NS:8.0%|BHARTIARTL.NS:7.7%|INDUSTOWER.NS:7.7%|ALKEM.NS:7.7%,PharmaĂ—2.0|MetalsĂ—2.0|CementĂ—2.0,ITĂ—0.3|BankingĂ—0.3|AutomobilesĂ—0.3,0.5,False,0.3,0.3,0.3,0.486,2.0,2.0,0.593,0.92,1.969,0.3,0.3,0.3,1.002,2.0,0.3
2021-09-02,RL,2991899.88,2987878.75,-0.134,497.576,20,0.0,17.95,2872.22,7,16,"MARICO.NS,PIDILITIND.NS,SUNPHARMA.NS","ALKEM.NS,AUROPHARMA.NS,COLPAL.NS",PIDILITIND.NS:8.0%|VEDL.NS:7.7%|HINDUNILVR.NS:7.5%|BHARTIARTL.NS:7.3%|INDUSTOWER.NS:7.3%,FMCGĂ—2.0|PharmaĂ—2.0|MetalsĂ—2.0,ITĂ—0.3|BankingĂ—0.3|AutomobilesĂ—0.3,0.5,False,0.3,0.3,0.3,0.488,2.0,2.0,0.577,1.227,2.0,0.3,0.3,0.3,1.038,2.0,0.3
2021-09-30,RL,3016584.68,3015333.57,-0.041,503.067,21,1.0,4.85,893.72,15,7,"AUROPHARMA.NS,NESTLEIND.NS",CIPLA.NS,SBILIFE.NS:8.0%|PIDILITIND.NS:7.6%|VEDL.NS:7.3%|HINDUNILVR.NS:7.1%|BHARTIARTL.NS:6.9%,FMCGĂ—2.0|PharmaĂ—2.0|MetalsĂ—2.0,ITĂ—0.3|BankingĂ—0.3|AutomobilesĂ—0.3,0.5,False,0.3,0.3,0.3,0.472,2.0,2.0,0.669,1.06,2.0,0.3,0.3,0.3,1.16,2.0,0.3
2021-10-28,RL,3015333.57,2879163.89,-4.516,475.833,8,0.0,74.81,10349.82,8,16,"ALKEM.NS,DIVISLAB.NS,SAIL.NS","AARTIIND.NS,AUROPHARMA.NS,BRITANNIA.NS,DABUR.NS,DEEPAKNTR.NS,HINDUNILVR.NS,MARICO.NS,NAVINFLUOR.NS,NESTLEIND.NS,NMDC.NS,PIDILITIND.NS,PIIND.NS,SUNPHARMA.NS,TORNTPHARM.NS,ULTRACEMCO.NS,VEDL.NS",ALKYLAMINE.NS:12.5%|HDFCLIFE.NS:12.5%|SBILIFE.NS:12.5%|SAIL.NS:12.5%|DIVISLAB.NS:12.5%,MetalsĂ—2.0|TelecomĂ—1.3|PharmaĂ—1.2,BankingĂ—0.3|FMCGĂ—0.3|AutomobilesĂ—0.3,0.5,False,0.3,0.3,0.3,0.694,0.3,2.0,0.721,0.3,0.3,0.3,0.366,0.3,1.283,1.153,0.3
2021-11-25,RL,2989325.36,2981684.58,-0.256,496.337,17,0.0,42.93,5457.62,9,8,"AARTIIND.NS,AMBUJACEM.NS,BAJFINANCE.NS,BIOCON.NS,DEEPAKNTR.NS,HINDALCO.NS,MUTHOOTFIN.NS,TATASTEEL.NS,ULTRACEMCO.NS",,BHARTIARTL.NS:8.0%|SBILIFE.NS:8.0%|HDFCLIFE.NS:8.0%|ALKYLAMINE.NS:8.0%|ALKEM.NS:8.0%,MetalsĂ—2.0|PharmaĂ—1.4|TelecomĂ—1.2,ITĂ—0.3|BankingĂ—0.3|FMCGĂ—0.3,0.5,False,0.3,0.3,0.3,0.604,0.816,2.0,0.733,0.3,0.3,0.3,0.3,0.3,1.164,1.353,0.3
2021-12-23,RL,2981684.58,2867070.42,-3.844,473.414,8,0.0,70.99,9641.65,8,11,"FORTIS.NS,JSWSTEEL.NS","AARTIIND.NS,ALKEM.NS,AMBUJACEM.NS,BHARTIARTL.NS,BIOCON.NS,DEEPAKNTR.NS,DIVISLAB.NS,HINDALCO.NS,INDUSTOWER.NS,MUTHOOTFIN.NS,ULTRACEMCO.NS",ALKYLAMINE.NS:15.7%|FORTIS.NS:15.7%|SBILIFE.NS:11.4%|BAJFINANCE.NS:11.4%|HDFCLIFE.NS:11.4%,MetalsĂ—2.0|HealthcareĂ—1.5|TelecomĂ—1.1,ITĂ—0.3|BankingĂ—0.3|FMCGĂ—0.3,0.5,False,0.3,0.3,1.531,0.806,0.3,2.0,0.682,0.3,0.3,0.3,0.3,0.3,1.124,0.3,0.3
2022-01-20,RL,3142620.82,3133512.29,-0.29,526.702,8,0.0,48.91,6505.9,5,6,"BAJAJFINSV.NS,BHARTIARTL.NS,METROPOLIS.NS","ALKYLAMINE.NS,BAJFINANCE.NS,SAIL.NS",METROPOLIS.NS:13.9%|FORTIS.NS:13.9%|TATASTEEL.NS:13.9%|JSWSTEEL.NS:13.9%|BHARTIARTL.NS:13.9%,MetalsĂ—2.0|TelecomĂ—1.2,BankingĂ—0.3|FMCGĂ—0.3|AutomobilesĂ—0.3,0.5,False,0.3,0.3,0.642,0.829,0.3,2.0,0.645,0.3,0.3,0.3,0.365,0.3,1.2,0.314,0.3
2022-02-17,RL,3133512.29,2894655.99,-7.623,478.931,8,0.0,52.19,6688.5,6,5,"APOLLOHOSP.NS,BAJFINANCE.NS,SAIL.NS","BHARTIARTL.NS,FORTIS.NS,HDFCLIFE.NS",METROPOLIS.NS:15.7%|APOLLOHOSP.NS:15.7%|SBILIFE.NS:11.4%|BAJFINANCE.NS:11.4%|BAJAJFINSV.NS:11.4%,MetalsĂ—2.0|HealthcareĂ—1.5|TelecomĂ—1.2,BankingĂ—0.3|FMCGĂ—0.3|AutomobilesĂ—0.3,0.5,False,0.3,0.3,1.512,0.793,0.3,2.0,0.712,0.3,0.3,0.3,0.324,0.3,1.162,0.3,0.3
2022-03-17,RL,3225375.34,3214447.67,-0.339,542.89,8,15.8,68.39,7804.92,5,7,"ALKYLAMINE.NS,HDFCLIFE.NS,MAXHEALTH.NS,NMDC.NS","APOLLOHOSP.NS,BAJAJFINSV.NS,BAJFINANCE.NS,SAIL.NS",HDFCLIFE.NS:12.8%|SBILIFE.NS:12.8%|METROPOLIS.NS:12.8%|MAXHEALTH.NS:12.8%|JSWSTEEL.NS:9.3%,MetalsĂ—2.0|TelecomĂ—1.2,BankingĂ—0.3|FMCGĂ—0.3|AutomobilesĂ—0.3,0.5,False,0.3,0.3,0.953,0.781,0.3,2.0,0.699,0.3,0.3,0.3,0.396,0.3,1.243,0.3,0.3
2022-04-18,RL,3463782.69,3452438.81,-0.327,590.488,18,4.96,52.3,8103.04,13,7,"BHARTIARTL.NS,CHOLAFIN.NS,CIPLA.NS,COFORGE.NS,INDUSTOWER.NS,MPHASIS.NS,NAVINFLUOR.NS,PERSISTENT.NS,SUNPHARMA.NS,TECHM.NS,TORNTPHARM.NS,WIPRO.NS","MAXHEALTH.NS,METROPOLIS.NS",TATASTEEL.NS:8.3%|JSWSTEEL.NS:8.3%|HDFCLIFE.NS:7.9%|SBILIFE.NS:7.9%|BHARTIARTL.NS:7.9%,MetalsĂ—2.0|TelecomĂ—1.3,BankingĂ—0.3|FMCGĂ—0.3|AutomobilesĂ—0.3,0.5,False,0.3,0.3,0.3,0.79,0.3,2.0,0.671,0.3,0.3,0.3,0.419,0.3,1.264,0.478,0.3
2022-05-12,RL,3452438.81,3142294.19,-8.983,528.459,16,16.52,37.46,5676.15,15,9,"AARTIIND.NS,APOLLOHOSP.NS,LICHSGFIN.NS,MAXHEALTH.NS,METROPOLIS.NS,PIIND.NS","CIPLA.NS,COFORGE.NS,MPHASIS.NS,PERSISTENT.NS,SUNPHARMA.NS,TECHM.NS,TORNTPHARM.NS,WIPRO.NS",METROPOLIS.NS:8.0%|BHARTIARTL.NS:8.0%|APOLLOHOSP.NS:8.0%|SBILIFE.NS:8.0%|INDUSTOWER.NS:8.0%,MetalsĂ—2.0|HealthcareĂ—1.7|TelecomĂ—1.2,BankingĂ—0.3|FMCGĂ—0.3|AutomobilesĂ—0.3,0.5,False,0.3,0.3,1.73,0.753,0.3,2.0,0.777,0.3,0.3,0.3,0.303,0.3,1.186,0.3,0.3
2022-06-09,RL,3142294.19,3096427.14,-1.46,519.285,8,0.0,68.87,10246.09,7,12,"BAJAJFINSV.NS,MUTHOOTFIN.NS,VEDL.NS","AARTIIND.NS,APOLLOHOSP.NS,BHARTIARTL.NS,INDUSTOWER.NS,LICHSGFIN.NS,MAXHEALTH.NS,NAVINFLUOR.NS,NMDC.NS,PIIND.NS,SBILIFE.NS,TATASTEEL.NS",ALKYLAMINE.NS:16.2%|METROPOLIS.NS:16.2%|JSWSTEEL.NS:16.2%|VEDL.NS:16.2%|HDFCLIFE.NS:8.8%,MetalsĂ—2.0|TelecomĂ—1.2,BankingĂ—0.3|FMCGĂ—0.3|AutomobilesĂ—0.3,0.5,False,0.3,0.3,0.913,0.802,0.3,2.0,0.687,0.3,0.3,0.3,0.387,0.3,1.246,0.3,0.3
2022-07-07,RL,3096427.14,2910750.19,-5.996,482.15,8,0.0,29.24,4009.54,5,5,"APOLLOHOSP.NS,SBILIFE.NS","HDFCLIFE.NS,MUTHOOTFIN.NS",ALKYLAMINE.NS:13.9%|METROPOLIS.NS:13.9%|APOLLOHOSP.NS:13.9%|VEDL.NS:13.9%|JSWSTEEL.NS:13.9%,MetalsĂ—2.0|HealthcareĂ—2.0|TelecomĂ—1.1,ITĂ—0.3|BankingĂ—0.3|FMCGĂ—0.3,0.5,False,0.3,0.3,2.0,0.783,0.3,2.0,0.759,0.3,0.3,0.3,0.3,0.3,1.107,0.3,0.3
2022-08-04,RL,3615567.6,3601467.89,-0.39,620.294,16,10.0,75.75,10070.51,11,8,"AARTIIND.NS,ACC.NS,ALKEM.NS,AMBUJACEM.NS,BHARTIARTL.NS,DRREDDY.NS,HINDALCO.NS,INDUSTOWER.NS,MUTHOOTFIN.NS,TORNTPHARM.NS,ULTRACEMCO.NS","APOLLOHOSP.NS,CHOLAFIN.NS,METROPOLIS.NS",VEDL.NS:7.6%|SBILIFE.NS:7.6%|ALKYLAMINE.NS:7.6%|BAJAJFINSV.NS:7.6%|JSWSTEEL.NS:7.6%,MetalsĂ—2.0|CementĂ—2.0|PharmaĂ—1.7,ITĂ—0.3|BankingĂ—0.3|AutomobilesĂ—0.3,0.5,False,0.3,0.3,0.3,0.591,2.0,2.0,0.63,0.3,0.305,0.3,0.3,0.3,0.948,1.71,0.3
2022-09-01,RL,3669200.22,3661849.55,-0.2,632.37,21,5.0,38.32,5251.0,14,9,"AUROPHARMA.NS,BRITANNIA.NS,DABUR.NS,HINDUNILVR.NS,MARICO.NS,NMDC.NS,SUNPHARMA.NS","DRREDDY.NS,TORNTPHARM.NS",AUROPHARMA.NS:8.0%|ULTRACEMCO.NS:8.0%|ACC.NS:8.0%|VEDL.NS:6.1%|SBILIFE.NS:6.1%,MetalsĂ—2.0|CementĂ—2.0|PharmaĂ—2.0,ITĂ—0.3|BankingĂ—0.3|AutomobilesĂ—0.3,0.5,False,0.3,0.3,0.3,0.484,2.0,2.0,0.666,0.3,0.893,0.3,0.3,0.3,1.078,1.987,0.3
2022-09-29,RL,3661849.55,3607845.52,-1.475,621.569,19,12.0,14.21,2380.76,10,13,"COLPAL.NS,WHIRLPOOL.NS","ALKEM.NS,AMBUJACEM.NS,BRITANNIA.NS,HINDUNILVR.NS",AUROPHARMA.NS:7.6%|ULTRACEMCO.NS:7.6%|ACC.NS:7.6%|COLPAL.NS:7.5%|VEDL.NS:5.8%,PharmaĂ—2.0|MetalsĂ—2.0|CementĂ—2.0,ITĂ—0.3|BankingĂ—0.3|AutomobilesĂ—0.3,0.5,False,0.3,0.3,0.3,0.432,2.0,2.0,0.631,0.588,1.476,0.3,0.3,0.3,1.078,2.0,0.3
2022-10-27,RL,3701820.74,3687449.97,-0.388,637.49,8,0.0,60.76,10265.05,8,13,"BIOCON.NS,CIPLA.NS","AARTIIND.NS,ACC.NS,ALKYLAMINE.NS,COLPAL.NS,DABUR.NS,HINDALCO.NS,INDUSTOWER.NS,MARICO.NS,MUTHOOTFIN.NS,NMDC.NS,SUNPHARMA.NS,ULTRACEMCO.NS,WHIRLPOOL.NS",SBILIFE.NS:13.9%|BAJAJFINSV.NS:13.9%|VEDL.NS:13.9%|JSWSTEEL.NS:13.9%|BHARTIARTL.NS:13.9%,MetalsĂ—2.0|TelecomĂ—1.2,BankingĂ—0.3|FMCGĂ—0.3|AutomobilesĂ—0.3,0.5,False,0.3,0.3,0.3,0.649,0.3,2.0,0.666,0.3,0.3,0.3,0.355,0.3,1.223,0.948,0.3
2022-11-24,RL,3701006.82,3692389.22,-0.233,638.478,8,0.0,32.53,6155.47,5,5,"BAJFINANCE.NS,COALINDIA.NS","BIOCON.NS,SBILIFE.NS",BAJAJFINSV.NS:13.9%|BAJFINANCE.NS:13.9%|CIPLA.NS:13.9%|AUROPHARMA.NS:13.9%|BHARTIARTL.NS:13.9%,MetalsĂ—2.0|TelecomĂ—1.2,BankingĂ—0.3|FMCGĂ—0.3|AutomobilesĂ—0.3,0.5,False,0.3,0.3,0.3,0.716,0.3,2.0,0.667,0.3,0.3,0.3,0.378,0.3,1.231,0.758,0.3
2022-12-22,RL,3692389.22,3612559.7,-2.162,622.512,5,0.0,81.95,14577.91,5,6,"NMDC.NS,NTPC.NS,SIEMENS.NS","AUROPHARMA.NS,BAJAJFINSV.NS,BAJFINANCE.NS,BHARTIARTL.NS,CIPLA.NS,VEDL.NS",SIEMENS.NS:23.9%|NTPC.NS:23.9%|JSWSTEEL.NS:17.4%|NMDC.NS:17.4%|COALINDIA.NS:17.4%,MetalsĂ—2.0|CapitalGoodsĂ—2.0|HealthcareĂ—1.3,ITĂ—0.3|BankingĂ—0.3|FinancialServicesĂ—0.3,0.5,False,0.3,0.3,1.265,0.3,0.3,2.0,0.3,0.3,0.3,2.0,0.3,0.3,0.3,0.3,0.3
2023-01-19,RL,3855379.04,3838740.1,-0.432,667.748,5,0.0,66.61,11884.79,5,3,"APOLLOHOSP.NS,FORTIS.NS,POWERGRID.NS","JSWSTEEL.NS,NTPC.NS,SIEMENS.NS",POWERGRID.NS:20.0%|APOLLOHOSP.NS:20.0%|FORTIS.NS:20.0%|COALINDIA.NS:20.0%|NMDC.NS:20.0%,MetalsĂ—2.0|CapitalGoodsĂ—2.0,ITĂ—0.3|BankingĂ—0.3|FinancialServicesĂ—0.3,0.5,False,0.3,0.3,0.518,0.3,0.3,2.0,0.3,0.3,0.3,2.0,0.3,0.3,0.3,0.3,0.3
2023-02-16,RL,3838740.1,3792620.12,-1.201,658.524,5,0.0,28.32,4825.11,3,3,JSWSTEEL.NS,APOLLOHOSP.NS,POWERGRID.NS:23.9%|FORTIS.NS:23.9%|NMDC.NS:17.4%|COALINDIA.NS:17.4%|JSWSTEEL.NS:17.4%,MetalsĂ—2.0|CapitalGoodsĂ—2.0,ITĂ—0.3|BankingĂ—0.3|FinancialServicesĂ—0.3,0.5,False,0.3,0.3,1.028,0.3,0.3,2.0,0.3,0.3,0.3,2.0,0.3,0.3,0.3,0.3,0.3
2023-03-16,RL,3824729.78,3813104.12,-0.304,662.621,5,0.0,42.82,8304.02,5,2,"BHEL.NS,SAIL.NS","COALINDIA.NS,POWERGRID.NS",BHEL.NS:23.9%|FORTIS.NS:23.9%|JSWSTEEL.NS:17.4%|NMDC.NS:17.4%|SAIL.NS:17.4%,MetalsĂ—2.0|CapitalGoodsĂ—2.0|HealthcareĂ—1.6,ITĂ—0.3|BankingĂ—0.3|FinancialServicesĂ—0.3,0.5,False,0.3,0.3,1.625,0.3,0.3,2.0,0.3,0.3,0.3,2.0,0.3,0.3,0.3,0.3,0.3
2023-04-13,RL,3813104.12,3781590.07,-0.826,656.318,5,0.0,42.44,8095.17,4,3,"APOLLOHOSP.NS,COALINDIA.NS","FORTIS.NS,SAIL.NS",BHEL.NS:23.9%|APOLLOHOSP.NS:23.9%|JSWSTEEL.NS:17.4%|NMDC.NS:17.4%|COALINDIA.NS:17.4%,MetalsĂ—2.0|CapitalGoodsĂ—2.0,ITĂ—0.3|BankingĂ—0.3|FinancialServicesĂ—0.3,0.5,False,0.3,0.3,1.096,0.3,0.3,2.0,0.3,0.3,0.3,2.0,0.3,0.3,0.3,0.3,0.3
2023-05-11,RL,3973613.61,3950935.88,-0.571,690.187,8,0.0,84.69,16198.24,6,5,"ADANIPORTS.NS,ALKEM.NS,AMBUJACEM.NS,SAIL.NS,TATASTEEL.NS,VEDL.NS","APOLLOHOSP.NS,BHEL.NS,COALINDIA.NS",ADANIPORTS.NS:19.3%|AMBUJACEM.NS:19.3%|ALKEM.NS:19.3%|JSWSTEEL.NS:8.4%|SAIL.NS:8.4%,PharmaĂ—2.0|MetalsĂ—2.0|CementĂ—2.0,ITĂ—0.3|BankingĂ—0.3|FinancialServicesĂ—0.3,0.5,False,0.3,0.3,0.3,0.3,2.0,2.0,0.3,0.3,0.3,1.089,0.3,0.3,0.3,2.0,0.3
2023-06-08,RL,4080180.37,4064641.77,-0.381,712.928,8,0.0,54.69,11099.03,6,6,"COALINDIA.NS,DRREDDY.NS,GRASIM.NS,TORNTPHARM.NS","ADANIPORTS.NS,JSWSTEEL.NS,TATASTEEL.NS,VEDL.NS",AMBUJACEM.NS:15.7%|GRASIM.NS:15.7%|NMDC.NS:11.4%|SAIL.NS:11.4%|COALINDIA.NS:11.4%,MetalsĂ—2.0|PharmaĂ—1.5|CapitalGoodsĂ—1.5,ITĂ—0.3|BankingĂ—0.3|FinancialServicesĂ—0.3,0.5,False,0.3,0.3,0.3,0.3,1.442,2.0,0.3,0.3,0.3,1.456,0.3,0.3,0.3,1.516,0.3
2023-07-06,RL,4178691.43,4165246.79,-0.322,733.049,17,2.82,47.1,9603.23,9,8,"ACC.NS,CUMMINSIND.NS,GODREJCP.NS,HINDUNILVR.NS,ITC.NS,MPHASIS.NS,POWERGRID.NS,TECHM.NS,WIPRO.NS",,AMBUJACEM.NS:8.1%|NMDC.NS:8.1%|GRASIM.NS:8.1%|WIPRO.NS:8.1%|TORNTPHARM.NS:8.1%,PharmaĂ—2.0|MetalsĂ—2.0|CementĂ—2.0,BankingĂ—0.3|FinancialServicesĂ—0.3|AutomobilesĂ—0.3,0.5,False,0.3,0.3,0.3,0.3,2.0,2.0,0.3,0.3,0.642,0.617,1.262,0.3,0.3,2.0,0.3
2023-08-03,RL,4309187.14,4287936.09,-0.493,757.587,8,0.0,72.09,15179.37,8,13,"ADANIPORTS.NS,BIOCON.NS,HINDALCO.NS,JSWSTEEL.NS","ACC.NS,ALKEM.NS,AMBUJACEM.NS,COALINDIA.NS,CUMMINSIND.NS,DRREDDY.NS,GODREJCP.NS,HINDUNILVR.NS,ITC.NS,MPHASIS.NS,POWERGRID.NS,TECHM.NS,WIPRO.NS",ADANIPORTS.NS:16.2%|GRASIM.NS:16.2%|BIOCON.NS:16.2%|TORNTPHARM.NS:16.2%|HINDALCO.NS:8.8%,MetalsĂ—2.0|PharmaĂ—1.6|CementĂ—1.5,ITĂ—0.3|BankingĂ—0.3|FinancialServicesĂ—0.3,0.5,False,0.3,0.3,0.3,0.3,1.458,2.0,0.3,0.3,0.3,1.423,0.3,0.3,0.3,1.556,0.3
2023-08-31,RL,4287936.09,4266640.83,-0.497,753.328,8,0.0,59.04,12214.33,8,4,"ALKEM.NS,CIPLA.NS,DRREDDY.NS,VEDL.NS","BIOCON.NS,GRASIM.NS,NMDC.NS,TORNTPHARM.NS",ADANIPORTS.NS:18.6%|DRREDDY.NS:13.6%|CIPLA.NS:13.6%|ALKEM.NS:13.6%|VEDL.NS:10.2%,MetalsĂ—2.0|CapitalGoodsĂ—1.6,ITĂ—0.3|BankingĂ—0.3|FinancialServicesĂ—0.3,0.5,False,0.3,0.3,0.3,0.3,0.785,2.0,0.3,0.3,0.3,1.641,0.3,0.3,0.3,0.831,0.3
2023-09-28,RL,4266640.83,4183449.75,-1.95,736.69,5,0.0,62.84,12657.01,5,5,"APOLLOHOSP.NS,MAXHEALTH.NS","ALKEM.NS,CIPLA.NS,DRREDDY.NS,HINDALCO.NS,VEDL.NS",ADANIPORTS.NS:20.0%|APOLLOHOSP.NS:20.0%|MAXHEALTH.NS:20.0%|SAIL.NS:20.0%|JSWSTEEL.NS:20.0%,MetalsĂ—2.0|CapitalGoodsĂ—2.0,ITĂ—0.3|BankingĂ—0.3|FinancialServicesĂ—0.3,0.5,False,0.3,0.3,0.741,0.3,0.3,2.0,0.3,0.3,0.3,2.0,0.3,0.3,0.3,0.3,0.3
2023-10-26,RL,4183449.75,4000855.88,-4.365,700.171,5,0.0,47.75,9215.62,3,4,"ABB.NS,HINDALCO.NS","APOLLOHOSP.NS,MAXHEALTH.NS",ADANIPORTS.NS:23.9%|ABB.NS:23.9%|JSWSTEEL.NS:17.4%|SAIL.NS:17.4%|HINDALCO.NS:17.4%,MetalsĂ—2.0|CapitalGoodsĂ—2.0,ITĂ—0.3|BankingĂ—0.3|FinancialServicesĂ—0.3,0.5,False,0.3,0.3,1.057,0.3,0.3,2.0,0.3,0.3,0.3,2.0,0.3,0.3,0.3,0.3,0.3
2023-11-23,RL,4466101.77,4448420.64,-0.396,789.684,8,0.0,66.18,12629.05,4,5,"AMBUJACEM.NS,DRREDDY.NS,SIEMENS.NS,VEDL.NS",ABB.NS,ADANIPORTS.NS:16.2%|SIEMENS.NS:16.2%|AMBUJACEM.NS:16.2%|DRREDDY.NS:16.2%|JSWSTEEL.NS:8.8%,MetalsĂ—2.0|CapitalGoodsĂ—1.8,ITĂ—0.3|BankingĂ—0.3|FinancialServicesĂ—0.3,0.5,False,0.3,0.3,0.3,0.3,0.64,2.0,0.3,0.3,0.3,1.771,0.3,0.3,0.3,0.663,0.3
2023-12-21,RL,4998528.08,4975472.56,-0.461,895.095,8,0.0,66.14,16468.16,7,6,"BIOCON.NS,CIPLA.NS,GRASIM.NS,SHREECEM.NS,TORNTPHARM.NS","ADANIPORTS.NS,AMBUJACEM.NS,HINDALCO.NS,SIEMENS.NS,VEDL.NS",GRASIM.NS:16.2%|SHREECEM.NS:16.2%|JSWSTEEL.NS:16.2%|SAIL.NS:16.2%|DRREDDY.NS:8.8%,MetalsĂ—2.0|PharmaĂ—1.7|CementĂ—1.7,ITĂ—0.3|BankingĂ—0.3|FinancialServicesĂ—0.3,0.5,False,0.3,0.3,0.3,0.3,1.703,2.0,0.3,0.3,0.3,1.34,0.3,0.3,0.3,1.739,0.3
2024-01-18,RL,5059608.88,5043681.95,-0.315,908.736,8,0.0,49.57,11376.69,7,5,"ADANIPORTS.NS,DIVISLAB.NS,HINDALCO.NS,SUNPHARMA.NS","BIOCON.NS,DRREDDY.NS,SAIL.NS,TORNTPHARM.NS",ADANIPORTS.NS:13.9%|SHREECEM.NS:13.9%|GRASIM.NS:13.9%|JSWSTEEL.NS:13.9%|HINDALCO.NS:13.9%,PharmaĂ—2.0|MetalsĂ—2.0|CementĂ—2.0,ITĂ—0.3|BankingĂ—0.3|FinancialServicesĂ—0.3,0.5,False,0.3,0.3,0.3,0.3,2.0,2.0,0.3,0.3,0.3,1.227,0.3,0.3,0.3,2.0,0.3
2024-02-15,RL,5183057.32,5155378.37,-0.534,931.076,8,0.0,76.67,19770.63,7,7,"ABB.NS,ALKEM.NS,BIOCON.NS,DRREDDY.NS,SIEMENS.NS,TORNTPHARM.NS","ADANIPORTS.NS,CIPLA.NS,GRASIM.NS,HINDALCO.NS,SHREECEM.NS,SUNPHARMA.NS",ABB.NS:19.3%|SIEMENS.NS:19.3%|JSWSTEEL.NS:19.3%|DIVISLAB.NS:8.4%|BIOCON.NS:8.4%,PharmaĂ—2.0|MetalsĂ—2.0|CementĂ—2.0,ITĂ—0.3|BankingĂ—0.3|FinancialServicesĂ—0.3,0.5,False,0.3,0.3,0.3,0.3,2.0,2.0,0.3,0.3,0.3,1.136,0.3,0.3,0.3,2.0,0.3
2024-03-14,RL,5430816.75,5400736.97,-0.554,980.147,5,0.0,78.97,21485.44,5,7,"FORTIS.NS,MAXHEALTH.NS,METROPOLIS.NS,SAIL.NS","ABB.NS,ALKEM.NS,BIOCON.NS,DIVISLAB.NS,DRREDDY.NS,SIEMENS.NS,TORNTPHARM.NS",JSWSTEEL.NS:23.9%|SAIL.NS:23.9%|FORTIS.NS:17.4%|MAXHEALTH.NS:17.4%|METROPOLIS.NS:17.4%,MetalsĂ—2.0|CapitalGoodsĂ—2.0,ITĂ—0.3|BankingĂ—0.3|FinancialServicesĂ—0.3,0.5,False,0.3,0.3,0.487,0.3,0.3,2.0,0.3,0.3,0.3,2.0,0.3,0.3,0.3,0.3,0.3
2024-04-12,RL,6223562.86,6183738.01,-0.64,1136.748,10,0.0,95.46,28445.91,10,5,"ACC.NS,CIPLA.NS,INFY.NS,NMDC.NS,PERSISTENT.NS,SUNPHARMA.NS,TCS.NS,TECHM.NS,TORNTPHARM.NS,WIPRO.NS","FORTIS.NS,JSWSTEEL.NS,MAXHEALTH.NS,METROPOLIS.NS,SAIL.NS",ACC.NS:15.7%|NMDC.NS:15.7%|TORNTPHARM.NS:11.4%|SUNPHARMA.NS:11.4%|CIPLA.NS:11.4%,PharmaĂ—2.0|MetalsĂ—2.0|CementĂ—2.0,BankingĂ—0.3|FinancialServicesĂ—0.3|FMCGĂ—0.3,0.5,False,0.3,0.3,0.3,0.3,2.0,2.0,0.3,0.3,0.3,0.712,1.093,0.3,0.3,2.0,0.3
2024-05-09,RL,6183738.01,6065225.46,-1.917,1113.045,8,0.0,70.23,18781.53,6,9,"AMBUJACEM.NS,DIVISLAB.NS,DRREDDY.NS,TATASTEEL.NS,ULTRACEMCO.NS","ACC.NS,INFY.NS,PERSISTENT.NS,SUNPHARMA.NS,TCS.NS,TECHM.NS,WIPRO.NS",ULTRACEMCO.NS:16.2%|AMBUJACEM.NS:16.2%|NMDC.NS:16.2%|TATASTEEL.NS:16.2%|CIPLA.NS:8.8%,MetalsĂ—2.0|CapitalGoodsĂ—1.5|PharmaĂ—1.3,ITĂ—0.3|BankingĂ—0.3|FinancialServicesĂ—0.3,0.5,False,0.3,0.3,0.3,0.3,1.228,2.0,0.3,0.3,0.3,1.498,0.3,0.3,0.3,1.28,0.3
2024-06-06,RL,6569477.67,6546235.6,-0.354,1209.247,8,8.0,60.81,16600.77,5,7,"ACC.NS,ALKEM.NS,JSWSTEEL.NS,SAIL.NS","CIPLA.NS,DRREDDY.NS,TATASTEEL.NS,ULTRACEMCO.NS",AMBUJACEM.NS:14.4%|ACC.NS:14.4%|SAIL.NS:10.5%|NMDC.NS:10.5%|JSWSTEEL.NS:10.5%,MetalsĂ—2.0|PharmaĂ—1.7|CementĂ—1.6,ITĂ—0.3|BankingĂ—0.3|FinancialServicesĂ—0.3,0.5,False,0.3,0.3,0.3,0.3,1.589,2.0,0.3,0.3,0.3,1.369,0.3,0.3,0.3,1.685,0.3
2024-07-04,RL,6861277.19,6843940.06,-0.253,1268.788,8,0.0,40.49,12384.13,6,5,"CIPLA.NS,DRREDDY.NS,SHREECEM.NS","ALKEM.NS,JSWSTEEL.NS,NMDC.NS",SAIL.NS:18.6%|SHREECEM.NS:13.6%|AMBUJACEM.NS:13.6%|ACC.NS:13.6%|CIPLA.NS:10.2%,PharmaĂ—2.0|MetalsĂ—2.0|CementĂ—2.0,ITĂ—0.3|BankingĂ—0.3|FinancialServicesĂ—0.3,0.5,False,0.3,0.3,0.3,0.3,2.0,2.0,0.3,0.3,0.3,1.284,0.3,0.3,0.3,2.0,0.3
2024-08-01,RL,6954610.07,6939682.35,-0.215,1287.936,8,0.0,32.19,10662.79,7,3,"HINDALCO.NS,NMDC.NS","DRREDDY.NS,SHREECEM.NS",ACC.NS:15.7%|AMBUJACEM.NS:15.7%|SAIL.NS:11.4%|NMDC.NS:11.4%|HINDALCO.NS:11.4%,PharmaĂ—2.0|MetalsĂ—2.0|CementĂ—2.0,ITĂ—0.3|BankingĂ—0.3|FinancialServicesĂ—0.3,0.5,False,0.3,0.3,0.3,0.3,2.0,2.0,0.3,0.3,0.3,1.239,0.3,0.3,0.3,2.0,0.3
2024-08-29,RL,6939682.35,6754626.55,-2.667,1250.925,5,0.0,80.18,26978.39,5,6,"APOLLOHOSP.NS,MAXHEALTH.NS,METROPOLIS.NS","ACC.NS,AMBUJACEM.NS,CIPLA.NS,DIVISLAB.NS,HINDALCO.NS,TORNTPHARM.NS",SAIL.NS:23.9%|NMDC.NS:23.9%|APOLLOHOSP.NS:17.4%|METROPOLIS.NS:17.4%|MAXHEALTH.NS:17.4%,MetalsĂ—2.0|CapitalGoodsĂ—2.0,ITĂ—0.3|BankingĂ—0.3|FinancialServicesĂ—0.3,0.5,False,0.3,0.3,0.581,0.3,0.3,2.0,0.3,0.3,0.3,2.0,0.3,0.3,0.3,0.3,0.3
2024-09-26,RL,7387800.64,7356533.08,-0.423,1371.307,8,0.0,67.34,22333.52,6,5,"ALKEM.NS,AMBUJACEM.NS,AUROPHARMA.NS,CIPLA.NS,DRREDDY.NS,SUNPHARMA.NS","APOLLOHOSP.NS,MAXHEALTH.NS,METROPOLIS.NS",AMBUJACEM.NS:19.3%|NMDC.NS:19.3%|SAIL.NS:19.3%|CIPLA.NS:8.4%|ALKEM.NS:8.4%,PharmaĂ—2.0|MetalsĂ—2.0|CementĂ—2.0,ITĂ—0.3|BankingĂ—0.3|FinancialServicesĂ—0.3,0.5,False,0.3,0.3,0.3,0.3,2.0,2.0,0.3,0.3,0.3,1.282,0.3,0.3,0.3,2.0,0.3
2024-10-24,RL,7356533.08,6747422.37,-8.28,1249.484,5,0.0,91.33,27857.48,5,7,"ABB.NS,APOLLOHOSP.NS,MAXHEALTH.NS,SIEMENS.NS","ALKEM.NS,AMBUJACEM.NS,AUROPHARMA.NS,CIPLA.NS,DRREDDY.NS,SAIL.NS,SUNPHARMA.NS",SIEMENS.NS:20.0%|ABB.NS:20.0%|APOLLOHOSP.NS:20.0%|MAXHEALTH.NS:20.0%|NMDC.NS:20.0%,MetalsĂ—2.0|CapitalGoodsĂ—2.0|HealthcareĂ—1.4,ITĂ—0.3|BankingĂ—0.3|FinancialServicesĂ—0.3,0.5,False,0.3,0.3,1.397,0.3,0.3,2.0,0.3,0.3,0.3,2.0,0.3,0.3,0.3,0.3,0.3
2024-11-21,RL,7245247.24,7215716.97,-0.408,1343.143,5,8.0,73.5,21092.31,4,4,"ADANIPORTS.NS,COALINDIA.NS,JSWSTEEL.NS","ABB.NS,MAXHEALTH.NS,SIEMENS.NS",ADANIPORTS.NS:22.0%|APOLLOHOSP.NS:22.0%|NMDC.NS:16.0%|COALINDIA.NS:16.0%|JSWSTEEL.NS:16.0%,MetalsĂ—2.0|CapitalGoodsĂ—2.0|HealthcareĂ—1.5,ITĂ—0.3|BankingĂ—0.3|FinancialServicesĂ—0.3,0.5,False,0.3,0.3,1.488,0.3,0.3,2.0,0.3,0.3,0.3,2.0,0.3,0.3,0.3,0.3,0.3
2024-12-19,RL,7382234.71,7342831.32,-0.534,1368.566,7,0.0,82.39,28145.88,6,5,"FORTIS.NS,LICHSGFIN.NS,MUTHOOTFIN.NS,PIIND.NS,SBILIFE.NS,SIEMENS.NS","APOLLOHOSP.NS,COALINDIA.NS,JSWSTEEL.NS,NMDC.NS",SIEMENS.NS:16.2%|ADANIPORTS.NS:16.2%|PIIND.NS:16.2%|FORTIS.NS:16.2%|MUTHOOTFIN.NS:11.8%,HealthcareĂ—2.0|ChemicalsĂ—1.9|CapitalGoodsĂ—1.5,ITĂ—0.3|BankingĂ—0.3|FMCGĂ—0.3,0.5,False,0.3,0.3,2.0,1.941,0.3,0.3,1.219,0.3,0.3,1.503,0.3,0.3,0.3,0.3,0.3
2025-01-16,RL,7342831.32,6914637.71,-5.831,1282.928,18,0.0,63.72,20714.04,13,7,"APOLLOHOSP.NS,ASIANPAINT.NS,BPCL.NS,CUMMINSIND.NS,DMART.NS,FEDERALBNK.NS,HDFCBANK.NS,HDFCLIFE.NS,ICICIBANK.NS,MAXHEALTH.NS,METROPOLIS.NS,PETRONET.NS,PIDILITIND.NS","ADANIPORTS.NS,SBILIFE.NS",FORTIS.NS:8.0%|PIIND.NS:8.0%|MUTHOOTFIN.NS:8.0%|SIEMENS.NS:8.0%|LICHSGFIN.NS:8.0%,HealthcareĂ—2.0|ChemicalsĂ—1.3|EnergyĂ—1.2,ITĂ—0.3|FMCGĂ—0.3|AutomobilesĂ—0.3,0.5,False,1.065,0.3,2.0,1.329,0.3,0.3,0.643,0.565,0.3,0.951,0.3,1.229,0.3,0.3,0.3
2025-02-13,RL,7068854.78,7036107.17,-0.463,1307.221,7,0.0,70.62,23391.04,7,12,AARTIIND.NS,"ASIANPAINT.NS,BPCL.NS,CUMMINSIND.NS,DMART.NS,FEDERALBNK.NS,FORTIS.NS,HDFCBANK.NS,HDFCLIFE.NS,ICICIBANK.NS,LICHSGFIN.NS,PETRONET.NS,PIDILITIND.NS",SIEMENS.NS:16.2%|PIIND.NS:16.2%|AARTIIND.NS:16.2%|MUTHOOTFIN.NS:16.2%|APOLLOHOSP.NS:11.8%,ChemicalsĂ—1.9|HealthcareĂ—1.9|CapitalGoodsĂ—1.6,ITĂ—0.3|BankingĂ—0.3|FMCGĂ—0.3,0.5,False,0.3,0.3,1.855,1.91,0.3,0.3,1.533,0.3,0.3,1.576,0.3,0.3,0.3,0.3,0.3
2025-03-13,RL,7036107.17,6734878.37,-4.281,1246.976,7,0.0,48.12,15070.43,4,6,"ABB.NS,FORTIS.NS,SBILIFE.NS","AARTIIND.NS,APOLLOHOSP.NS,METROPOLIS.NS",SIEMENS.NS:14.3%|ABB.NS:14.3%|PIIND.NS:14.3%|MUTHOOTFIN.NS:14.3%|SBILIFE.NS:14.3%,HealthcareĂ—2.0|ChemicalsĂ—1.9|CapitalGoodsĂ—1.4,ITĂ—0.3|BankingĂ—0.3|FMCGĂ—0.3,0.5,False,0.3,0.3,2.0,1.891,0.3,0.3,1.208,0.3,0.3,1.446,0.3,0.3,0.3,0.3,0.3
2025-04-11,RL,7268312.87,7251783.19,-0.227,1350.357,7,12.0,45.58,11805.95,3,6,"CHOLAFIN.NS,LT.NS","MAXHEALTH.NS,SBILIFE.NS",PIIND.NS:14.2%|MUTHOOTFIN.NS:14.2%|CHOLAFIN.NS:14.2%|FORTIS.NS:14.2%|ABB.NS:10.4%,ChemicalsĂ—1.9|HealthcareĂ—1.7|CapitalGoodsĂ—1.5,ITĂ—0.3|BankingĂ—0.3|FMCGĂ—0.3,0.5,False,0.3,0.3,1.729,1.912,0.3,0.3,1.482,0.3,0.3,1.521,0.3,0.3,0.3,0.3,0.3
2025-05-08,RL,7517678.16,7492278.09,-0.338,1398.456,18,5.02,53.07,18143.41,13,7,"ALKEM.NS,BAJAJ-AUTO.NS,BHARTIARTL.NS,COLPAL.NS,DABUR.NS,HDFCLIFE.NS,HEROMOTOCO.NS,ITC.NS,M&M.NS,MPHASIS.NS,SUNPHARMA.NS,TORNTPHARM.NS,VEDL.NS","FORTIS.NS,LT.NS",MUTHOOTFIN.NS:8.0%|PIIND.NS:8.0%|SIEMENS.NS:8.0%|ABB.NS:8.0%|ITC.NS:8.0%,ITĂ—2.0|FinancialServicesĂ—2.0|FMCGĂ—2.0,BankingĂ—0.3|EnergyĂ—0.3|ConsumerDiscretionaryĂ—0.3,0.5,False,0.3,0.3,0.3,0.407,2.0,1.6,2.0,0.3,2.0,1.656,2.0,0.3,1.535,2.0,2.0
2025-06-05,RL,7783875.09,7772368.7,-0.148,1454.474,19,5.03,20.03,8218.8,11,11,"BIOCON.NS,LICHSGFIN.NS,TCS.NS,ULTRACEMCO.NS","ALKEM.NS,MUTHOOTFIN.NS,PIIND.NS",SUNPHARMA.NS:8.0%|ULTRACEMCO.NS:8.0%|COLPAL.NS:8.0%|SIEMENS.NS:7.8%|ABB.NS:7.8%,ITĂ—2.0|FinancialServicesĂ—2.0|FMCGĂ—2.0,BankingĂ—0.3|EnergyĂ—0.3|ConsumerDiscretionaryĂ—0.3,0.5,False,0.3,0.3,0.3,0.392,2.0,1.782,2.0,0.3,2.0,1.787,2.0,0.3,2.0,2.0,2.0
2025-07-03,RL,7956809.55,7950213.92,-0.083,1490.043,18,5.05,11.67,4711.22,10,11,"ALKEM.NS,PERSISTENT.NS","BIOCON.NS,M&M.NS,MPHASIS.NS",PERSISTENT.NS:8.1%|SUNPHARMA.NS:7.8%|ULTRACEMCO.NS:7.8%|COLPAL.NS:7.8%|SIEMENS.NS:7.6%,ITĂ—2.0|FinancialServicesĂ—2.0|FMCGĂ—2.0,BankingĂ—0.3|EnergyĂ—0.3|ConsumerDiscretionaryĂ—0.3,0.5,False,0.3,0.3,0.3,0.393,2.0,1.819,2.0,0.3,2.0,1.748,2.0,0.3,2.0,2.0,2.0
2025-07-31,RL,7950213.92,7694254.21,-3.22,1438.851,18,5.02,38.23,14033.24,14,10,"COALINDIA.NS,COFORGE.NS,JSWSTEEL.NS,MARUTI.NS,MPHASIS.NS,TATASTEEL.NS","BHARTIARTL.NS,COLPAL.NS,DABUR.NS,HEROMOTOCO.NS,ITC.NS,TCS.NS",MPHASIS.NS:8.0%|TATASTEEL.NS:8.0%|PERSISTENT.NS:7.9%|ULTRACEMCO.NS:7.7%|SIEMENS.NS:7.5%,ITĂ—2.0|AutomobilesĂ—2.0|CementĂ—2.0,BankingĂ—0.3|FMCGĂ—0.3|EnergyĂ—0.3,0.5,False,0.3,0.3,0.3,0.59,2.0,1.554,1.948,0.3,0.3,1.724,2.0,0.3,0.3,1.892,2.0
2025-08-28,RL,7712007.9,7667888.37,-0.572,1433.578,10,0.0,82.31,31514.04,10,14,"AARTIIND.NS,ADANIPORTS.NS,BHEL.NS,DEEPAKNTR.NS,GRASIM.NS,NMDC.NS","ALKEM.NS,BAJAJ-AUTO.NS,COFORGE.NS,HDFCLIFE.NS,JSWSTEEL.NS,MARUTI.NS,MPHASIS.NS,PERSISTENT.NS,SIEMENS.NS,SUNPHARMA.NS,TATASTEEL.NS,TORNTPHARM.NS,ULTRACEMCO.NS,VEDL.NS",GRASIM.NS:10.9%|AARTIIND.NS:10.9%|DEEPAKNTR.NS:10.9%|LICHSGFIN.NS:10.9%|CHOLAFIN.NS:10.9%,FinancialServicesĂ—2.0|CementĂ—1.8|CapitalGoodsĂ—1.7,ITĂ—0.3|BankingĂ—0.3|FMCGĂ—0.3,0.5,False,0.3,0.3,0.333,1.567,1.759,0.486,1.99,0.3,0.3,1.704,0.3,0.3,0.3,0.3,0.3
2025-09-25,RL,8127620.43,8092541.58,-0.432,1518.508,10,0.0,64.68,25056.0,6,10,"AMBUJACEM.NS,CUMMINSIND.NS,HINDALCO.NS,PIIND.NS,SBILIFE.NS,ULTRACEMCO.NS","AARTIIND.NS,ADANIPORTS.NS,CHOLAFIN.NS,DEEPAKNTR.NS,GRASIM.NS,NMDC.NS",ULTRACEMCO.NS:10.9%|AMBUJACEM.NS:10.9%|PIIND.NS:10.9%|LICHSGFIN.NS:10.9%|SBILIFE.NS:10.9%,CementĂ—2.0|FinancialServicesĂ—1.9|CapitalGoodsĂ—1.7,ITĂ—0.3|BankingĂ—0.3|FMCGĂ—0.3,0.5,False,0.3,0.3,0.3,1.427,2.0,0.475,1.884,0.3,0.3,1.662,0.3,0.3,0.3,0.3,0.3
2025-10-23,RL,8161490.18,8144732.47,-0.205,1528.946,19,5.02,29.36,11969.75,12,8,"ALKYLAMINE.NS,BAJAJ-AUTO.NS,DIVISLAB.NS,DRREDDY.NS,EICHERMOT.NS,GRASIM.NS,MARUTI.NS,MUTHOOTFIN.NS,SUNPHARMA.NS,TVSMOTOR.NS",COALINDIA.NS,LICHSGFIN.NS:8.0%|PIIND.NS:8.0%|HINDALCO.NS:8.0%|AMBUJACEM.NS:8.0%|ULTRACEMCO.NS:8.0%,CementĂ—2.0|FinancialServicesĂ—1.7|CapitalGoodsĂ—1.7,ITĂ—0.3|BankingĂ—0.3|FMCGĂ—0.3,0.5,False,0.3,0.3,0.3,1.112,2.0,0.699,1.719,0.3,0.3,1.653,0.3,0.3,0.3,1.068,0.83
2025-11-20,RL,8304786.65,8285454.4,-0.233,1557.091,17,5.0,32.56,13808.67,13,11,"COLPAL.NS,MPHASIS.NS,PERSISTENT.NS,SIEMENS.NS,TECHM.NS","ABB.NS,CUMMINSIND.NS,DIVISLAB.NS,DRREDDY.NS,MARUTI.NS,MUTHOOTFIN.NS,SBILIFE.NS",MPHASIS.NS:8.0%|TECHM.NS:8.0%|LICHSGFIN.NS:8.0%|PIIND.NS:8.0%|HINDALCO.NS:8.0%,ITĂ—2.0|FinancialServicesĂ—2.0|AutomobilesĂ—2.0,BankingĂ—0.3|EnergyĂ—0.3|ConsumerDiscretionaryĂ—0.3,0.5,False,0.3,0.3,0.3,0.445,2.0,1.627,2.0,0.3,1.39,1.666,2.0,0.3,1.14,2.0,2.0
2025-12-18,RL,8285454.4,8192100.09,-1.127,1538.42,7,0.0,83.77,33050.24,7,14,"ABB.NS,DEEPAKNTR.NS,FORTIS.NS,MAXHEALTH.NS","ALKYLAMINE.NS,AMBUJACEM.NS,BAJAJ-AUTO.NS,COLPAL.NS,EICHERMOT.NS,GRASIM.NS,HINDALCO.NS,MPHASIS.NS,PERSISTENT.NS,PIIND.NS,SUNPHARMA.NS,TECHM.NS,TVSMOTOR.NS,ULTRACEMCO.NS",DEEPAKNTR.NS:16.2%|LICHSGFIN.NS:16.2%|MAXHEALTH.NS:16.2%|FORTIS.NS:16.2%|BHEL.NS:11.8%,ChemicalsĂ—1.8|CapitalGoodsĂ—1.6|HealthcareĂ—1.4,ITĂ—0.3|BankingĂ—0.3|FMCGĂ—0.3,0.5,False,0.3,0.3,1.426,1.848,0.3,0.3,1.413,0.3,0.3,1.616,0.3,0.3,0.3,0.3,0.3
2026-01-15,RL,8245405.94,8206227.78,-0.475,1541.246,16,0.0,69.19,27984.36,12,7,"ACC.NS,ALKEM.NS,CIPLA.NS,COALINDIA.NS,CUMMINSIND.NS,GRASIM.NS,HEROMOTOCO.NS,M&M.NS,PIIND.NS,SUNPHARMA.NS,TATASTEEL.NS,TVSMOTOR.NS","BHEL.NS,FORTIS.NS,MAXHEALTH.NS",SIEMENS.NS:8.0%|ABB.NS:8.0%|HEROMOTOCO.NS:8.0%|GRASIM.NS:8.0%|DEEPAKNTR.NS:8.0%,CementĂ—2.0|FinancialServicesĂ—1.7|CapitalGoodsĂ—1.6,ITĂ—0.3|BankingĂ—0.3|FMCGĂ—0.3,0.5,False,0.3,0.3,0.3,1.218,2.0,0.524,1.662,0.3,0.3,1.603,0.3,0.3,0.3,1.187,0.736
2026-02-12,RL,8410549.63,8390773.25,-0.235,1578.155,18,0.17,33.61,14125.84,13,10,"ALKYLAMINE.NS,AMBUJACEM.NS,HDFCLIFE.NS,JSWSTEEL.NS,NMDC.NS,NTPC.NS,SHREECEM.NS","ABB.NS,ACC.NS,HEROMOTOCO.NS,M&M.NS,TVSMOTOR.NS",HDFCLIFE.NS:8.1%|AMBUJACEM.NS:8.1%|SIEMENS.NS:8.0%|GRASIM.NS:8.0%|DEEPAKNTR.NS:8.0%,CementĂ—2.0|CapitalGoodsĂ—1.8|FinancialServicesĂ—1.6,ITĂ—0.3|BankingĂ—0.3|FMCGĂ—0.3,0.5,False,0.3,0.3,0.3,1.34,2.0,0.402,1.584,0.3,0.3,1.799,0.3,0.3,0.3,0.794,0.3
2026-03-12,RL,8390773.25,8120538.53,-3.221,1524.108,7,0.0,93.01,36941.03,7,15,"BAJAJFINSV.NS,BHEL.NS,FORTIS.NS,MAXHEALTH.NS","ALKEM.NS,AMBUJACEM.NS,CIPLA.NS,COALINDIA.NS,CUMMINSIND.NS,GRASIM.NS,HDFCLIFE.NS,JSWSTEEL.NS,LICHSGFIN.NS,NMDC.NS,PIIND.NS,SHREECEM.NS,SIEMENS.NS,SUNPHARMA.NS,TATASTEEL.NS",BHEL.NS:14.3%|NTPC.NS:14.3%|DEEPAKNTR.NS:14.3%|ALKYLAMINE.NS:14.3%|BAJAJFINSV.NS:14.3%,HealthcareĂ—2.0|ChemicalsĂ—1.6,ITĂ—0.3|BankingĂ—0.3|FMCGĂ—0.3,0.5,False,0.3,0.3,2.0,1.588,0.3,0.3,0.86,0.3,0.3,1.068,0.3,0.3,0.3,0.3,0.3
